{"content":[{"id":"76219e86","settings":{"background_background":"classic","background_image":{"id":3108,"url":"https:\/\/urbanfeatconstruction.com\/wp-content\/uploads\/2022\/10\/New-Project-5.jpg","alt":"","source":"library"},"background_position":"center center","background_repeat":"no-repeat","background_size":"cover","background_overlay_background":"classic","background_overlay_opacity":{"unit":"px","size":0.64},"padding":{"unit":"px","top":"240","right":"0","bottom":"160","left":"0","isLinked":""},"padding_mobile":{"unit":"px","top":"160","right":"24","bottom":"80","left":"24","isLinked":""},"gap":"no","padding_tablet":{"unit":"px","top":"160","right":"40","bottom":"120","left":"40","isLinked":""},"__globals__":{"background_overlay_color":"globals\/colors?id=astglobalcolor2"}},"elements":[{"id":"47371732","settings":{"_column_size":"100","space_between_widgets":"10","background_background":"classic"},"elements":[{"id":"d1d8a8f","settings":{"title":"Water Proofing <span style=\"color:#33CC33;\">Expert Contractor <\/span> ","typography_font_size_mobile":{"unit":"px","size":""},"typography_font_size_tablet":{"unit":"px","size":""},"title_color":"#ffffff","header_size":"h1","align_mobile":"center"},"elements":[],"isInner":false,"widgetType":"heading","elType":"widget"}],"isInner":"","elType":"column"}],"isInner":"","elType":"section"},{"id":"7d22ccf0","settings":{"structure":"20","margin":{"unit":"px","top":"0","right":0,"bottom":"128","left":0,"isLinked":""},"padding":{"unit":"px","top":"104","right":"0","bottom":"0","left":"0","isLinked":""},"padding_mobile":{"unit":"px","top":"64","right":"24","bottom":"64","left":"24","isLinked":""},"gap":"no","padding_tablet":{"unit":"px","top":"80","right":"40","bottom":"80","left":"40","isLinked":""},"background_color":"#FFFFFF","background_color_stop":{"unit":"%","size":"80","sizes":[]},"background_color_b":"#F4F8FD","background_color_b_stop":{"unit":"%","size":"80","sizes":[]},"z_index":"1","margin_tablet":{"unit":"px","top":"0","right":"0","bottom":"0","left":"0","isLinked":""}},"elements":[{"id":"7c97248a","settings":{"_column_size":"50","margin_tablet":{"unit":"px","top":"40","right":"0","bottom":"0","left":"40","isLinked":""},"_inline_size_tablet":"100","border_border":"solid","border_width":{"unit":"px","top":"4","right":"4","bottom":"4","left":"4","isLinked":"1"},"margin":{"unit":"px","top":"40","right":"40","bottom":"0","left":"40","isLinked":""},"margin_mobile":{"unit":"px","top":"16","right":"0","bottom":"0","left":"16","isLinked":""},"__globals__":{"border_color":"globals\/colors?id=astglobalcolor0"}},"elements":[{"id":"78fb54ae","settings":{"image":{"id":3728,"url":"https:\/\/urbanfeatconstruction.com\/wp-content\/uploads\/2022\/10\/water-pipe-leaking-water-880975.jpg","alt":"water pipe, leaking, water-880975.jpg","source":"library"},"image_size":"custom","image_custom_dimension":{"width":"640","height":"720"},"image_box_shadow_box_shadow_type":"yes","image_box_shadow_box_shadow":{"horizontal":"64","vertical":"64","blur":"160","spread":"-40","color":"rgba(0, 0, 0, 0.24)"},"_margin":{"unit":"px","top":"-44","right":"0","bottom":"0","left":"-44","isLinked":""},"_margin_mobile":{"unit":"px","top":"-20","right":"0","bottom":"0","left":"-20","isLinked":""},"_padding":{"unit":"px","top":"0","right":"44","bottom":"44","left":"0","isLinked":""},"_padding_mobile":{"unit":"px","top":"0","right":"20","bottom":"20","left":"0","isLinked":""}},"elements":[],"isInner":false,"widgetType":"image","elType":"widget"}],"isInner":"","elType":"column"},{"id":"7aafdff2","settings":{"_column_size":"50","margin_tablet":{"unit":"px","top":"0","right":"0","bottom":"0","left":"0","isLinked":""},"_inline_size_tablet":"100","margin":{"unit":"px","top":"0","right":"0","bottom":"0","left":"40","isLinked":""},"padding":{"unit":"px","top":"56","right":"0","bottom":"0","left":"0","isLinked":""}},"elements":[{"id":"6250dff9","settings":{"title":"Waterproofing Is The Best Solution For Water Leakage\n","typography_font_size_mobile":{"unit":"px","size":""},"typography_font_size_tablet":{"unit":"px","size":""}},"elements":[],"isInner":false,"widgetType":"heading","elType":"widget"},{"id":"3ce3806a","settings":{"width":{"unit":"px","size":"64","sizes":[]},"text":"Divider","weight":{"unit":"px","size":"4","sizes":[]},"gap":{"unit":"px","size":"0","sizes":[]},"__globals__":{"color":"globals\/colors?id=astglobalcolor0"}},"elements":[],"isInner":false,"widgetType":"divider","elType":"widget"},{"id":"10475153","settings":{"editor":"<p>Waterproofing is important, especially for the terrace, bathroom and basement. It works to protect the structure from water damage caused by rain, moisture and leaks and can result in serious issues to a building\u2019s structure and appearance. When it comes to <b>terrace waterproofing in Lucknow<\/b>, it is essential to protect the structure from water damage caused by rain and moisture. Leaks in the terrace can lead to serious issues for the building's structure and appearance, not to mention the potential health hazards for those living or working in the affected area. The cost of <b>roof waterproofing in Lucknow <\/b>can vary, but investing in this service can save you from costly repairs and potential health risks down the road.<\/p><p><span style=\"font-weight: 400;\">\u00a0<\/span><\/p>","_margin":{"unit":"px","top":"0","right":"0","bottom":"-8","left":"0","isLinked":""},"_margin_tablet":{"unit":"px","top":"0","right":"80","bottom":"0","left":"0","isLinked":""},"_margin_mobile":{"unit":"px","top":"0","right":"16","bottom":"0","left":"0","isLinked":""},"align":"justify"},"elements":[],"isInner":false,"widgetType":"text-editor","elType":"widget"},{"id":"6f242b8a","settings":{"structure":"20","gap":"no","margin_mobile":{"unit":"px","top":"-16","right":"0","bottom":"0","left":"0","isLinked":""},"hide_desktop":"hidden-desktop","hide_tablet":"hidden-tablet","hide_mobile":"hidden-mobile"},"elements":[{"id":"3dce7019","settings":{"_column_size":"50","margin_mobile":{"unit":"px","top":"0","right":"0","bottom":"16","left":"0","isLinked":""}},"elements":[{"id":"702aaf98","settings":{"icon_list":[{"text":"Years of Experience","icon":"fa fa-arrow-circle-o-right","_id":"xzwxkw3","selected_icon":{"value":"fas fa-check-circle","library":"fa-solid"},"__fa4_migrated":{"selected_icon":"1"}},{"text":"Innovative Ideas ","icon":"fa fa-arrow-circle-o-right","_id":"7xytbu6","selected_icon":{"value":"fas fa-check-circle","library":"fa-solid"},"__fa4_migrated":{"selected_icon":"1"}}],"space_between":{"unit":"px","size":"8"},"icon_align":"left","icon_size":{"unit":"px","size":"16"},"icon_align_mobile":"left","text_indent":{"unit":"px","size":"8","sizes":[]},"icon_typography_typography":"custom","icon_typography_font_weight":"600","__globals__":{"icon_color":"globals\/colors?id=astglobalcolor0"}},"elements":[],"isInner":false,"widgetType":"icon-list","elType":"widget"}],"isInner":"1","elType":"column"},{"id":"6ed5c26c","settings":{"_column_size":"50"},"elements":[{"id":"44b34643","settings":{"icon_list":[{"text":"Team of Expertise","icon":"fa fa-arrow-circle-o-right","_id":"xzwxkw3","selected_icon":{"value":"fas fa-check-circle","library":"fa-solid"},"__fa4_migrated":{"selected_icon":"1"}},{"text":"24\/7 Assistance","icon":"fa fa-arrow-circle-o-right","_id":"7xytbu6","selected_icon":{"value":"fas fa-check-circle","library":"fa-solid"},"__fa4_migrated":{"selected_icon":"1"}}],"space_between":{"unit":"px","size":"8"},"icon_align":"left","icon_size":{"unit":"px","size":"16"},"icon_align_mobile":"left","text_indent":{"unit":"px","size":"8","sizes":[]},"icon_typography_typography":"custom","icon_typography_font_weight":"600","__globals__":{"icon_color":"globals\/colors?id=astglobalcolor0"}},"elements":[],"isInner":false,"widgetType":"icon-list","elType":"widget"}],"isInner":"1","elType":"column"}],"isInner":"1","elType":"section"}],"isInner":"","elType":"column"}],"isInner":"","elType":"section"},{"id":"25033021","settings":[],"elements":[{"id":"32bec4f0","settings":{"_column_size":100,"_inline_size":null},"elements":[{"id":"76cb78e3","settings":{"editor":"<p>At<strong> URBANFEAT CONSTRUCTION,<\/strong> our team of experts provides top-notch waterproofing services for terraces, bathrooms and basements. We specialize in applying waterproofing, sheet metal, deck coating, air barriers, and roofing to protect the structure from water damage caused by rain, moisture and leaks which has made us the, <b>Best &amp; Expert Waterproofing Service Contractors nearby. <\/b>Our division of Roofing, Waterproofing and Sheet Metal will take the burden and inconvenience of waterproofing off your mind. We pride ourselves in offering honest estimates, free inspections, and solutions to fit most budgets. Whether your building has soft, worn, cracked, or leaked decks, we can expertly handle every aspect of your deck restoration, from demolition and removal of your plywood substrate, slope corrections, filling in low spots, installing flashing to prevent leaks, and correcting drainage systems.<\/p><p>We also specialize in installing a wide range of Roof Coating Systems including single ply, sheet metal roofing, residential, and commercial. With a variety of options, colours, designs, and technologies to choose from, we can help you select the best roofing system for your needs. If you're looking for <b>waterproofing services near you<\/b> <b>Urbanfeat is just a call away<\/b>. Contact us today to schedule your free inspection.<\/p><p>\u00a0<\/p>","_margin":{"unit":"px","top":"0","right":"0","bottom":"-8","left":"0","isLinked":""},"_margin_tablet":{"unit":"px","top":"0","right":"80","bottom":"0","left":"0","isLinked":""},"_margin_mobile":{"unit":"px","top":"0","right":"16","bottom":"0","left":"0","isLinked":""},"align":"justify"},"elements":[],"isInner":false,"widgetType":"text-editor","elType":"widget"}],"isInner":false,"elType":"column"}],"isInner":false,"elType":"section"},{"id":"76da2ab7","settings":{"gap":"no","custom_height":{"unit":"px","size":1000},"content_position":"middle","padding":{"unit":"px","top":"100","right":"0","bottom":"100","left":"0","isLinked":false},"padding_tablet":{"unit":"px","top":"100","right":"25","bottom":"100","left":"25","isLinked":false},"padding_mobile":{"unit":"px","top":"50","right":"20","bottom":"50","left":"20","isLinked":false}},"elements":[{"id":"16f7559a","settings":{"_column_size":100},"elements":[{"id":"5fcfb1b0","settings":{"title":"We specialize in four types of waterproofing methods as follows-\n","align":"center","title_color":"#000000","typography_typography":"custom","typography_font_size":{"unit":"px","size":65},"typography_font_weight":"900","typography_line_height":{"unit":"em","size":1.2},"typography_font_size_mobile":{"unit":"px","size":45},"header_size":"h4","typography_font_size_tablet":{"unit":"px","size":45}},"elements":[],"isInner":false,"widgetType":"heading","elType":"widget"},{"id":"70dd40c","settings":{"structure":"20","padding":{"unit":"px","top":"40","right":"0","bottom":"0","left":"0","isLinked":false},"gap":"no","content_position":"middle"},"elements":[{"id":"31cedd42","settings":{"_column_size":50,"_inline_size":null,"margin":{"unit":"px","top":"0","right":"0","bottom":"0","left":"0","isLinked":true},"padding":{"unit":"px","top":"0","right":"0","bottom":"0","left":"0","isLinked":true},"_inline_size_tablet":100},"elements":[{"id":"6c441cd4","settings":{"image":{"id":4156,"url":"https:\/\/urbanfeatconstruction.com\/wp-content\/uploads\/2023\/02\/CEMENTITIOUS-COATING.jpg","alt":"","source":"library"},"image_size":"medium_large"},"elements":[],"isInner":false,"widgetType":"image","elType":"widget"}],"isInner":true,"elType":"column"},{"id":"36513043","settings":{"_column_size":50,"_inline_size":null,"padding":{"unit":"px","top":"15","right":"55","bottom":"25","left":"55","isLinked":false},"padding_mobile":{"unit":"px","top":"35","right":"35","bottom":"35","left":"35","isLinked":true},"_inline_size_tablet":100},"elements":[{"id":"5440829b","settings":{"title":"Cement Based Waterproofing Method\n","align":"center","title_color":"#000000","typography_typography":"custom","typography_font_size":{"unit":"px","size":25},"typography_font_weight":"600"},"elements":[],"isInner":false,"widgetType":"heading","elType":"widget"},{"id":"17cae457","settings":{"editor":"<p><span style=\"font-weight: 400;\">Cementitious waterproofing, also known as cement-based waterproofing, is a method used to prevent water from penetrating concrete structures and causing damage. This technique involves applying a mixture of cement, sand, and a waterproofing compound onto the surface of the concrete, creating a barrier that repels water and protects the structure from damage.<\/span><\/p><p><span style=\"font-weight: 400;\">Urbanfeats provides excellent cement-based waterproofing services for its clients. We use the latest techniques and materials to ensure that your concrete structures are protected from water damage. Their team of experts has years of experience in the field and can provide a comprehensive solution to any waterproofing needs.<\/span><\/p>","align":"justify","typography_typography":"custom","typography_font_size":{"unit":"px","size":16},"typography_font_weight":"300","typography_line_height":{"unit":"em","size":1.6},"__globals__":{"text_color":"globals\/colors?id=5646cc51"}},"elements":[],"isInner":false,"widgetType":"text-editor","elType":"widget"}],"isInner":true,"elType":"column"}],"isInner":true,"elType":"section"},{"id":"f23597f","settings":{"padding":{"unit":"px","top":"40","right":"0","bottom":"0","left":"0","isLinked":false},"gap":"no","content_position":"middle"},"elements":[{"id":"3efd0106","settings":{"_column_size":100,"_inline_size":null,"padding":{"unit":"px","top":"15","right":"55","bottom":"25","left":"55","isLinked":false},"padding_mobile":{"unit":"px","top":"35","right":"35","bottom":"35","left":"35","isLinked":true}},"elements":[{"id":"3f06b2c2","settings":{"editor":"<p><span style=\"font-weight: 400;\">One of the key reasons to opt for Urbanfeats is their commitment to quality. They use only the best materials and techniques to ensure that your structures are protected from water damage for years to come. Additionally, their team of experts will work with you to create a tailored solution that fits your specific needs and budget.<\/span><\/p><p><span style=\"font-weight: 400;\">Another reason to choose Urbanfeats is its competitive pricing. They offer affordable, cost-effective solutions that won't break the bank. And, with their commitment to quality, you can rest assured that you're getting the best value for your money.<\/span><\/p><p><span style=\"font-weight: 400;\">In conclusion, if you want to protect your concrete structures from water damage, cement-based waterproofing is an excellent option. And if you're looking for high-quality, cost-effective services, Urbanfeats is the company to turn to.<\/span><\/p>","align":"justify","typography_typography":"custom","typography_font_size":{"unit":"px","size":16},"typography_font_weight":"300","typography_line_height":{"unit":"em","size":1.6},"__globals__":{"text_color":"globals\/colors?id=5646cc51"}},"elements":[],"isInner":false,"widgetType":"text-editor","elType":"widget"}],"isInner":true,"elType":"column"}],"isInner":true,"elType":"section"},{"id":"1b9b82bc","settings":{"structure":"20","gap":"no","content_position":"middle","reverse_order_mobile":"reverse-mobile"},"elements":[{"id":"777c2db7","settings":{"_column_size":50,"_inline_size":null,"padding":{"unit":"px","top":"40","right":"55","bottom":"25","left":"55","isLinked":false},"padding_mobile":{"unit":"px","top":"35","right":"35","bottom":"35","left":"35","isLinked":true},"_inline_size_tablet":100},"elements":[{"id":"142cc59f","settings":{"title":"Bitumen Membrane Waterproofing Method","align":"center","title_color":"#000000","typography_typography":"custom","typography_font_size":{"unit":"px","size":25},"typography_font_weight":"600"},"elements":[],"isInner":false,"widgetType":"heading","elType":"widget"},{"id":"4a1715f","settings":{"editor":"<p><span style=\"font-weight: 400;\">Bitumen Membrane Waterproofing is a method of waterproofing a structure by applying a layer of bitumen-based material onto a substrate, typically a roof or a deck. The bitumen provides a barrier against water, protecting the structure from moisture damage.<\/span><\/p><p><span style=\"font-weight: 400;\">Urbanfeats is a company that offers high-quality Bitumen Membrane Waterproofing services. They have a team of experienced professionals who are knowledgeable about the latest waterproofing techniques and materials. By choosing Urbanfeats for your Bitumen Membrane Waterproofing needs, you can be sure that your structure will be protected against moisture damage.<\/span><\/p>","align":"justify","typography_typography":"custom","typography_font_size":{"unit":"px","size":16},"typography_font_weight":"300","typography_line_height":{"unit":"em","size":1.6},"__globals__":{"text_color":"globals\/colors?id=5646cc51"}},"elements":[],"isInner":false,"widgetType":"text-editor","elType":"widget"}],"isInner":true,"elType":"column"},{"id":"1dd8b448","settings":{"_column_size":50,"_inline_size":null,"margin":{"unit":"px","top":"0","right":"0","bottom":"0","left":"0","isLinked":true},"padding":{"unit":"px","top":"0","right":"0","bottom":"0","left":"0","isLinked":true},"_inline_size_tablet":100},"elements":[{"id":"6852b3a4","settings":{"image":{"id":4172,"url":"https:\/\/urbanfeatconstruction.com\/wp-content\/uploads\/2023\/02\/BITUMINOUS-MEMBRANE.jpg","alt":"","source":"library"}},"elements":[],"isInner":false,"widgetType":"image","elType":"widget"}],"isInner":true,"elType":"column"}],"isInner":true,"elType":"section"},{"id":"42c8ca18","settings":{"padding":{"unit":"px","top":"40","right":"0","bottom":"0","left":"0","isLinked":false},"gap":"no","content_position":"middle"},"elements":[{"id":"30817134","settings":{"_column_size":100,"_inline_size":null,"padding":{"unit":"px","top":"15","right":"55","bottom":"25","left":"55","isLinked":false},"padding_mobile":{"unit":"px","top":"35","right":"35","bottom":"35","left":"35","isLinked":true}},"elements":[{"id":"337a88f5","settings":{"editor":"<p><span style=\"font-weight: 400;\">Additionally, Urbanfeats uses only top-quality materials, ensuring that your waterproofing solution will last for many years. They also offer a warranty for their services, giving you peace of mind that your investment is protected.<\/span><\/p><p><span style=\"font-weight: 400;\">In conclusion, if you're looking for a reliable and effective solution for waterproofing your structure, consider opting for Urbanfeats Bitumen Membrane Waterproofing services. With their expertise and high-quality materials, you can trust that your structure will be protected against moisture damage for years to come.<\/span><\/p>","align":"justify","typography_typography":"custom","typography_font_size":{"unit":"px","size":16},"typography_font_weight":"300","typography_line_height":{"unit":"em","size":1.6},"__globals__":{"text_color":"globals\/colors?id=5646cc51"}},"elements":[],"isInner":false,"widgetType":"text-editor","elType":"widget"}],"isInner":true,"elType":"column"}],"isInner":true,"elType":"section"},{"id":"6d9ff6c2","settings":{"structure":"20","gap":"no","content_position":"middle","reverse_order_mobile":"reverse-mobile"},"elements":[{"id":"16cbaf5","settings":{"_column_size":50,"_inline_size":null,"margin":{"unit":"px","top":"0","right":"0","bottom":"0","left":"0","isLinked":true},"padding":{"unit":"px","top":"0","right":"0","bottom":"0","left":"0","isLinked":true},"_inline_size_tablet":100},"elements":[{"id":"7bfa0f54","settings":{"image":{"id":4179,"url":"https:\/\/urbanfeatconstruction.com\/wp-content\/uploads\/2023\/02\/PVC-WATERPROOFING-MEMBRANE-1.jpg","alt":"","source":"library"}},"elements":[],"isInner":false,"widgetType":"image","elType":"widget"}],"isInner":true,"elType":"column"},{"id":"5c462c2b","settings":{"_column_size":50,"_inline_size":null,"padding":{"unit":"px","top":"40","right":"55","bottom":"25","left":"55","isLinked":false},"padding_mobile":{"unit":"px","top":"35","right":"35","bottom":"35","left":"35","isLinked":true},"_inline_size_tablet":100},"elements":[{"id":"5a07b29f","settings":{"title":"PVC Waterproofing Membrane","align":"center","title_color":"#000000","typography_typography":"custom","typography_font_size":{"unit":"px","size":25},"typography_font_weight":"600"},"elements":[],"isInner":false,"widgetType":"heading","elType":"widget"},{"id":"4e71c6b7","settings":{"editor":"<p><span style=\"font-weight: 400;\">PVC Waterproofing Membrane is a type of waterproofing material that is commonly used in construction projects to prevent water infiltration. It is made of polyvinyl chloride (PVC) and is known for its durability, flexibility, and resistance to water and other elements.<\/span><\/p><p><span style=\"font-weight: 400;\">If you're looking for an effective and long-lasting solution for waterproofing your construction project, you should consider opting for Urbanfeat's waterproofing services. Our team of experts uses only the highest quality PVC Waterproofing Membranes to ensure that your structure is protected from water damage.<\/span><\/p>","align":"justify","typography_typography":"custom","typography_font_size":{"unit":"px","size":16},"typography_font_weight":"300","typography_line_height":{"unit":"em","size":1.6},"__globals__":{"text_color":"globals\/colors?id=5646cc51"}},"elements":[],"isInner":false,"widgetType":"text-editor","elType":"widget"}],"isInner":true,"elType":"column"}],"isInner":true,"elType":"section"},{"id":"4c060c78","settings":{"padding":{"unit":"px","top":"40","right":"0","bottom":"0","left":"0","isLinked":false},"gap":"no","content_position":"middle"},"elements":[{"id":"494b76da","settings":{"_column_size":100,"_inline_size":null,"padding":{"unit":"px","top":"15","right":"55","bottom":"25","left":"55","isLinked":false},"padding_mobile":{"unit":"px","top":"35","right":"35","bottom":"35","left":"35","isLinked":true}},"elements":[{"id":"70752a11","settings":{"editor":"<p><span style=\"font-weight: 400;\">At Urbanfeat, we understand the importance of waterproofing and take pride in providing our clients with the best possible solutions. We offer a comprehensive range of waterproofing services to meet your specific needs, from pre-construction planning to post-construction maintenance.<\/span><\/p><p><span style=\"font-weight: 400;\">With our commitment to quality, expertise, and use of the latest technologies, you can trust that your construction project is in good hands with Urbanfeat. So, why wait? Choose Urbanfeat's waterproofing services for your next construction project and experience peace of mind knowing that your structure is protected from water damage.<\/span><\/p>","align":"justify","typography_typography":"custom","typography_font_size":{"unit":"px","size":16},"typography_font_weight":"300","typography_line_height":{"unit":"em","size":1.6},"__globals__":{"text_color":"globals\/colors?id=5646cc51"}},"elements":[],"isInner":false,"widgetType":"text-editor","elType":"widget"}],"isInner":true,"elType":"column"}],"isInner":true,"elType":"section"},{"id":"6a241937","settings":{"structure":"20","gap":"no","content_position":"middle","reverse_order_mobile":"reverse-mobile"},"elements":[{"id":"66a1c91b","settings":{"_column_size":50,"_inline_size":null,"padding":{"unit":"px","top":"40","right":"55","bottom":"25","left":"55","isLinked":false},"padding_mobile":{"unit":"px","top":"35","right":"35","bottom":"35","left":"35","isLinked":true},"_inline_size_tablet":100},"elements":[{"id":"536fdd59","settings":{"title":"Polyurethane Waterproofing ","align":"center","title_color":"#000000","typography_typography":"custom","typography_font_size":{"unit":"px","size":25},"typography_font_weight":"600"},"elements":[],"isInner":false,"widgetType":"heading","elType":"widget"},{"id":"39541cb1","settings":{"editor":"<p><span style=\"font-weight: 400;\">Polyurethane Waterproofing is a type of waterproofing solution that is widely used in construction projects to protect against water infiltration. It is made of two components: polyol and isocyanate, which are mixed to form a durable and flexible waterproofing membrane. Polyurethane waterproofing is known for its high resistance to water, chemicals, and UV light, making it a popular choice for many construction projects.<\/span><\/p><p><span style=\"font-weight: 400;\">At Urbanfeat, we understand the importance of choosing the right waterproofing solution for your construction project. That's why we offer Polyurethane Waterproofing as one of our waterproofing services. Our team of experts is well-equipped to handle all types of waterproofing projects and has the experience and knowledge to ensure that your structure is protected from water damage.<\/span><\/p>","align":"justify","typography_typography":"custom","typography_font_size":{"unit":"px","size":16},"typography_font_weight":"300","typography_line_height":{"unit":"em","size":1.6},"__globals__":{"text_color":"globals\/colors?id=5646cc51"}},"elements":[],"isInner":false,"widgetType":"text-editor","elType":"widget"}],"isInner":true,"elType":"column"},{"id":"6da0f87a","settings":{"_column_size":50,"_inline_size":null,"margin":{"unit":"px","top":"0","right":"0","bottom":"0","left":"0","isLinked":true},"padding":{"unit":"px","top":"0","right":"0","bottom":"0","left":"0","isLinked":true},"_inline_size_tablet":100},"elements":[{"id":"5791e127","settings":{"image":{"id":4189,"url":"https:\/\/urbanfeatconstruction.com\/wp-content\/uploads\/2023\/02\/POLYURETHANE-Waterproofing.jpg","alt":"","source":"library"}},"elements":[],"isInner":false,"widgetType":"image","elType":"widget"}],"isInner":true,"elType":"column"}],"isInner":true,"elType":"section"},{"id":"38f3e7d1","settings":{"gap":"no","content_position":"middle","reverse_order_mobile":"reverse-mobile"},"elements":[{"id":"5143c6b6","settings":{"_column_size":100,"_inline_size":null,"padding":{"unit":"px","top":"40","right":"55","bottom":"25","left":"55","isLinked":false},"padding_mobile":{"unit":"px","top":"35","right":"35","bottom":"35","left":"35","isLinked":true}},"elements":[{"id":"7f09d74c","settings":{"editor":"<p><span style=\"font-weight: 400;\">In addition to our use of high-quality materials, our commitment to quality sets us apart from the competition. We take pride in our work and strive to provide our clients with the best possible solutions at an affordable price. With our comprehensive range of waterproofing services and commitment to quality, you can trust that your construction project is in good hands with Urbanfeat. So why wait? Choose Urbanfeat's waterproofing services and experience peace of mind knowing that your structure is protected from water damage.<\/span><\/p>","align":"justify","typography_typography":"custom","typography_font_size":{"unit":"px","size":16},"typography_font_weight":"300","typography_line_height":{"unit":"em","size":1.6},"__globals__":{"text_color":"globals\/colors?id=5646cc51"}},"elements":[],"isInner":false,"widgetType":"text-editor","elType":"widget"}],"isInner":true,"elType":"column"}],"isInner":true,"elType":"section"},{"id":"3b6c78bf","settings":{"structure":"20","gap":"no","content_position":"middle","reverse_order_mobile":"reverse-mobile"},"elements":[{"id":"534f6e06","settings":{"_column_size":50,"_inline_size":null,"margin":{"unit":"px","top":"0","right":"0","bottom":"0","left":"0","isLinked":true},"padding":{"unit":"px","top":"0","right":"0","bottom":"0","left":"0","isLinked":true},"_inline_size_tablet":100},"elements":[{"id":"4361a108","settings":{"image":{"id":4193,"url":"https:\/\/urbanfeatconstruction.com\/wp-content\/uploads\/2023\/02\/EPDM-Rubber-Sheets.jpg","alt":"","source":"library"}},"elements":[],"isInner":false,"widgetType":"image","elType":"widget"}],"isInner":true,"elType":"column"},{"id":"63e2d77e","settings":{"_column_size":50,"_inline_size":null,"padding":{"unit":"px","top":"40","right":"55","bottom":"25","left":"55","isLinked":false},"padding_mobile":{"unit":"px","top":"35","right":"35","bottom":"35","left":"35","isLinked":true},"_inline_size_tablet":100},"elements":[{"id":"2565271f","settings":{"title":"EPDM Rubber Sheets Waterproofing ","align":"center","title_color":"#000000","typography_typography":"custom","typography_font_size":{"unit":"px","size":25},"typography_font_weight":"600"},"elements":[],"isInner":false,"widgetType":"heading","elType":"widget"},{"id":"1e898061","settings":{"editor":"<p><span style=\"font-weight: 400;\">EPDM Rubber Sheets Waterproofing is a type of waterproofing solution that is made from ethylene propylene diene monomer (EPDM) rubber. This material is known for its durability, flexibility, and resistance to water, UV light, and extreme temperatures, making it a popular choice for many construction projects. EPDM Rubber Sheets Waterproofing is often used as a roofing membrane, as it provides an effective barrier against water infiltration and is easy to install and maintain.<\/span><\/p><p><span style=\"font-weight: 400;\">At Urbanfeat, we believe in providing our clients with the best possible waterproofing solutions for their construction projects. Our commitment to quality sets us apart from the competition and we take pride in delivering the highest standards in everything we do. We understand that every project is unique, which is why we offer a comprehensive range of waterproofing services to meet your specific needs.<\/span><\/p><p>\u00a0<\/p>","align":"justify","typography_typography":"custom","typography_font_size":{"unit":"px","size":16},"typography_font_weight":"300","typography_line_height":{"unit":"em","size":1.6},"__globals__":{"text_color":"globals\/colors?id=5646cc51"}},"elements":[],"isInner":false,"widgetType":"text-editor","elType":"widget"}],"isInner":true,"elType":"column"}],"isInner":true,"elType":"section"},{"id":"7150a83b","settings":{"gap":"no","content_position":"middle","reverse_order_mobile":"reverse-mobile"},"elements":[{"id":"278bcdc6","settings":{"_column_size":100,"_inline_size":null,"padding":{"unit":"px","top":"40","right":"55","bottom":"25","left":"55","isLinked":false},"padding_mobile":{"unit":"px","top":"35","right":"35","bottom":"35","left":"35","isLinked":true}},"elements":[{"id":"37607b5b","settings":{"editor":"<p><span style=\"font-weight: 400;\">Our team of experts uses only the finest quality materials, ensuring that your structure is protected from water damage for years to come. And, we believe that quality doesn't have to come at a premium price. We strive to offer our services at an affordable rate, without sacrificing the quality of our work. With Urbanfeat, you can trust that your construction project is in the best possible hands. So, why wait? Let us help you achieve peace of mind and protect your structure from water damage. Choose Urbanfeat's waterproofing services today!<\/span><\/p><p><br \/><br \/><\/p>","align":"justify","typography_typography":"custom","typography_font_size":{"unit":"px","size":16},"typography_font_weight":"300","typography_line_height":{"unit":"em","size":1.6},"__globals__":{"text_color":"globals\/colors?id=5646cc51"}},"elements":[],"isInner":false,"widgetType":"text-editor","elType":"widget"}],"isInner":true,"elType":"column"}],"isInner":true,"elType":"section"}],"isInner":false,"elType":"column"}],"isInner":false,"elType":"section"},{"id":"10d2ca47","settings":{"background_position":"center center","background_repeat":"no-repeat","background_size":"cover","padding":{"unit":"px","top":"104","right":"0","bottom":"104","left":"0","isLinked":""},"padding_tablet":{"unit":"px","top":"80","right":"40","bottom":"80","left":"40","isLinked":""},"padding_mobile":{"unit":"px","top":"80","right":"24","bottom":"64","left":"24","isLinked":""},"gap":"no","hide_desktop":"hidden-desktop","hide_tablet":"hidden-tablet","hide_mobile":"hidden-mobile"},"elements":[{"id":"7dadd0b0","settings":{"_column_size":"100"},"elements":[{"id":"40c415ba","settings":{"title":"Our Expert Team","typography_font_size_mobile":{"unit":"px","size":""},"typography_font_size_tablet":{"unit":"px","size":""}},"elements":[],"isInner":false,"widgetType":"heading","elType":"widget"},{"id":"60ec1f6c","settings":{"width":{"unit":"px","size":"64","sizes":[]},"text":"Divider","weight":{"unit":"px","size":"4","sizes":[]},"gap":{"unit":"px","size":"0","sizes":[]},"__globals__":{"color":"globals\/colors?id=astglobalcolor0"}},"elements":[],"isInner":false,"widgetType":"divider","elType":"widget"},{"id":"40a9148c","settings":{"editor":"<p>You can use these sections to highlight the features of heading. Use these paragraphs to focus on the topic you want. Make sure you keep it short, attractive.<\/p>","typography_font_size":{"unit":"px","size":""},"typography_line_height":{"unit":"em","size":""},"_margin_mobile":{"unit":"px","top":"0","right":"0","bottom":"0","left":"0","isLinked":""},"_margin":{"unit":"%","top":"0","right":"50","bottom":"0","left":"0","isLinked":""},"_margin_tablet":{"unit":"%","top":"0","right":"32","bottom":"0","left":"0","isLinked":""}},"elements":[],"isInner":false,"widgetType":"text-editor","elType":"widget"},{"id":"6b367e7f","settings":{"gap":"no","structure":"30","margin":{"unit":"px","top":"16","right":"0","bottom":"0","left":"0","isLinked":""}},"elements":[{"id":"4e0a8e60","settings":{"_column_size":"33","margin_mobile":{"unit":"px","top":"0","right":"0","bottom":"40","left":"0","isLinked":""},"margin":{"unit":"px","top":"0","right":"10","bottom":"0","left":"10","isLinked":false}},"elements":[{"id":"4229e4b5","settings":{"image":{"id":2138,"url":"https:\/\/urbanfeatconstruction.com\/wp-content\/uploads\/2022\/10\/meeting-business-architect-2284501.jpg","alt":"meeting, business, architect-2284501.jpg","source":"library"},"image_size":"full","image_box_shadow_box_shadow_type":"yes","image_box_shadow_box_shadow":{"horizontal":"0","vertical":"64","blur":"80","spread":"-48","color":"rgba(0, 0, 0, 0.24)"},"css_filters_css_filter":"custom","css_filters_brightness":{"unit":"px","size":"88","sizes":[]},"css_filters_contrast":{"unit":"px","size":"88","sizes":[]},"css_filters_saturate":{"unit":"px","size":"80","sizes":[]},"css_filters_hover_css_filter":"custom","background_hover_transition":{"unit":"px","size":"0.2","sizes":[]}},"elements":[],"isInner":false,"widgetType":"image","elType":"widget"},{"id":"7e2f5423","settings":{"image":{"url":"","id":""},"title_text":"Architect","description_text":"","title_bottom_space":{"unit":"px","size":"8","sizes":[]},"description_typography_font_size":{"unit":"em","size":"","sizes":[]},"title_size":"h4","_margin":{"unit":"px","top":"15","right":"0","bottom":"0","left":"0","isLinked":false}},"elements":[],"isInner":false,"widgetType":"image-box","elType":"widget"}],"isInner":"1","elType":"column"},{"id":"77227fe7","settings":{"_column_size":"33","margin_mobile":{"unit":"px","top":"0","right":"0","bottom":"40","left":"0","isLinked":""},"margin":{"unit":"px","top":"0","right":"10","bottom":"0","left":"10","isLinked":false}},"elements":[{"id":"78e8f344","settings":{"image":{"id":2145,"url":"https:\/\/urbanfeatconstruction.com\/wp-content\/uploads\/2022\/10\/expression-industry-worker-3174967.jpg","alt":"expression, industry, worker-3174967.jpg","source":"library"},"image_size":"full","image_box_shadow_box_shadow_type":"yes","image_box_shadow_box_shadow":{"horizontal":"0","vertical":"64","blur":"80","spread":"-48","color":"rgba(0, 0, 0, 0.24)"},"css_filters_css_filter":"custom","css_filters_brightness":{"unit":"px","size":"88","sizes":[]},"css_filters_contrast":{"unit":"px","size":"88","sizes":[]},"css_filters_saturate":{"unit":"px","size":"80","sizes":[]},"css_filters_hover_css_filter":"custom","background_hover_transition":{"unit":"px","size":"0.2","sizes":[]}},"elements":[],"isInner":false,"widgetType":"image","elType":"widget"},{"id":"1736853c","settings":{"image":{"url":"","id":""},"title_text":"Construction Supervisor","description_text":"","title_bottom_space":{"unit":"px","size":"8","sizes":[]},"description_typography_font_size":{"unit":"em","size":"","sizes":[]},"title_size":"h4","_margin":{"unit":"px","top":"15","right":"0","bottom":"0","left":"0","isLinked":false}},"elements":[],"isInner":false,"widgetType":"image-box","elType":"widget"}],"isInner":"1","elType":"column"},{"id":"53bab5e5","settings":{"_column_size":"33"},"elements":[{"id":"59fd996f","settings":{"image":{"id":2149,"url":"https:\/\/urbanfeatconstruction.com\/wp-content\/uploads\/2022\/10\/dining-room-living-room-modern-3108037.jpg","alt":"dining room, living room, modern-3108037.jpg","source":"library"},"image_size":"full","image_box_shadow_box_shadow_type":"yes","image_box_shadow_box_shadow":{"horizontal":"0","vertical":"64","blur":"80","spread":"-48","color":"rgba(0, 0, 0, 0.24)"},"css_filters_css_filter":"custom","css_filters_brightness":{"unit":"px","size":"88","sizes":[]},"css_filters_contrast":{"unit":"px","size":"88","sizes":[]},"css_filters_saturate":{"unit":"px","size":"80","sizes":[]},"css_filters_hover_css_filter":"custom","background_hover_transition":{"unit":"px","size":"0.2","sizes":[]}},"elements":[],"isInner":false,"widgetType":"image","elType":"widget"},{"id":"546ea780","settings":{"image":{"url":"","id":""},"title_text":"Interior Designer","description_text":"","title_bottom_space":{"unit":"px","size":"8","sizes":[]},"description_typography_font_size":{"unit":"em","size":"","sizes":[]},"title_size":"h4","_margin":{"unit":"px","top":"15","right":"0","bottom":"0","left":"0","isLinked":false}},"elements":[],"isInner":false,"widgetType":"image-box","elType":"widget"}],"isInner":"1","elType":"column"}],"isInner":"1","elType":"section"}],"isInner":"","elType":"column"}],"isInner":"","elType":"section"},{"id":"37b152fa","settings":{"content_width":{"unit":"px","size":"800","sizes":[]},"gap":"no","background_background":"classic","background_image":{"id":3307,"url":"https:\/\/urbanfeatconstruction.com\/wp-content\/uploads\/2022\/10\/excavators-construction-machine-site-391143.jpg","alt":"excavators, construction machine, site-391143.jpg","source":"library"},"background_position":"top center","background_attachment":"fixed","background_repeat":"no-repeat","background_size":"cover","background_overlay_background":"classic","margin":{"unit":"px","top":"","right":"0","bottom":"","left":"0","isLinked":"1"},"padding":{"unit":"px","top":"104","right":"0","bottom":"0","left":"0","isLinked":""},"z_index":"1","__globals__":{"background_overlay_color":"globals\/colors?id=astglobalcolor2"}},"elements":[{"id":"1d51451a","settings":{"_column_size":"100"},"elements":[{"id":"729e8ff3","settings":{"width":{"unit":"px","size":"64","sizes":[]},"text":"Divider","weight":{"unit":"px","size":"4","sizes":[]},"gap":{"unit":"px","size":"0","sizes":[]},"align":"center","__globals__":{"color":"globals\/colors?id=astglobalcolor0"}},"elements":[],"isInner":false,"widgetType":"divider","elType":"widget"},{"id":"507f8f00","settings":{"title":"We Provide the Best Service in Industry\u200b","align":"center","__globals__":{"title_color":"globals\/colors?id=astglobalcolor5"}},"elements":[],"isInner":false,"widgetType":"heading","elType":"widget"},{"id":"1e3fd792","settings":{"editor":"Add a line that tells users how easily they can get in touch with you","typography_font_size":{"unit":"px","size":""},"typography_line_height":{"unit":"em","size":""},"align_mobile":"center","_margin_mobile":{"unit":"px","top":"15","right":"15","bottom":"15","left":"15","isLinked":"1"},"align":"center","_margin":{"unit":"px","top":"0","right":"72","bottom":"0","left":"72","isLinked":""},"__globals__":{"text_color":"globals\/colors?id=astglobalcolor4"}},"elements":[],"isInner":false,"widgetType":"text-editor","elType":"widget"},{"id":"466cd42f","settings":{"text":"Contact Us Today","align":"center","selected_icon":{"value":{"id":"1766","url":"https:\/\/urbanfeatconstruction.com\/wp-content\/uploads\/2020\/08\/arrow-right-solid.svg"},"library":"svg"},"icon_align":"right","icon_indent":{"unit":"px","size":"16","sizes":[]},"button_box_shadow_box_shadow_type":"yes","button_box_shadow_box_shadow":{"horizontal":"0","vertical":"16","blur":"32","spread":"-16","color":"rgba(255, 94, 20, 0.64)"},"_margin":{"unit":"px","top":"40","right":"0","bottom":"-24","left":"0","isLinked":""},"__globals__":{"button_text_color":"globals\/colors?id=astglobalcolor5"},"_css_classes":"popmake-2252"},"elements":[],"isInner":false,"widgetType":"button","elType":"widget"}],"isInner":"","elType":"column"}],"isInner":"","elType":"section"}],"page_settings":{"background_background":"classic","background_color":"#ffffff","astra_sites_main_color":"var(--ast-global-color-0)","astra_sites_heading_base_color":"var(--ast-global-color-2)","astra_sites_link_color":"var(--ast-global-color-0)","astra_sites_link_hover_color":"var(--ast-global-color-1)","astra_sites_text_color":"var(--ast-global-color-3)","astra_sites_body_typography":"custom","astra_sites_body_font_size":{"unit":"px","size":16},"astra_sites_body_font_family":"Open Sans","astra_sites_body_font_weight":"400","astra_sites_heading_1_typography":"custom","astra_sites_heading_1_font_size":{"unit":"px","size":72},"astra_sites_heading_1_font_size_tablet":{"unit":"px","size":48},"astra_sites_heading_1_font_size_mobile":{"unit":"px","size":36},"astra_sites_default_heading_font_family":"'Barlow', sans-serif","astra_sites_heading_1_font_family":"'Barlow'","astra_sites_heading_1_font_weight":"600","astra_sites_heading_2_typography":"custom","astra_sites_heading_2_font_size":{"unit":"px","size":40},"astra_sites_heading_2_font_size_tablet":{"unit":"px","size":32},"astra_sites_heading_2_font_size_mobile":{"unit":"px","size":32},"astra_sites_heading_2_font_family":"'Barlow'","astra_sites_heading_2_font_weight":"600","astra_sites_heading_3_typography":"custom","astra_sites_heading_3_font_size":{"unit":"px","size":32},"astra_sites_heading_3_font_size_tablet":{"unit":"px","size":28},"astra_sites_heading_3_font_size_mobile":{"unit":"px","size":28},"astra_sites_heading_3_font_family":"'Barlow'","astra_sites_heading_3_font_weight":"600","astra_sites_heading_4_typography":"custom","astra_sites_heading_4_font_size":{"unit":"px","size":24},"astra_sites_heading_4_font_size_tablet":{"unit":"px","size":24},"astra_sites_heading_4_font_size_mobile":{"unit":"px","size":22},"astra_sites_heading_4_font_family":"'Barlow'","astra_sites_heading_4_font_weight":"600","astra_sites_heading_4_text_transform":"capitalize","astra_sites_heading_5_typography":"custom","astra_sites_heading_5_font_size":{"unit":"px","size":20},"astra_sites_heading_5_font_size_tablet":{"unit":"px","size":20},"astra_sites_heading_5_font_size_mobile":{"unit":"px","size":18},"astra_sites_heading_5_font_family":"'Barlow'","astra_sites_heading_5_font_weight":"600","astra_sites_heading_5_text_transform":"capitalize","astra_sites_heading_6_typography":"custom","astra_sites_heading_6_font_size":{"unit":"px","size":14},"astra_sites_heading_6_font_size_tablet":{"unit":"px","size":13},"astra_sites_heading_6_font_size_mobile":{"unit":"px","size":12},"astra_sites_heading_6_font_family":"'Barlow'","astra_sites_heading_6_font_weight":"600","astra_sites_heading_6_text_transform":"capitalize","astra_sites_page_setting_enable":"","eael_ext_toc_title":"Table of Contents"},"version":"0.4","title":"water proofing expert page","type":"page"}