{"content":[{"id":"6d9bd5d8","settings":{"background_background":"classic","background_image":{"id":3108,"url":"https:\/\/urbanfeatconstruction.com\/wp-content\/uploads\/2022\/10\/New-Project-5.jpg","alt":"","source":"library"},"background_position":"center center","background_repeat":"no-repeat","background_size":"cover","background_overlay_background":"classic","background_overlay_opacity":{"unit":"px","size":0.64},"padding":{"unit":"px","top":"240","right":"0","bottom":"160","left":"0","isLinked":""},"padding_mobile":{"unit":"px","top":"160","right":"24","bottom":"80","left":"24","isLinked":""},"gap":"no","padding_tablet":{"unit":"px","top":"160","right":"40","bottom":"120","left":"40","isLinked":""},"__globals__":{"background_overlay_color":"globals\/colors?id=astglobalcolor2"}},"elements":[{"id":"7393cf70","settings":{"_column_size":"100","space_between_widgets":"10","background_background":"classic"},"elements":[{"id":"529d8743","settings":{"title":"ISO <span style=\"color:#33CC33;\">Certification<\/span>","typography_font_size_mobile":{"unit":"px","size":""},"typography_font_size_tablet":{"unit":"px","size":""},"title_color":"#ffffff","header_size":"h1","align_mobile":"center"},"elements":[],"isInner":false,"widgetType":"heading","elType":"widget"}],"isInner":"","elType":"column"}],"isInner":"","elType":"section"},{"id":"1a49b8d4","settings":{"structure":"20","margin":{"unit":"px","top":"0","right":0,"bottom":"128","left":0,"isLinked":""},"padding":{"unit":"px","top":"104","right":"0","bottom":"0","left":"0","isLinked":""},"padding_mobile":{"unit":"px","top":"64","right":"24","bottom":"64","left":"24","isLinked":""},"gap":"no","padding_tablet":{"unit":"px","top":"80","right":"40","bottom":"80","left":"40","isLinked":""},"background_color":"#FFFFFF","background_color_stop":{"unit":"%","size":"80","sizes":[]},"background_color_b":"#F4F8FD","background_color_b_stop":{"unit":"%","size":"80","sizes":[]},"z_index":"1","margin_tablet":{"unit":"px","top":"0","right":"0","bottom":"0","left":"0","isLinked":""}},"elements":[{"id":"183b2913","settings":{"_column_size":"50","margin_tablet":{"unit":"px","top":"40","right":"0","bottom":"0","left":"40","isLinked":""},"_inline_size_tablet":"100","border_border":"solid","border_width":{"unit":"px","top":"4","right":"4","bottom":"4","left":"4","isLinked":"1"},"margin":{"unit":"px","top":"40","right":"40","bottom":"0","left":"40","isLinked":""},"margin_mobile":{"unit":"px","top":"16","right":"0","bottom":"0","left":"16","isLinked":""},"__globals__":{"border_color":"globals\/colors?id=astglobalcolor0"}},"elements":[{"id":"7d012cd9","settings":{"image":{"id":3317,"url":"https:\/\/urbanfeatconstruction.com\/wp-content\/uploads\/2022\/10\/label-high-quality-guarantee-3054511.png","alt":"label, high quality, guarantee-3054511.jpg","source":"library"},"image_size":"custom","image_custom_dimension":{"width":"640","height":"720"},"image_box_shadow_box_shadow_type":"yes","image_box_shadow_box_shadow":{"horizontal":"64","vertical":"64","blur":"160","spread":"-40","color":"rgba(0, 0, 0, 0.24)"},"_margin":{"unit":"px","top":"-44","right":"0","bottom":"0","left":"-44","isLinked":""},"_margin_mobile":{"unit":"px","top":"-20","right":"0","bottom":"0","left":"-20","isLinked":""},"_padding":{"unit":"px","top":"0","right":"44","bottom":"44","left":"0","isLinked":""},"_padding_mobile":{"unit":"px","top":"0","right":"20","bottom":"20","left":"0","isLinked":""}},"elements":[],"isInner":false,"widgetType":"image","elType":"widget"}],"isInner":"","elType":"column"},{"id":"67463a2","settings":{"_column_size":"50","margin_tablet":{"unit":"px","top":"0","right":"0","bottom":"0","left":"0","isLinked":""},"_inline_size_tablet":"100","margin":{"unit":"px","top":"0","right":"0","bottom":"0","left":"40","isLinked":""},"padding":{"unit":"px","top":"56","right":"0","bottom":"0","left":"0","isLinked":""}},"elements":[{"id":"44d3ea9e","settings":{"title":"An ISO-Certified Real Estate & <span style=\"color:#33CC33;\">Construction<\/span>  Company ","typography_font_size_mobile":{"unit":"px","size":""},"typography_font_size_tablet":{"unit":"px","size":""}},"elements":[],"isInner":false,"widgetType":"heading","elType":"widget"},{"id":"62c770c","settings":{"width":{"unit":"px","size":"64","sizes":[]},"text":"Divider","weight":{"unit":"px","size":"4","sizes":[]},"gap":{"unit":"px","size":"0","sizes":[]},"__globals__":{"color":"globals\/colors?id=astglobalcolor0"}},"elements":[],"isInner":false,"widgetType":"divider","elType":"widget"},{"id":"605dd132","settings":{"editor":"<p><b>URBANFEAT CONSTRUCTION <\/b>is an ISO-Certified real estate and construction company in <strong>Lucknow, Uttar Pradesh<\/strong>. Our team consists of experts that help ensure the standards for quality, safety, and efficiency of products, services, and systems are met with no negotiation.\u00a0\u00a0<\/p><p><span style=\"font-weight: 400;\">The most beneficial ISO Certifications for <\/span><b>URBANFEAT CONSTRUCTION<\/b><span style=\"font-weight: 400;\"> are:<\/span><\/p><ul><li style=\"font-weight: 400;\" aria-level=\"1\"><span style=\"font-weight: 400;\">ISO 9001:2015 Certification for Quality Management System<\/span><\/li><li style=\"font-weight: 400;\" aria-level=\"1\"><span style=\"font-weight: 400;\">ISO 14001: 2015 Certification for Environmental Management System<\/span><\/li><li style=\"font-weight: 400;\" aria-level=\"1\"><span style=\"font-weight: 400;\">ISO 45001: 2018 Occupational Health and Safety Management Standard<\/span><\/li><\/ul>","_margin":{"unit":"px","top":"0","right":"0","bottom":"-8","left":"0","isLinked":""},"_margin_tablet":{"unit":"px","top":"0","right":"80","bottom":"0","left":"0","isLinked":""},"_margin_mobile":{"unit":"px","top":"0","right":"16","bottom":"0","left":"0","isLinked":""},"align":"justify"},"elements":[],"isInner":false,"widgetType":"text-editor","elType":"widget"},{"id":"648c0d30","settings":{"structure":"20","gap":"no","margin_mobile":{"unit":"px","top":"-16","right":"0","bottom":"0","left":"0","isLinked":""},"hide_desktop":"hidden-desktop","hide_tablet":"hidden-tablet","hide_mobile":"hidden-mobile"},"elements":[{"id":"64ab1794","settings":{"_column_size":"50","margin_mobile":{"unit":"px","top":"0","right":"0","bottom":"16","left":"0","isLinked":""}},"elements":[{"id":"5774167d","settings":{"icon_list":[{"text":"Years of Experience","icon":"fa fa-arrow-circle-o-right","_id":"xzwxkw3","selected_icon":{"value":"fas fa-check-circle","library":"fa-solid"},"__fa4_migrated":{"selected_icon":"1"}},{"text":"Innovative Ideas ","icon":"fa fa-arrow-circle-o-right","_id":"7xytbu6","selected_icon":{"value":"fas fa-check-circle","library":"fa-solid"},"__fa4_migrated":{"selected_icon":"1"}}],"space_between":{"unit":"px","size":"8"},"icon_align":"left","icon_size":{"unit":"px","size":"16"},"icon_align_mobile":"left","text_indent":{"unit":"px","size":"8","sizes":[]},"icon_typography_typography":"custom","icon_typography_font_weight":"600","__globals__":{"icon_color":"globals\/colors?id=astglobalcolor0"}},"elements":[],"isInner":false,"widgetType":"icon-list","elType":"widget"}],"isInner":"1","elType":"column"},{"id":"3d006398","settings":{"_column_size":"50"},"elements":[{"id":"3378b11c","settings":{"icon_list":[{"text":"Team of Expertise","icon":"fa fa-arrow-circle-o-right","_id":"xzwxkw3","selected_icon":{"value":"fas fa-check-circle","library":"fa-solid"},"__fa4_migrated":{"selected_icon":"1"}},{"text":"24\/7 Assistance","icon":"fa fa-arrow-circle-o-right","_id":"7xytbu6","selected_icon":{"value":"fas fa-check-circle","library":"fa-solid"},"__fa4_migrated":{"selected_icon":"1"}}],"space_between":{"unit":"px","size":"8"},"icon_align":"left","icon_size":{"unit":"px","size":"16"},"icon_align_mobile":"left","text_indent":{"unit":"px","size":"8","sizes":[]},"icon_typography_typography":"custom","icon_typography_font_weight":"600","__globals__":{"icon_color":"globals\/colors?id=astglobalcolor0"}},"elements":[],"isInner":false,"widgetType":"icon-list","elType":"widget"}],"isInner":"1","elType":"column"}],"isInner":"1","elType":"section"}],"isInner":false,"elType":"column"}],"isInner":"","elType":"section"},{"id":"12abe4db","settings":{"gap":"no","margin":{"unit":"px","top":"0","right":"0","bottom":"0","left":"0","isLinked":""},"margin_tablet":{"unit":"px","top":"","right":"0","bottom":"","left":"0","isLinked":"1"},"padding":{"unit":"px","top":"100","right":"0","bottom":"100","left":"0","isLinked":""},"padding_tablet":{"unit":"px","top":"80","right":"40","bottom":"80","left":"40","isLinked":""},"padding_mobile":{"unit":"px","top":"64","right":"24","bottom":"64","left":"24","isLinked":""},"__globals__":{"background_color":"globals\/colors?id=astglobalcolor4","background_overlay_color":""},"background_overlay_opacity":{"unit":"px","size":0.05,"sizes":[]},"background_background":"classic","background_color":"#f4f8fd","structure":"20","hide_desktop":"hidden-desktop","hide_tablet":"hidden-tablet","hide_mobile":"hidden-mobile"},"elements":[{"id":"2855e572","settings":{"_column_size":50,"background_background":"classic","_inline_size":null,"margin":{"unit":"px","top":"0","right":"0","bottom":"0","left":"30","isLinked":false},"content_position":"center"},"elements":[{"id":"6538d8ed","settings":{"title":"National <span style=\"color:#FF5E14;\">Interest<\/span> ","typography_font_size_mobile":{"unit":"px","size":""},"typography_font_size_tablet":{"unit":"px","size":""}},"elements":[],"isInner":false,"widgetType":"heading","elType":"widget"},{"id":"6747f81b","settings":{"width":{"unit":"px","size":"64","sizes":[]},"text":"Divider","weight":{"unit":"px","size":"4","sizes":[]},"gap":{"unit":"px","size":"0","sizes":[]},"__globals__":{"color":"globals\/colors?id=astglobalcolor0"}},"elements":[],"isInner":false,"widgetType":"divider","elType":"widget"},{"id":"5260bba6","settings":{"editor":"<p><span style=\"font-weight: 400;\">The employees of the company shall be dedicated in all its actions to benefit the economic development of the country. It shall not undertake any project or activity to the detriment of the nation's interests, or those that will have any adverse impact on the social and cultural life patterns of its citizens. The organisation shall strive to make a positive contribution to the achievement of goals at the national and regional level.<\/span><\/p>","_margin":{"unit":"%","top":"0","right":"5","bottom":"0","left":"0","isLinked":""},"_margin_mobile":{"unit":"px","top":"0","right":"16","bottom":"0","left":"0","isLinked":""},"_margin_tablet":{"unit":"%","top":"0","right":"32","bottom":"0","left":"0","isLinked":""},"align":"justify"},"elements":[],"isInner":false,"widgetType":"text-editor","elType":"widget"}],"isInner":"","elType":"column"},{"id":"556fc18a","settings":{"_column_size":50,"_inline_size":null},"elements":[{"id":"2a7d230e","settings":{"image":{"url":"https:\/\/urbanfeatconstruction.com\/wp-content\/uploads\/2022\/10\/berlin-reichstag-the-german-volke-4788732.jpg","id":2374,"alt":"berlin, reichstag, the german volke-4788732.jpg","source":"library"}},"elements":[],"isInner":false,"widgetType":"image","elType":"widget"},{"id":"2be90bdb","settings":{"width":{"unit":"px","size":"64","sizes":[]},"text":"Divider","weight":{"unit":"px","size":"4","sizes":[]},"gap":{"unit":"px","size":"0","sizes":[]},"__globals__":{"color":"globals\/colors?id=astglobalcolor0"}},"elements":[],"isInner":false,"widgetType":"divider","elType":"widget"}],"isInner":false,"elType":"column"}],"isInner":"","elType":"section"},{"id":"2f469d9c","settings":{"background_position":"center center","background_repeat":"no-repeat","background_size":"cover","padding":{"unit":"px","top":"104","right":"0","bottom":"104","left":"0","isLinked":""},"padding_tablet":{"unit":"px","top":"80","right":"40","bottom":"80","left":"40","isLinked":""},"padding_mobile":{"unit":"px","top":"80","right":"24","bottom":"64","left":"24","isLinked":""},"gap":"no","structure":"20","hide_desktop":"hidden-desktop","hide_tablet":"hidden-tablet","hide_mobile":"hidden-mobile"},"elements":[{"id":"277d1710","settings":{"_column_size":50,"_inline_size":null,"content_position":"center"},"elements":[{"id":"54a9e2c4","settings":{"title":"Building a Work Environment That Brings Out <span style=\"color:#FF5E14;\">Employee Strengths <\/span>","typography_font_size_mobile":{"unit":"px","size":""},"typography_font_size_tablet":{"unit":"px","size":""}},"elements":[],"isInner":false,"widgetType":"heading","elType":"widget"},{"id":"57bcce9","settings":{"width":{"unit":"px","size":"64","sizes":[]},"text":"Divider","weight":{"unit":"px","size":"4","sizes":[]},"gap":{"unit":"px","size":"0","sizes":[]},"__globals__":{"color":"globals\/colors?id=astglobalcolor0"}},"elements":[],"isInner":false,"widgetType":"divider","elType":"widget"},{"id":"14fbeb6f","settings":{"editor":"<p><span style=\"font-weight: 400;\">We here at Urbanfeat consider employees as the basic strength of the organisation.\u00a0 One man army can never win a battle in the same manner, it is very important to build a strong team to win challenging projects. A healthy, competitive work environment brings out employee strengths at the best.<\/span><\/p>","typography_font_size":{"unit":"px","size":""},"typography_line_height":{"unit":"em","size":""},"_margin_mobile":{"unit":"px","top":"0","right":"0","bottom":"0","left":"0","isLinked":""},"_margin":{"unit":"%","top":"0","right":"0","bottom":"0","left":"0","isLinked":""},"_margin_tablet":{"unit":"%","top":"0","right":"32","bottom":"0","left":"0","isLinked":""}},"elements":[],"isInner":false,"widgetType":"text-editor","elType":"widget"}],"isInner":"","elType":"column"},{"id":"570e1c1","settings":{"_column_size":50,"_inline_size":null},"elements":[{"id":"47fa463e","settings":{"image":{"url":"https:\/\/urbanfeatconstruction.com\/wp-content\/uploads\/2022\/10\/berlin-reichstag-the-german-volke-4788732.jpg","id":2374,"alt":"berlin, reichstag, the german volke-4788732.jpg","source":"library"}},"elements":[],"isInner":false,"widgetType":"image","elType":"widget"},{"id":"aaa7ec5","settings":{"width":{"unit":"px","size":"64","sizes":[]},"text":"Divider","weight":{"unit":"px","size":"4","sizes":[]},"gap":{"unit":"px","size":"0","sizes":[]},"__globals__":{"color":"globals\/colors?id=astglobalcolor0"}},"elements":[],"isInner":false,"widgetType":"divider","elType":"widget"}],"isInner":false,"elType":"column"}],"isInner":"","elType":"section"},{"id":"56c46fb6","settings":{"content_width":{"unit":"px","size":"800","sizes":[]},"gap":"no","background_background":"classic","background_image":{"id":"1769","url":"https:\/\/urbanfeatconstruction.com\/wp-content\/uploads\/2020\/08\/CTA-bg-1.jpg"},"background_position":"top center","background_attachment":"fixed","background_repeat":"no-repeat","background_size":"cover","background_overlay_background":"classic","margin":{"unit":"px","top":"","right":"0","bottom":"","left":"0","isLinked":"1"},"padding":{"unit":"px","top":"104","right":"0","bottom":"0","left":"0","isLinked":""},"z_index":"1","__globals__":{"background_overlay_color":"globals\/colors?id=astglobalcolor2"}},"elements":[{"id":"4d4af2e6","settings":{"_column_size":"100"},"elements":[{"id":"23c7cdbf","settings":{"width":{"unit":"px","size":"64","sizes":[]},"text":"Divider","weight":{"unit":"px","size":"4","sizes":[]},"gap":{"unit":"px","size":"0","sizes":[]},"align":"center","__globals__":{"color":"globals\/colors?id=astglobalcolor0"}},"elements":[],"isInner":false,"widgetType":"divider","elType":"widget"},{"id":"17def5c","settings":{"title":"Get Your Free <span style=\"color:#33CC33;\">Consultation Now!<\/span> ","align":"center","__globals__":{"title_color":"globals\/colors?id=astglobalcolor5"}},"elements":[],"isInner":false,"widgetType":"heading","elType":"widget"},{"id":"7d88c357","settings":{"editor":"<p>One Stop Solution to all your construction needs.\u00a0<b>URBANFEAT CONSTRUCTION<\/b>\u00a0is an ISO certified organisation. Here we ensure that all the standards for quality, safety, and efficiency of products, services, and systems are met with no negotiation.<\/p>","typography_font_size":{"unit":"px","size":""},"typography_line_height":{"unit":"em","size":""},"align_mobile":"center","_margin_mobile":{"unit":"px","top":"15","right":"15","bottom":"15","left":"15","isLinked":"1"},"align":"center","_margin":{"unit":"px","top":"0","right":"72","bottom":"0","left":"72","isLinked":""},"__globals__":{"text_color":"globals\/colors?id=astglobalcolor4"}},"elements":[],"isInner":false,"widgetType":"text-editor","elType":"widget"},{"id":"93c6c56","settings":{"text":"Contact Us Today","align":"center","selected_icon":{"value":{"id":"1766","url":"https:\/\/urbanfeatconstruction.com\/wp-content\/uploads\/2020\/08\/arrow-right-solid.svg"},"library":"svg"},"icon_align":"right","icon_indent":{"unit":"px","size":"16","sizes":[]},"button_box_shadow_box_shadow_type":"yes","button_box_shadow_box_shadow":{"horizontal":"0","vertical":"16","blur":"32","spread":"-16","color":"rgba(255, 94, 20, 0.64)"},"_margin":{"unit":"px","top":"40","right":"0","bottom":"-24","left":"0","isLinked":""},"__globals__":{"button_text_color":"globals\/colors?id=astglobalcolor5"},"_css_classes":"popmake-2252"},"elements":[],"isInner":false,"widgetType":"button","elType":"widget"}],"isInner":"","elType":"column"}],"isInner":"","elType":"section"}],"page_settings":{"background_background":"classic","background_color":"#ffffff","astra_sites_main_color":"var(--ast-global-color-0)","astra_sites_heading_base_color":"var(--ast-global-color-2)","astra_sites_link_color":"var(--ast-global-color-0)","astra_sites_link_hover_color":"var(--ast-global-color-1)","astra_sites_text_color":"var(--ast-global-color-3)","astra_sites_body_typography":"custom","astra_sites_body_font_size":{"unit":"px","size":16},"astra_sites_body_font_family":"Open Sans","astra_sites_body_font_weight":"400","astra_sites_heading_1_typography":"custom","astra_sites_heading_1_font_size":{"unit":"px","size":72},"astra_sites_heading_1_font_size_tablet":{"unit":"px","size":48},"astra_sites_heading_1_font_size_mobile":{"unit":"px","size":36},"astra_sites_default_heading_font_family":"'Barlow', sans-serif","astra_sites_heading_1_font_family":"'Barlow'","astra_sites_heading_1_font_weight":"600","astra_sites_heading_2_typography":"custom","astra_sites_heading_2_font_size":{"unit":"px","size":40},"astra_sites_heading_2_font_size_tablet":{"unit":"px","size":32},"astra_sites_heading_2_font_size_mobile":{"unit":"px","size":32},"astra_sites_heading_2_font_family":"'Barlow'","astra_sites_heading_2_font_weight":"600","astra_sites_heading_3_typography":"custom","astra_sites_heading_3_font_size":{"unit":"px","size":32},"astra_sites_heading_3_font_size_tablet":{"unit":"px","size":28},"astra_sites_heading_3_font_size_mobile":{"unit":"px","size":28},"astra_sites_heading_3_font_family":"'Barlow'","astra_sites_heading_3_font_weight":"600","astra_sites_heading_4_typography":"custom","astra_sites_heading_4_font_size":{"unit":"px","size":24},"astra_sites_heading_4_font_size_tablet":{"unit":"px","size":24},"astra_sites_heading_4_font_size_mobile":{"unit":"px","size":22},"astra_sites_heading_4_font_family":"'Barlow'","astra_sites_heading_4_font_weight":"600","astra_sites_heading_4_text_transform":"capitalize","astra_sites_heading_5_typography":"custom","astra_sites_heading_5_font_size":{"unit":"px","size":20},"astra_sites_heading_5_font_size_tablet":{"unit":"px","size":20},"astra_sites_heading_5_font_size_mobile":{"unit":"px","size":18},"astra_sites_heading_5_font_family":"'Barlow'","astra_sites_heading_5_font_weight":"600","astra_sites_heading_5_text_transform":"capitalize","astra_sites_heading_6_typography":"custom","astra_sites_heading_6_font_size":{"unit":"px","size":14},"astra_sites_heading_6_font_size_tablet":{"unit":"px","size":13},"astra_sites_heading_6_font_size_mobile":{"unit":"px","size":12},"astra_sites_heading_6_font_family":"'Barlow'","astra_sites_heading_6_font_weight":"600","astra_sites_heading_6_text_transform":"capitalize","astra_sites_page_setting_enable":"","eael_ext_toc_title":"Table of Contents"},"version":"0.4","title":"iso page","type":"page"}