{"content":[{"id":"744f1040","settings":[],"elements":[{"id":"7f1ee2a2","settings":{"_column_size":100,"_inline_size":null},"elements":[{"id":"4be2b9bf","settings":{"eael_fg_items_to_show":6,"eael_fg_filter_duration":500,"eael_fg_grid_item_height":"300","eael_fg_all_label_text":"All","eael_fg_controls":[{"eael_fg_control":"Project","_id":"8e7ff28","eael_fg_control_custom_id":"","eael_fg_custom_label":"","eael_fg_control_active_as_default":""},{"eael_fg_control":"Anniversary","_id":"0f950f9","eael_fg_control_custom_id":"","eael_fg_custom_label":"","eael_fg_control_active_as_default":""},{"eael_fg_control":"Festival","_id":"c599014","eael_fg_control_custom_id":"","eael_fg_custom_label":"","eael_fg_control_active_as_default":""},{"eael_fg_control":"Miscellaneous","_id":"c137375","eael_fg_control_custom_id":"","eael_fg_custom_label":"","eael_fg_control_active_as_default":""}],"eael_fg_gallery_items":[{"eael_fg_gallery_item_name":"Project Handover","_id":"952da3e","eael_fg_gallery_item_video_link":"https:\/\/www.youtube.com\/watch?v=kB4U67tiQLA","eael_fg_gallery_control_name":"Project","fg_item_price":"$20.00","fg_item_ratings":"5","fg_item_cat":"Essential Addons","eael_fg_gallery_item_content":"","eael_fg_gallery_img":{"url":"https:\/\/urbanfeatconstruction.com\/wp-content\/uploads\/2022\/10\/New-Project.jpg","id":3524,"alt":"","source":"library"},"eael_fg_gallery_link":""},{"eael_fg_gallery_item_name":"Project Handover-2","_id":"33367cc","eael_fg_gallery_item_video_link":"https:\/\/www.youtube.com\/watch?v=kB4U67tiQLA","eael_fg_gallery_control_name":"Project","fg_item_price":"$20.00","fg_item_ratings":"5","fg_item_cat":"Essential Addons","eael_fg_gallery_item_content":"","fg_item_cat_switch":"","eael_fg_gallery_img":{"url":"https:\/\/urbanfeatconstruction.com\/wp-content\/uploads\/2022\/10\/Project-2.jpg","id":3695,"alt":"","source":"library"},"eael_fg_gallery_link":""},{"eael_fg_gallery_item_name":"Project Handover-3","_id":"4efe33d","eael_fg_gallery_item_video_link":"https:\/\/www.youtube.com\/watch?v=kB4U67tiQLA","fg_item_price":"$20.00","fg_item_ratings":"5","fg_item_cat":"Essential Addons","eael_fg_gallery_control_name":"Project","eael_fg_gallery_item_content":"","eael_fg_gallery_img":{"url":"https:\/\/urbanfeatconstruction.com\/wp-content\/uploads\/2022\/10\/3-Project.jpg","id":3532,"alt":"","source":"library"},"eael_fg_gallery_link":""},{"eael_fg_gallery_item_name":"Project Handover","_id":"687c862","eael_fg_gallery_item_video_link":"https:\/\/www.youtube.com\/watch?v=kB4U67tiQLA","fg_item_price":"$20.00","fg_item_ratings":"5","fg_item_cat":"Essential Addons","eael_fg_gallery_control_name":"Project","eael_fg_gallery_item_content":"","eael_fg_gallery_img":{"url":"https:\/\/urbanfeatconstruction.com\/wp-content\/uploads\/2022\/10\/7-Project-1.jpg","id":3552,"alt":"","source":"library"}},{"eael_fg_gallery_item_name":"Project Handover","_id":"32c5162","eael_fg_gallery_item_video_link":"https:\/\/www.youtube.com\/watch?v=kB4U67tiQLA","fg_item_price":"$20.00","fg_item_ratings":"5","fg_item_cat":"Essential Addons","eael_fg_gallery_control_name":"Project","eael_fg_gallery_item_content":"","eael_fg_gallery_img":{"url":"https:\/\/urbanfeatconstruction.com\/wp-content\/uploads\/2022\/10\/P-2.jpg","id":3704,"alt":"","source":"library"},"eael_fg_gallery_link":""},{"eael_fg_gallery_item_name":"Project Handover","_id":"41794c3","eael_fg_gallery_item_video_link":"https:\/\/www.youtube.com\/watch?v=kB4U67tiQLA","fg_item_price":"$20.00","fg_item_ratings":"5","fg_item_cat":"Essential Addons","eael_fg_gallery_control_name":"Project","eael_fg_gallery_item_content":"","eael_fg_gallery_img":{"url":"https:\/\/urbanfeatconstruction.com\/wp-content\/uploads\/2022\/10\/6-Project.jpg","id":3547,"alt":"","source":"library"},"eael_fg_gallery_link":""},{"_id":"585e02e","eael_fg_gallery_item_video_link":"https:\/\/www.youtube.com\/watch?v=kB4U67tiQLA","eael_fg_gallery_control_name":"Anniversary","eael_fg_gallery_item_name":"","fg_item_price":"$20.00","fg_item_ratings":"5","fg_item_cat":"Essential Addons","eael_fg_gallery_item_content":"","eael_fg_gallery_img":{"url":"https:\/\/urbanfeatconstruction.com\/wp-content\/uploads\/2022\/10\/Anniversary-1.jpg","id":3560,"alt":"","source":"library"},"eael_fg_gallery_link":""},{"eael_fg_gallery_item_video_link":"https:\/\/www.youtube.com\/watch?v=kB4U67tiQLA","eael_fg_gallery_control_name":"Anniversary","eael_fg_gallery_item_name":"","fg_item_price":"$20.00","fg_item_ratings":"5","fg_item_cat":"Essential Addons","eael_fg_gallery_item_content":"","eael_fg_gallery_img":{"url":"https:\/\/urbanfeatconstruction.com\/wp-content\/uploads\/2022\/10\/Anniversary.jpg","id":3571,"alt":"","source":"library"},"eael_fg_gallery_link":"","_id":"db622dc"},{"_id":"5e73013","eael_fg_gallery_item_video_link":"https:\/\/www.youtube.com\/watch?v=kB4U67tiQLA","eael_fg_gallery_control_name":"Anniversary","eael_fg_gallery_item_name":"","fg_item_price":"$20.00","fg_item_ratings":"5","fg_item_cat":"Essential Addons","eael_fg_gallery_item_content":"","eael_fg_gallery_img":{"url":"https:\/\/urbanfeatconstruction.com\/wp-content\/uploads\/2022\/10\/Anniversary-2.jpg","id":3564,"alt":"","source":"library"},"eael_fg_gallery_link":""},{"eael_fg_gallery_item_video_link":"https:\/\/www.youtube.com\/watch?v=kB4U67tiQLA","eael_fg_gallery_control_name":"Anniversary","eael_fg_gallery_item_name":"","fg_item_price":"$20.00","fg_item_ratings":"5","fg_item_cat":"Essential Addons","eael_fg_gallery_item_content":"","eael_fg_gallery_img":{"url":"https:\/\/urbanfeatconstruction.com\/wp-content\/uploads\/2022\/10\/Anniversary-4-1.jpg","id":3596,"alt":"","source":"library"},"eael_fg_gallery_link":"","_id":"eab51a5"},{"eael_fg_gallery_item_video_link":"https:\/\/www.youtube.com\/watch?v=kB4U67tiQLA","eael_fg_gallery_control_name":"Anniversary","eael_fg_gallery_item_name":"","fg_item_price":"$20.00","fg_item_ratings":"5","fg_item_cat":"Essential Addons","eael_fg_gallery_item_content":"","eael_fg_gallery_img":{"url":"https:\/\/urbanfeatconstruction.com\/wp-content\/uploads\/2022\/10\/Anniversary-5-1.jpg","id":3600,"alt":"","source":"library"},"eael_fg_gallery_link":"","_id":"cdd563a"},{"eael_fg_gallery_item_video_link":"https:\/\/www.youtube.com\/watch?v=kB4U67tiQLA","eael_fg_gallery_control_name":"Anniversary","eael_fg_gallery_item_name":"","fg_item_price":"$20.00","fg_item_ratings":"5","fg_item_cat":"Essential Addons","eael_fg_gallery_item_content":"","eael_fg_gallery_img":{"url":"https:\/\/urbanfeatconstruction.com\/wp-content\/uploads\/2022\/10\/New-Project-1.jpg","id":3620,"alt":"","source":"library"},"eael_fg_gallery_link":"","_id":"847ddb2"},{"_id":"b714879","eael_fg_gallery_item_video_link":"https:\/\/www.youtube.com\/watch?v=kB4U67tiQLA","eael_fg_gallery_control_name":"Festival","eael_fg_gallery_item_name":"","fg_item_price":"$20.00","fg_item_ratings":"5","fg_item_cat":"Essential Addons","eael_fg_gallery_item_content":"","eael_fg_gallery_img":{"url":"https:\/\/urbanfeatconstruction.com\/wp-content\/uploads\/2022\/10\/2-Festival.jpg","id":3665,"alt":"","source":"library"},"eael_fg_gallery_link":""},{"eael_fg_gallery_item_video_link":"https:\/\/www.youtube.com\/watch?v=kB4U67tiQLA","eael_fg_gallery_control_name":"Festival","eael_fg_gallery_item_name":"","fg_item_price":"$20.00","fg_item_ratings":"5","fg_item_cat":"Essential Addons","eael_fg_gallery_item_content":"","eael_fg_gallery_img":{"url":"https:\/\/urbanfeatconstruction.com\/wp-content\/uploads\/2022\/10\/1-Fest.jpg","id":3669,"alt":"","source":"library"},"eael_fg_gallery_link":"","_id":"42683cd"},{"eael_fg_gallery_item_video_link":"https:\/\/www.youtube.com\/watch?v=kB4U67tiQLA","eael_fg_gallery_control_name":"Festival","eael_fg_gallery_item_name":"","fg_item_price":"$20.00","fg_item_ratings":"5","fg_item_cat":"Essential Addons","eael_fg_gallery_item_content":"","eael_fg_gallery_img":{"url":"https:\/\/urbanfeatconstruction.com\/wp-content\/uploads\/2022\/10\/Festival.jpg","id":3628,"alt":"","source":"library"},"eael_fg_gallery_link":"","_id":"39f015d"},{"eael_fg_gallery_item_video_link":"https:\/\/www.youtube.com\/watch?v=kB4U67tiQLA","eael_fg_gallery_control_name":"Festival","eael_fg_gallery_item_name":"","fg_item_price":"$20.00","fg_item_ratings":"5","fg_item_cat":"Essential Addons","eael_fg_gallery_item_content":"","eael_fg_gallery_img":{"url":"https:\/\/urbanfeatconstruction.com\/wp-content\/uploads\/2022\/10\/9-Festiva.jpg","id":3686,"alt":"","source":"library"},"eael_fg_gallery_link":"","_id":"090ee44"},{"eael_fg_gallery_item_video_link":"https:\/\/www.youtube.com\/watch?v=kB4U67tiQLA","eael_fg_gallery_control_name":"Festival","eael_fg_gallery_item_name":"","fg_item_price":"$20.00","fg_item_ratings":"5","fg_item_cat":"Essential Addons","eael_fg_gallery_item_content":"","eael_fg_gallery_img":{"url":"https:\/\/urbanfeatconstruction.com\/wp-content\/uploads\/2022\/10\/6-Festival.jpg","id":3678,"alt":"","source":"library"},"eael_fg_gallery_link":"","_id":"993ad1f"},{"eael_fg_gallery_item_video_link":"https:\/\/www.youtube.com\/watch?v=kB4U67tiQLA","eael_fg_gallery_control_name":"Festival","eael_fg_gallery_item_name":"","fg_item_price":"$20.00","fg_item_ratings":"5","fg_item_cat":"Essential Addons","eael_fg_gallery_item_content":"","eael_fg_gallery_img":{"url":"https:\/\/urbanfeatconstruction.com\/wp-content\/uploads\/2022\/10\/8-Festival.jpg","id":3690,"alt":"","source":"library"},"eael_fg_gallery_link":"","_id":"6987a33"},{"_id":"d9633c8","eael_fg_gallery_item_video_link":"https:\/\/www.youtube.com\/watch?v=kB4U67tiQLA","eael_fg_gallery_control_name":"MISCELLANEOUS","eael_fg_gallery_item_name":"","fg_item_price":"$20.00","fg_item_ratings":"5","fg_item_cat":"Essential Addons","eael_fg_gallery_item_content":"","eael_fg_gallery_img":{"url":"https:\/\/urbanfeatconstruction.com\/wp-content\/uploads\/2022\/10\/Misc.jpg","id":3637,"alt":"","source":"library"},"eael_fg_gallery_link":""},{"eael_fg_gallery_item_video_link":"https:\/\/www.youtube.com\/watch?v=kB4U67tiQLA","eael_fg_gallery_control_name":"MISCELLANEOUS","eael_fg_gallery_item_name":"","fg_item_price":"$20.00","fg_item_ratings":"5","fg_item_cat":"Essential Addons","eael_fg_gallery_item_content":"","eael_fg_gallery_img":{"url":"https:\/\/urbanfeatconstruction.com\/wp-content\/uploads\/2022\/10\/Misc-1.jpg","id":3654,"alt":"","source":"library"},"eael_fg_gallery_link":"","_id":"3b18ba4"},{"eael_fg_gallery_item_video_link":"https:\/\/www.youtube.com\/watch?v=kB4U67tiQLA","eael_fg_gallery_control_name":"MISCELLANEOUS","eael_fg_gallery_item_name":"","fg_item_price":"$20.00","fg_item_ratings":"5","fg_item_cat":"Essential Addons","eael_fg_gallery_item_content":"","eael_fg_gallery_img":{"url":"https:\/\/urbanfeatconstruction.com\/wp-content\/uploads\/2022\/10\/mISC-1-1.jpg","id":3661,"alt":"","source":"library"},"eael_fg_gallery_link":"","_id":"89686d2"}],"images_per_page":6,"load_more_text":"Load More","nomore_items_text":"No more items!","eael_fg_video_item_icon_hover_scale":"1.1","fg_sf_placeholder":"Search Gallery Item...","__globals__":{"eael_fg_item_icon_bg_color":"globals\/colors?id=accent","eael_fg_item_icon_bg_color_hover":"globals\/colors?id=5646cc51"},"eael_fg_not_found_text":"No Items Found"},"elements":[],"isInner":false,"widgetType":"eael-filterable-gallery","elType":"widget"}],"isInner":true,"elType":"column"}],"isInner":true,"elType":"section"}],"page_settings":{"eael_ext_toc_title":"Table of Contents","background_background":"classic","background_color":"#ffffff","astra_sites_main_color":"var(--ast-global-color-0)","astra_sites_heading_base_color":"var(--ast-global-color-2)","astra_sites_link_color":"var(--ast-global-color-0)","astra_sites_link_hover_color":"var(--ast-global-color-1)","astra_sites_text_color":"var(--ast-global-color-3)","astra_sites_body_typography":"custom","astra_sites_body_font_size":{"unit":"px","size":16},"astra_sites_body_font_family":"Open Sans","astra_sites_body_font_weight":"400","astra_sites_heading_1_typography":"custom","astra_sites_heading_1_font_size":{"unit":"px","size":72},"astra_sites_heading_1_font_size_tablet":{"unit":"px","size":48},"astra_sites_heading_1_font_size_mobile":{"unit":"px","size":36},"astra_sites_default_heading_font_family":"'Barlow', sans-serif","astra_sites_heading_1_font_family":"'Barlow'","astra_sites_heading_1_font_weight":"600","astra_sites_heading_2_typography":"custom","astra_sites_heading_2_font_size":{"unit":"px","size":40},"astra_sites_heading_2_font_size_tablet":{"unit":"px","size":32},"astra_sites_heading_2_font_size_mobile":{"unit":"px","size":32},"astra_sites_heading_2_font_family":"'Barlow'","astra_sites_heading_2_font_weight":"600","astra_sites_heading_3_typography":"custom","astra_sites_heading_3_font_size":{"unit":"px","size":32},"astra_sites_heading_3_font_size_tablet":{"unit":"px","size":28},"astra_sites_heading_3_font_size_mobile":{"unit":"px","size":28},"astra_sites_heading_3_font_family":"'Barlow'","astra_sites_heading_3_font_weight":"600","astra_sites_heading_4_typography":"custom","astra_sites_heading_4_font_size":{"unit":"px","size":24},"astra_sites_heading_4_font_size_tablet":{"unit":"px","size":24},"astra_sites_heading_4_font_size_mobile":{"unit":"px","size":22},"astra_sites_heading_4_font_family":"'Barlow'","astra_sites_heading_4_font_weight":"600","astra_sites_heading_4_text_transform":"capitalize","astra_sites_heading_5_typography":"custom","astra_sites_heading_5_font_size":{"unit":"px","size":20},"astra_sites_heading_5_font_size_tablet":{"unit":"px","size":20},"astra_sites_heading_5_font_size_mobile":{"unit":"px","size":18},"astra_sites_heading_5_font_family":"'Barlow'","astra_sites_heading_5_font_weight":"600","astra_sites_heading_5_text_transform":"capitalize","astra_sites_heading_6_typography":"custom","astra_sites_heading_6_font_size":{"unit":"px","size":14},"astra_sites_heading_6_font_size_tablet":{"unit":"px","size":13},"astra_sites_heading_6_font_size_mobile":{"unit":"px","size":12},"astra_sites_heading_6_font_family":"'Barlow'","astra_sites_heading_6_font_weight":"600","astra_sites_heading_6_text_transform":"capitalize","astra_sites_page_setting_enable":""},"version":"0.4","title":"block page","type":"section"}