{"content":[{"id":"515d4a81","settings":{"background_background":"classic","background_image":{"id":3108,"url":"https:\/\/urbanfeatconstruction.com\/wp-content\/uploads\/2022\/10\/New-Project-5.jpg","alt":"","source":"library"},"background_position":"center center","background_repeat":"no-repeat","background_size":"cover","background_overlay_background":"classic","background_overlay_opacity":{"unit":"px","size":0.64},"padding":{"unit":"px","top":"240","right":"0","bottom":"160","left":"0","isLinked":""},"padding_mobile":{"unit":"px","top":"160","right":"24","bottom":"80","left":"24","isLinked":""},"gap":"no","padding_tablet":{"unit":"px","top":"160","right":"40","bottom":"120","left":"40","isLinked":""},"__globals__":{"background_overlay_color":"globals\/colors?id=astglobalcolor2"}},"elements":[{"id":"79c8b7f2","settings":{"_column_size":"100","space_between_widgets":"10","background_background":"classic"},"elements":[{"id":"5624a6d","settings":{"title":"Project Management System","typography_font_size_mobile":{"unit":"px","size":""},"typography_font_size_tablet":{"unit":"px","size":""},"title_color":"#ffffff","header_size":"h1","align_mobile":"center"},"elements":[],"isInner":false,"widgetType":"heading","elType":"widget"}],"isInner":"","elType":"column"}],"isInner":"","elType":"section"},{"id":"6a366209","settings":{"structure":"20","margin":{"unit":"px","top":"0","right":0,"bottom":"128","left":0,"isLinked":""},"padding":{"unit":"px","top":"104","right":"0","bottom":"0","left":"0","isLinked":""},"padding_mobile":{"unit":"px","top":"64","right":"24","bottom":"64","left":"24","isLinked":""},"gap":"no","padding_tablet":{"unit":"px","top":"80","right":"40","bottom":"80","left":"40","isLinked":""},"background_color":"#FFFFFF","background_color_stop":{"unit":"%","size":"80","sizes":[]},"background_color_b":"#F4F8FD","background_color_b_stop":{"unit":"%","size":"80","sizes":[]},"z_index":"1","margin_tablet":{"unit":"px","top":"0","right":"0","bottom":"0","left":"0","isLinked":""}},"elements":[{"id":"1263b416","settings":{"_column_size":"50","margin_tablet":{"unit":"px","top":"40","right":"0","bottom":"0","left":"40","isLinked":""},"_inline_size_tablet":"100","border_border":"solid","border_width":{"unit":"px","top":"4","right":"4","bottom":"4","left":"4","isLinked":"1"},"margin":{"unit":"px","top":"40","right":"40","bottom":"0","left":"40","isLinked":""},"margin_mobile":{"unit":"px","top":"16","right":"0","bottom":"0","left":"16","isLinked":""},"__globals__":{"border_color":"globals\/colors?id=astglobalcolor0"}},"elements":[{"id":"447770be","settings":{"image":{"id":2865,"url":"https:\/\/urbanfeatconstruction.com\/wp-content\/uploads\/2022\/10\/active-activity-assembling-2739217.jpg","alt":"active, activity, assembling-2739217.jpg","source":"library"},"image_size":"custom","image_custom_dimension":{"width":"640","height":"720"},"image_box_shadow_box_shadow_type":"yes","image_box_shadow_box_shadow":{"horizontal":"64","vertical":"64","blur":"160","spread":"-40","color":"rgba(0, 0, 0, 0.24)"},"_margin":{"unit":"px","top":"-44","right":"0","bottom":"0","left":"-44","isLinked":""},"_margin_mobile":{"unit":"px","top":"-20","right":"0","bottom":"0","left":"-20","isLinked":""},"_padding":{"unit":"px","top":"0","right":"44","bottom":"44","left":"0","isLinked":""},"_padding_mobile":{"unit":"px","top":"0","right":"20","bottom":"20","left":"0","isLinked":""}},"elements":[],"isInner":false,"widgetType":"image","elType":"widget"}],"isInner":"","elType":"column"},{"id":"533439c9","settings":{"_column_size":"50","margin_tablet":{"unit":"px","top":"0","right":"0","bottom":"0","left":"0","isLinked":""},"_inline_size_tablet":"100","margin":{"unit":"px","top":"0","right":"0","bottom":"0","left":"40","isLinked":""},"padding":{"unit":"px","top":"56","right":"0","bottom":"0","left":"0","isLinked":""}},"elements":[{"id":"7bdd9709","settings":{"title":"Our expertise in Project Management!","typography_font_size_mobile":{"unit":"px","size":""},"typography_font_size_tablet":{"unit":"px","size":""}},"elements":[],"isInner":false,"widgetType":"heading","elType":"widget"},{"id":"430f3651","settings":{"width":{"unit":"px","size":"64","sizes":[]},"text":"Divider","weight":{"unit":"px","size":"4","sizes":[]},"gap":{"unit":"px","size":"0","sizes":[]},"__globals__":{"color":"globals\/colors?id=astglobalcolor0"}},"elements":[],"isInner":false,"widgetType":"divider","elType":"widget"},{"id":"74bdbb42","settings":{"editor":"<p><span style=\"font-weight: 400;\">At <\/span><b>URBANFEAT CONSTRUCTION<\/b><span style=\"font-weight: 400;\">, we plan the client's project from the scratch -Project Planning, Scheduling and Monitoring is an integral part of the Project Management System.<\/span><\/p>","_margin":{"unit":"px","top":"0","right":"0","bottom":"-8","left":"0","isLinked":""},"_margin_tablet":{"unit":"px","top":"0","right":"80","bottom":"0","left":"0","isLinked":""},"_margin_mobile":{"unit":"px","top":"0","right":"16","bottom":"0","left":"0","isLinked":""},"align":"justify"},"elements":[],"isInner":false,"widgetType":"text-editor","elType":"widget"},{"id":"41b6514c","settings":{"gap":"no","margin_mobile":{"unit":"px","top":"-16","right":"0","bottom":"0","left":"0","isLinked":""}},"elements":[{"id":"25886463","settings":{"_column_size":100,"margin_mobile":{"unit":"px","top":"0","right":"0","bottom":"16","left":"0","isLinked":""},"_inline_size":null},"elements":[{"id":"9901b4","settings":{"icon_list":[{"text":"Design assistance","icon":"fa fa-arrow-circle-o-right","_id":"xzwxkw3","selected_icon":{"value":"fas fa-check-circle","library":"fa-solid"},"__fa4_migrated":{"selected_icon":"1"}},{"text":"Technical product assistance","icon":"fa fa-arrow-circle-o-right","_id":"7xytbu6","selected_icon":{"value":"fas fa-check-circle","library":"fa-solid"},"__fa4_migrated":{"selected_icon":"1"}},{"text":"Product selection assistance","icon":"fa fa-arrow-circle-o-right","selected_icon":{"value":"fas fa-check-circle","library":"fa-solid"},"__fa4_migrated":{"selected_icon":"1"},"_id":"eba335e"}],"space_between":{"unit":"px","size":"8"},"icon_align":"left","icon_size":{"unit":"px","size":"16"},"icon_align_mobile":"left","text_indent":{"unit":"px","size":"8","sizes":[]},"icon_typography_typography":"custom","icon_typography_font_weight":"600","__globals__":{"icon_color":"globals\/colors?id=astglobalcolor0"}},"elements":[],"isInner":false,"widgetType":"icon-list","elType":"widget"},{"id":"5580c841","settings":{"editor":"<p><span style=\"font-weight: 400;\">We have a team of experts who prepare detailed plans for the layout showing colous scheme,materials, lighting, custom furniture and all installations to living.<\/span><span style=\"font-weight: 400;\">We provide clients with detailed drawings and scale models, if required. We also show clients samples of the materials that they recommend. As part of the process, designers also ensure that their plans conform to building regulations and federal, state, and local laws.<\/span><\/p>","_margin":{"unit":"px","top":"0","right":"0","bottom":"-8","left":"0","isLinked":""},"_margin_tablet":{"unit":"px","top":"0","right":"80","bottom":"0","left":"0","isLinked":""},"_margin_mobile":{"unit":"px","top":"0","right":"16","bottom":"0","left":"0","isLinked":""},"align":"justify"},"elements":[],"isInner":false,"widgetType":"text-editor","elType":"widget"}],"isInner":"1","elType":"column"}],"isInner":"1","elType":"section"}],"isInner":"","elType":"column"}],"isInner":"","elType":"section"},{"id":"5b210e6b","settings":{"structure":"20","margin":{"unit":"px","top":"0","right":0,"bottom":"128","left":0,"isLinked":""},"padding":{"unit":"px","top":"0","right":"0","bottom":"0","left":"0","isLinked":""},"padding_mobile":{"unit":"px","top":"64","right":"24","bottom":"64","left":"24","isLinked":""},"gap":"no","padding_tablet":{"unit":"px","top":"80","right":"40","bottom":"80","left":"40","isLinked":""},"background_color":"#FFFFFF","background_color_stop":{"unit":"%","size":"80","sizes":[]},"background_color_b":"#F4F8FD","background_color_b_stop":{"unit":"%","size":"80","sizes":[]},"z_index":"1","margin_tablet":{"unit":"px","top":"0","right":"0","bottom":"0","left":"0","isLinked":""}},"elements":[{"id":"276cd033","settings":{"_column_size":"50","margin_tablet":{"unit":"px","top":"40","right":"0","bottom":"0","left":"40","isLinked":""},"_inline_size_tablet":"100","border_border":"solid","border_width":{"unit":"px","top":"4","right":"4","bottom":"4","left":"4","isLinked":"1"},"margin":{"unit":"px","top":"40","right":"40","bottom":"0","left":"40","isLinked":""},"margin_mobile":{"unit":"px","top":"16","right":"0","bottom":"0","left":"16","isLinked":""},"__globals__":{"border_color":"globals\/colors?id=astglobalcolor0"}},"elements":[{"id":"6134a5fb","settings":{"image":{"id":3717,"url":"https:\/\/urbanfeatconstruction.com\/wp-content\/uploads\/2022\/10\/steel-fence-wire-2415720.jpg","alt":"steel, fence, wire-2415720.jpg","source":"library"},"image_size":"custom","image_custom_dimension":{"width":"500","height":"400"},"image_box_shadow_box_shadow_type":"yes","image_box_shadow_box_shadow":{"horizontal":"64","vertical":"64","blur":"160","spread":"-40","color":"rgba(0, 0, 0, 0.24)"},"_margin":{"unit":"px","top":"-44","right":"0","bottom":"0","left":"-44","isLinked":""},"_margin_mobile":{"unit":"px","top":"-20","right":"0","bottom":"0","left":"-20","isLinked":""},"_padding":{"unit":"px","top":"0","right":"44","bottom":"44","left":"0","isLinked":""},"_padding_mobile":{"unit":"px","top":"0","right":"20","bottom":"20","left":"0","isLinked":""}},"elements":[],"isInner":false,"widgetType":"image","elType":"widget"}],"isInner":"","elType":"column"},{"id":"6dbd873b","settings":{"_column_size":"50","margin_tablet":{"unit":"px","top":"0","right":"0","bottom":"0","left":"0","isLinked":""},"_inline_size_tablet":"100","margin":{"unit":"px","top":"0","right":"0","bottom":"0","left":"40","isLinked":""},"padding":{"unit":"px","top":"56","right":"0","bottom":"0","left":"0","isLinked":""},"content_position":"center"},"elements":[{"id":"23767810","settings":{"title":"Bar bending Schedule \n","typography_font_size_mobile":{"unit":"px","size":""},"typography_font_size_tablet":{"unit":"px","size":""}},"elements":[],"isInner":false,"widgetType":"heading","elType":"widget"},{"id":"3149350","settings":{"width":{"unit":"px","size":"64","sizes":[]},"text":"Divider","weight":{"unit":"px","size":"4","sizes":[]},"gap":{"unit":"px","size":"0","sizes":[]},"__globals__":{"color":"globals\/colors?id=astglobalcolor0"}},"elements":[],"isInner":false,"widgetType":"divider","elType":"widget"},{"id":"4baabf6e","settings":{"editor":"<p><span style=\"font-weight: 400;\">Bar bending schedule is a tabular representation of reinforcement bar. It is generally represented for each type of R.C.C work. With the help of a bar bending schedule the requirement of different length and sizes of bars may be known and can be arranged and bent-up during the time of construction.It describes the particulars of bars, shape of bending with sketches and total length and weight of the bars along with their numbers.<\/span><\/p>","_margin":{"unit":"px","top":"0","right":"0","bottom":"-8","left":"0","isLinked":""},"_margin_tablet":{"unit":"px","top":"0","right":"80","bottom":"0","left":"0","isLinked":""},"_margin_mobile":{"unit":"px","top":"0","right":"16","bottom":"0","left":"0","isLinked":""},"align":"justify"},"elements":[],"isInner":false,"widgetType":"text-editor","elType":"widget"}],"isInner":"","elType":"column"}],"isInner":"","elType":"section"},{"id":"1ba06d9e","settings":{"structure":"20","margin":{"unit":"px","top":"0","right":0,"bottom":"128","left":0,"isLinked":""},"padding":{"unit":"px","top":"0","right":"0","bottom":"0","left":"0","isLinked":""},"padding_mobile":{"unit":"px","top":"64","right":"24","bottom":"64","left":"24","isLinked":""},"gap":"no","padding_tablet":{"unit":"px","top":"80","right":"40","bottom":"80","left":"40","isLinked":""},"background_color":"#FFFFFF","background_color_stop":{"unit":"%","size":"80","sizes":[]},"background_color_b":"#F4F8FD","background_color_b_stop":{"unit":"%","size":"80","sizes":[]},"z_index":"1","margin_tablet":{"unit":"px","top":"0","right":"0","bottom":"0","left":"0","isLinked":""}},"elements":[{"id":"377be343","settings":{"_column_size":"50","margin_tablet":{"unit":"px","top":"40","right":"0","bottom":"0","left":"40","isLinked":""},"_inline_size_tablet":"100","border_border":"solid","border_width":{"unit":"px","top":"4","right":"4","bottom":"4","left":"4","isLinked":"1"},"margin":{"unit":"px","top":"40","right":"40","bottom":"0","left":"40","isLinked":""},"margin_mobile":{"unit":"px","top":"16","right":"0","bottom":"0","left":"16","isLinked":""},"__globals__":{"border_color":"globals\/colors?id=astglobalcolor0"}},"elements":[{"id":"6e27696c","settings":{"image":{"id":2872,"url":"https:\/\/urbanfeatconstruction.com\/wp-content\/uploads\/2022\/10\/alarm-clock-time-good-morning-2116043.jpg","alt":"alarm clock, time, good morning-2116043.jpg","source":"library"},"image_size":"custom","image_custom_dimension":{"width":"640","height":"720"},"image_box_shadow_box_shadow_type":"yes","image_box_shadow_box_shadow":{"horizontal":"64","vertical":"64","blur":"160","spread":"-40","color":"rgba(0, 0, 0, 0.24)"},"_margin":{"unit":"px","top":"-44","right":"0","bottom":"0","left":"-44","isLinked":""},"_margin_mobile":{"unit":"px","top":"-20","right":"0","bottom":"0","left":"-20","isLinked":""},"_padding":{"unit":"px","top":"0","right":"44","bottom":"44","left":"0","isLinked":""},"_padding_mobile":{"unit":"px","top":"0","right":"20","bottom":"20","left":"0","isLinked":""}},"elements":[],"isInner":false,"widgetType":"image","elType":"widget"}],"isInner":"","elType":"column"},{"id":"52352ecf","settings":{"_column_size":"50","margin_tablet":{"unit":"px","top":"0","right":"0","bottom":"0","left":"0","isLinked":""},"_inline_size_tablet":"100","margin":{"unit":"px","top":"0","right":"0","bottom":"0","left":"40","isLinked":""},"padding":{"unit":"px","top":"56","right":"0","bottom":"0","left":"0","isLinked":""}},"elements":[{"id":"d59cd3e","settings":{"title":"Time Management","typography_font_size_mobile":{"unit":"px","size":""},"typography_font_size_tablet":{"unit":"px","size":""}},"elements":[],"isInner":false,"widgetType":"heading","elType":"widget"},{"id":"2ea0d559","settings":{"width":{"unit":"px","size":"64","sizes":[]},"text":"Divider","weight":{"unit":"px","size":"4","sizes":[]},"gap":{"unit":"px","size":"0","sizes":[]},"__globals__":{"color":"globals\/colors?id=astglobalcolor0"}},"elements":[],"isInner":false,"widgetType":"divider","elType":"widget"},{"id":"7c84d635","settings":{"editor":"<ul><li style=\"font-weight: 400;\" aria-level=\"1\"><span style=\"font-weight: 400;\">Effective time management is used to lower the overall construction cost by assigning workers with attainable daily and time frames. This is also to ensure that they make an efficient use of their energy and billing hours.<\/span><\/li><li style=\"font-weight: 400;\" aria-level=\"1\"><span style=\"font-weight: 400;\">Time management organises the approved time frame by the client into schedules of milestones for the purpose of meeting the deadline or even beating it.<\/span><\/li><li style=\"font-weight: 400;\" aria-level=\"1\"><span style=\"font-weight: 400;\">Time management helps in securing the contractor\u2019s profitability as they are legally binded in a contract with the client where delays can result in a partial loss in profit or termination of contract.<\/span><\/li><li style=\"font-weight: 400;\" aria-level=\"1\"><span style=\"font-weight: 400;\">Since time management techniques help complete the project on time, it can impress the client leading him to create a positive testimonial for your construction firm that will be useful when getting a new project. It can even win the trust of the client leading him to reward a new project to you. <\/span><\/li><\/ul>","_margin":{"unit":"px","top":"0","right":"0","bottom":"-8","left":"0","isLinked":""},"_margin_tablet":{"unit":"px","top":"0","right":"80","bottom":"0","left":"0","isLinked":""},"_margin_mobile":{"unit":"px","top":"0","right":"16","bottom":"0","left":"0","isLinked":""},"align":"justify"},"elements":[],"isInner":false,"widgetType":"text-editor","elType":"widget"}],"isInner":"","elType":"column"}],"isInner":"","elType":"section"},{"id":"54474f8d","settings":{"structure":"20","margin":{"unit":"px","top":"0","right":0,"bottom":"128","left":0,"isLinked":""},"padding":{"unit":"px","top":"0","right":"0","bottom":"0","left":"0","isLinked":""},"padding_mobile":{"unit":"px","top":"64","right":"24","bottom":"64","left":"24","isLinked":""},"gap":"no","padding_tablet":{"unit":"px","top":"80","right":"40","bottom":"80","left":"40","isLinked":""},"background_color":"#FFFFFF","background_color_stop":{"unit":"%","size":"80","sizes":[]},"background_color_b":"#F4F8FD","background_color_b_stop":{"unit":"%","size":"80","sizes":[]},"z_index":"1","margin_tablet":{"unit":"px","top":"0","right":"0","bottom":"0","left":"0","isLinked":""}},"elements":[{"id":"5e51fbdc","settings":{"_column_size":"50","margin_tablet":{"unit":"px","top":"40","right":"0","bottom":"0","left":"40","isLinked":""},"_inline_size_tablet":"100","border_border":"solid","border_width":{"unit":"px","top":"4","right":"4","bottom":"4","left":"4","isLinked":"1"},"margin":{"unit":"px","top":"40","right":"40","bottom":"0","left":"40","isLinked":""},"margin_mobile":{"unit":"px","top":"16","right":"0","bottom":"0","left":"16","isLinked":""},"__globals__":{"border_color":"globals\/colors?id=astglobalcolor0"}},"elements":[{"id":"7f9d6167","settings":{"image":{"id":3721,"url":"https:\/\/urbanfeatconstruction.com\/wp-content\/uploads\/2022\/10\/rupee-indian-india-4395462.jpg","alt":"rupee, indian, india-4395462.jpg","source":"library"},"image_size":"custom","image_custom_dimension":{"width":"640","height":"720"},"image_box_shadow_box_shadow_type":"yes","image_box_shadow_box_shadow":{"horizontal":"64","vertical":"64","blur":"160","spread":"-40","color":"rgba(0, 0, 0, 0.24)"},"_margin":{"unit":"px","top":"-44","right":"0","bottom":"0","left":"-44","isLinked":""},"_margin_mobile":{"unit":"px","top":"-20","right":"0","bottom":"0","left":"-20","isLinked":""},"_padding":{"unit":"px","top":"0","right":"44","bottom":"44","left":"0","isLinked":""},"_padding_mobile":{"unit":"px","top":"0","right":"20","bottom":"20","left":"0","isLinked":""}},"elements":[],"isInner":false,"widgetType":"image","elType":"widget"}],"isInner":"","elType":"column"},{"id":"655aaba7","settings":{"_column_size":"50","margin_tablet":{"unit":"px","top":"0","right":"0","bottom":"0","left":"0","isLinked":""},"_inline_size_tablet":"100","margin":{"unit":"px","top":"0","right":"0","bottom":"0","left":"40","isLinked":""},"padding":{"unit":"px","top":"56","right":"0","bottom":"0","left":"0","isLinked":""}},"elements":[{"id":"598a60fe","settings":{"title":"Cost management","typography_font_size_mobile":{"unit":"px","size":""},"typography_font_size_tablet":{"unit":"px","size":""}},"elements":[],"isInner":false,"widgetType":"heading","elType":"widget"},{"id":"2b094f26","settings":{"width":{"unit":"px","size":"64","sizes":[]},"text":"Divider","weight":{"unit":"px","size":"4","sizes":[]},"gap":{"unit":"px","size":"0","sizes":[]},"__globals__":{"color":"globals\/colors?id=astglobalcolor0"}},"elements":[],"isInner":false,"widgetType":"divider","elType":"widget"},{"id":"55b2b112","settings":{"editor":"<ul><li style=\"font-weight: 400;\" aria-level=\"1\"><span style=\"font-weight: 400;\">Effective time management is used to lower the overall construction cost by assigning workers with attainable daily and time frames. This is also to ensure that they make an efficient use of their energy and billing hours.<\/span><\/li><li style=\"font-weight: 400;\" aria-level=\"1\"><span style=\"font-weight: 400;\">Time management organises the approved time frame by the client into schedules of milestones for the purpose of meeting the deadline or even beating it.<\/span><\/li><li style=\"font-weight: 400;\" aria-level=\"1\"><span style=\"font-weight: 400;\">Time management helps in securing the contractor\u2019s profitability as they are legally binded in a contract with the client where delays can result in a partial loss in profit or termination of contract.<\/span><\/li><li style=\"font-weight: 400;\" aria-level=\"1\"><span style=\"font-weight: 400;\">Since time management techniques help complete the project on time, it can impress the client leading him to create a positive testimonial for your construction firm that will be useful when getting a new project. It can even win the trust of the client leading him to reward a new project to you. <\/span><\/li><\/ul>","_margin":{"unit":"px","top":"0","right":"0","bottom":"-8","left":"0","isLinked":""},"_margin_tablet":{"unit":"px","top":"0","right":"80","bottom":"0","left":"0","isLinked":""},"_margin_mobile":{"unit":"px","top":"0","right":"16","bottom":"0","left":"0","isLinked":""},"align":"justify"},"elements":[],"isInner":false,"widgetType":"text-editor","elType":"widget"}],"isInner":"","elType":"column"}],"isInner":"","elType":"section"},{"id":"39639837","settings":{"structure":"20","margin":{"unit":"px","top":"0","right":0,"bottom":"128","left":0,"isLinked":""},"padding":{"unit":"px","top":"0","right":"0","bottom":"0","left":"0","isLinked":""},"padding_mobile":{"unit":"px","top":"64","right":"24","bottom":"64","left":"24","isLinked":""},"gap":"no","padding_tablet":{"unit":"px","top":"80","right":"40","bottom":"80","left":"40","isLinked":""},"background_color":"#FFFFFF","background_color_stop":{"unit":"%","size":"80","sizes":[]},"background_color_b":"#F4F8FD","background_color_b_stop":{"unit":"%","size":"80","sizes":[]},"z_index":"1","margin_tablet":{"unit":"px","top":"0","right":"0","bottom":"0","left":"0","isLinked":""}},"elements":[{"id":"5ed1779d","settings":{"_column_size":"50","margin_tablet":{"unit":"px","top":"40","right":"0","bottom":"0","left":"40","isLinked":""},"_inline_size_tablet":"100","border_border":"solid","border_width":{"unit":"px","top":"4","right":"4","bottom":"4","left":"4","isLinked":"1"},"margin":{"unit":"px","top":"40","right":"40","bottom":"0","left":"40","isLinked":""},"margin_mobile":{"unit":"px","top":"16","right":"0","bottom":"0","left":"16","isLinked":""},"__globals__":{"border_color":"globals\/colors?id=astglobalcolor0"}},"elements":[{"id":"78489132","settings":{"image":{"id":2918,"url":"https:\/\/urbanfeatconstruction.com\/wp-content\/uploads\/2022\/10\/construction-site-tube-earthworks-3255854.jpg","alt":"construction site, tube, earthworks-3255854.jpg","source":"library"},"image_size":"custom","image_custom_dimension":{"width":"450","height":"400"},"image_box_shadow_box_shadow_type":"yes","image_box_shadow_box_shadow":{"horizontal":"64","vertical":"64","blur":"160","spread":"-40","color":"rgba(0, 0, 0, 0.24)"},"_margin":{"unit":"px","top":"-44","right":"0","bottom":"0","left":"-44","isLinked":""},"_margin_mobile":{"unit":"px","top":"-20","right":"0","bottom":"0","left":"-20","isLinked":""},"_padding":{"unit":"px","top":"0","right":"44","bottom":"44","left":"0","isLinked":""},"_padding_mobile":{"unit":"px","top":"0","right":"20","bottom":"20","left":"0","isLinked":""}},"elements":[],"isInner":false,"widgetType":"image","elType":"widget"}],"isInner":"","elType":"column"},{"id":"4adb1339","settings":{"_column_size":"50","margin_tablet":{"unit":"px","top":"0","right":"0","bottom":"0","left":"0","isLinked":""},"_inline_size_tablet":"100","margin":{"unit":"px","top":"0","right":"0","bottom":"0","left":"40","isLinked":""},"padding":{"unit":"px","top":"56","right":"0","bottom":"0","left":"0","isLinked":""},"content_position":"center"},"elements":[{"id":"22fa4e0f","settings":{"title":"Resource management","typography_font_size_mobile":{"unit":"px","size":""},"typography_font_size_tablet":{"unit":"px","size":""}},"elements":[],"isInner":false,"widgetType":"heading","elType":"widget"},{"id":"4691133b","settings":{"width":{"unit":"px","size":"64","sizes":[]},"text":"Divider","weight":{"unit":"px","size":"4","sizes":[]},"gap":{"unit":"px","size":"0","sizes":[]},"__globals__":{"color":"globals\/colors?id=astglobalcolor0"}},"elements":[],"isInner":false,"widgetType":"divider","elType":"widget"},{"id":"7d38fb77","settings":{"editor":"<p><b>URBANFEAT CONSTRUCTION <\/b><span style=\"font-weight: 400;\">does proper planning, scheduling, and allocating people, money, and technology to a project or program. We manage our resources in such a manner that we have qualified personnel available at the right\u00a0 time for the right work.<\/span><\/p>","_margin":{"unit":"px","top":"0","right":"0","bottom":"-8","left":"0","isLinked":""},"_margin_tablet":{"unit":"px","top":"0","right":"80","bottom":"0","left":"0","isLinked":""},"_margin_mobile":{"unit":"px","top":"0","right":"16","bottom":"0","left":"0","isLinked":""},"align":"justify"},"elements":[],"isInner":false,"widgetType":"text-editor","elType":"widget"}],"isInner":"","elType":"column"}],"isInner":"","elType":"section"},{"id":"4f584561","settings":{"structure":"20","margin":{"unit":"px","top":"0","right":0,"bottom":"128","left":0,"isLinked":""},"padding":{"unit":"px","top":"0","right":"0","bottom":"0","left":"0","isLinked":""},"padding_mobile":{"unit":"px","top":"64","right":"24","bottom":"64","left":"24","isLinked":""},"gap":"no","padding_tablet":{"unit":"px","top":"80","right":"40","bottom":"80","left":"40","isLinked":""},"background_color":"#FFFFFF","background_color_stop":{"unit":"%","size":"80","sizes":[]},"background_color_b":"#F4F8FD","background_color_b_stop":{"unit":"%","size":"80","sizes":[]},"z_index":"1","margin_tablet":{"unit":"px","top":"0","right":"0","bottom":"0","left":"0","isLinked":""}},"elements":[{"id":"79f64a26","settings":{"_column_size":"50","margin_tablet":{"unit":"px","top":"40","right":"0","bottom":"0","left":"40","isLinked":""},"_inline_size_tablet":"100","border_border":"solid","border_width":{"unit":"px","top":"4","right":"4","bottom":"4","left":"4","isLinked":"1"},"margin":{"unit":"px","top":"40","right":"40","bottom":"0","left":"40","isLinked":""},"margin_mobile":{"unit":"px","top":"16","right":"0","bottom":"0","left":"16","isLinked":""},"__globals__":{"border_color":"globals\/colors?id=astglobalcolor0"}},"elements":[{"id":"6a355991","settings":{"image":{"id":2929,"url":"https:\/\/urbanfeatconstruction.com\/wp-content\/uploads\/2022\/10\/New-Project-4.jpg","alt":"","source":"library"},"image_size":"custom","image_custom_dimension":{"width":"640","height":"720"},"image_box_shadow_box_shadow_type":"yes","image_box_shadow_box_shadow":{"horizontal":"64","vertical":"64","blur":"160","spread":"-40","color":"rgba(0, 0, 0, 0.24)"},"_margin":{"unit":"px","top":"-44","right":"0","bottom":"0","left":"-44","isLinked":""},"_margin_mobile":{"unit":"px","top":"-20","right":"0","bottom":"0","left":"-20","isLinked":""},"_padding":{"unit":"px","top":"0","right":"44","bottom":"44","left":"0","isLinked":""},"_padding_mobile":{"unit":"px","top":"0","right":"20","bottom":"20","left":"0","isLinked":""}},"elements":[],"isInner":false,"widgetType":"image","elType":"widget"}],"isInner":"","elType":"column"},{"id":"6881c90a","settings":{"_column_size":"50","margin_tablet":{"unit":"px","top":"0","right":"0","bottom":"0","left":"0","isLinked":""},"_inline_size_tablet":"100","margin":{"unit":"px","top":"0","right":"0","bottom":"0","left":"40","isLinked":""},"padding":{"unit":"px","top":"56","right":"0","bottom":"0","left":"0","isLinked":""},"content_position":"center"},"elements":[{"id":"7176f19e","settings":{"title":"Procurement Management","typography_font_size_mobile":{"unit":"px","size":""},"typography_font_size_tablet":{"unit":"px","size":""}},"elements":[],"isInner":false,"widgetType":"heading","elType":"widget"},{"id":"126b09d7","settings":{"width":{"unit":"px","size":"64","sizes":[]},"text":"Divider","weight":{"unit":"px","size":"4","sizes":[]},"gap":{"unit":"px","size":"0","sizes":[]},"__globals__":{"color":"globals\/colors?id=astglobalcolor0"}},"elements":[],"isInner":false,"widgetType":"divider","elType":"widget"},{"id":"755b436b","settings":{"editor":"<p><span style=\"font-weight: 400;\">These functions are fully computerised based on software developed within the organisation and the latest Project Scheduling and Monitoring software packages from the leading companies.<\/span><\/p><p><span style=\"font-weight: 400;\">The scheduling of various activities proceed in an integrated manner with the involvement of all the concerned Divisions.<\/span><\/p><p><span style=\"font-weight: 400;\">All activities being monitored on a regular basis with critical activities being monitored on a day to day basis. Reports related to critical activities, on-going activities, hold up analysis, remedial action taken \/proposed etc. are generated for detailed review, decision making and action, wherever required.<\/span><\/p>","_margin":{"unit":"px","top":"0","right":"0","bottom":"-8","left":"0","isLinked":""},"_margin_tablet":{"unit":"px","top":"0","right":"80","bottom":"0","left":"0","isLinked":""},"_margin_mobile":{"unit":"px","top":"0","right":"16","bottom":"0","left":"0","isLinked":""},"align":"justify"},"elements":[],"isInner":false,"widgetType":"text-editor","elType":"widget"}],"isInner":"","elType":"column"}],"isInner":"","elType":"section"},{"id":"11761195","settings":{"background_position":"center center","background_repeat":"no-repeat","background_size":"cover","padding":{"unit":"px","top":"104","right":"0","bottom":"104","left":"0","isLinked":""},"padding_tablet":{"unit":"px","top":"80","right":"40","bottom":"80","left":"40","isLinked":""},"padding_mobile":{"unit":"px","top":"80","right":"24","bottom":"64","left":"24","isLinked":""},"gap":"no","hide_desktop":"hidden-desktop","hide_tablet":"hidden-tablet","hide_mobile":"hidden-mobile"},"elements":[{"id":"3fe21028","settings":{"_column_size":"100"},"elements":[{"id":"2d0353dc","settings":{"title":"Our Expert Team","typography_font_size_mobile":{"unit":"px","size":""},"typography_font_size_tablet":{"unit":"px","size":""}},"elements":[],"isInner":false,"widgetType":"heading","elType":"widget"},{"id":"448073b2","settings":{"width":{"unit":"px","size":"64","sizes":[]},"text":"Divider","weight":{"unit":"px","size":"4","sizes":[]},"gap":{"unit":"px","size":"0","sizes":[]},"__globals__":{"color":"globals\/colors?id=astglobalcolor0"}},"elements":[],"isInner":false,"widgetType":"divider","elType":"widget"},{"id":"51ce06c7","settings":{"editor":"<p>You can use these sections to highlight the features of heading. Use these paragraphs to focus on the topic you want. Make sure you keep it short, attractive.<\/p>","typography_font_size":{"unit":"px","size":""},"typography_line_height":{"unit":"em","size":""},"_margin_mobile":{"unit":"px","top":"0","right":"0","bottom":"0","left":"0","isLinked":""},"_margin":{"unit":"%","top":"0","right":"50","bottom":"0","left":"0","isLinked":""},"_margin_tablet":{"unit":"%","top":"0","right":"32","bottom":"0","left":"0","isLinked":""}},"elements":[],"isInner":false,"widgetType":"text-editor","elType":"widget"},{"id":"1e504b5c","settings":{"gap":"no","structure":"30","margin":{"unit":"px","top":"16","right":"0","bottom":"0","left":"0","isLinked":""}},"elements":[{"id":"37d9b550","settings":{"_column_size":"33","margin_mobile":{"unit":"px","top":"0","right":"0","bottom":"40","left":"0","isLinked":""},"margin":{"unit":"px","top":"0","right":"10","bottom":"0","left":"10","isLinked":false}},"elements":[{"id":"2445876f","settings":{"image":{"id":2138,"url":"https:\/\/urbanfeatconstruction.com\/wp-content\/uploads\/2022\/10\/meeting-business-architect-2284501.jpg","alt":"meeting, business, architect-2284501.jpg","source":"library"},"image_size":"full","image_box_shadow_box_shadow_type":"yes","image_box_shadow_box_shadow":{"horizontal":"0","vertical":"64","blur":"80","spread":"-48","color":"rgba(0, 0, 0, 0.24)"},"css_filters_css_filter":"custom","css_filters_brightness":{"unit":"px","size":"88","sizes":[]},"css_filters_contrast":{"unit":"px","size":"88","sizes":[]},"css_filters_saturate":{"unit":"px","size":"80","sizes":[]},"css_filters_hover_css_filter":"custom","background_hover_transition":{"unit":"px","size":"0.2","sizes":[]}},"elements":[],"isInner":false,"widgetType":"image","elType":"widget"},{"id":"19758d9","settings":{"image":{"url":"","id":""},"title_text":"Architect","description_text":"","title_bottom_space":{"unit":"px","size":"8","sizes":[]},"description_typography_font_size":{"unit":"em","size":"","sizes":[]},"title_size":"h4","_margin":{"unit":"px","top":"15","right":"0","bottom":"0","left":"0","isLinked":false}},"elements":[],"isInner":false,"widgetType":"image-box","elType":"widget"}],"isInner":"1","elType":"column"},{"id":"711f5d7","settings":{"_column_size":"33","margin_mobile":{"unit":"px","top":"0","right":"0","bottom":"40","left":"0","isLinked":""},"margin":{"unit":"px","top":"0","right":"10","bottom":"0","left":"10","isLinked":false}},"elements":[{"id":"558c5f6e","settings":{"image":{"id":2145,"url":"https:\/\/urbanfeatconstruction.com\/wp-content\/uploads\/2022\/10\/expression-industry-worker-3174967.jpg","alt":"expression, industry, worker-3174967.jpg","source":"library"},"image_size":"full","image_box_shadow_box_shadow_type":"yes","image_box_shadow_box_shadow":{"horizontal":"0","vertical":"64","blur":"80","spread":"-48","color":"rgba(0, 0, 0, 0.24)"},"css_filters_css_filter":"custom","css_filters_brightness":{"unit":"px","size":"88","sizes":[]},"css_filters_contrast":{"unit":"px","size":"88","sizes":[]},"css_filters_saturate":{"unit":"px","size":"80","sizes":[]},"css_filters_hover_css_filter":"custom","background_hover_transition":{"unit":"px","size":"0.2","sizes":[]}},"elements":[],"isInner":false,"widgetType":"image","elType":"widget"},{"id":"c59539f","settings":{"image":{"url":"","id":""},"title_text":"Construction Supervisor","description_text":"","title_bottom_space":{"unit":"px","size":"8","sizes":[]},"description_typography_font_size":{"unit":"em","size":"","sizes":[]},"title_size":"h4","_margin":{"unit":"px","top":"15","right":"0","bottom":"0","left":"0","isLinked":false}},"elements":[],"isInner":false,"widgetType":"image-box","elType":"widget"}],"isInner":"1","elType":"column"},{"id":"4c0f3e4b","settings":{"_column_size":"33"},"elements":[{"id":"70a1c0f2","settings":{"image":{"id":2149,"url":"https:\/\/urbanfeatconstruction.com\/wp-content\/uploads\/2022\/10\/dining-room-living-room-modern-3108037.jpg","alt":"dining room, living room, modern-3108037.jpg","source":"library"},"image_size":"full","image_box_shadow_box_shadow_type":"yes","image_box_shadow_box_shadow":{"horizontal":"0","vertical":"64","blur":"80","spread":"-48","color":"rgba(0, 0, 0, 0.24)"},"css_filters_css_filter":"custom","css_filters_brightness":{"unit":"px","size":"88","sizes":[]},"css_filters_contrast":{"unit":"px","size":"88","sizes":[]},"css_filters_saturate":{"unit":"px","size":"80","sizes":[]},"css_filters_hover_css_filter":"custom","background_hover_transition":{"unit":"px","size":"0.2","sizes":[]}},"elements":[],"isInner":false,"widgetType":"image","elType":"widget"},{"id":"5d9b63c8","settings":{"image":{"url":"","id":""},"title_text":"Interior Designer","description_text":"","title_bottom_space":{"unit":"px","size":"8","sizes":[]},"description_typography_font_size":{"unit":"em","size":"","sizes":[]},"title_size":"h4","_margin":{"unit":"px","top":"15","right":"0","bottom":"0","left":"0","isLinked":false}},"elements":[],"isInner":false,"widgetType":"image-box","elType":"widget"}],"isInner":"1","elType":"column"}],"isInner":"1","elType":"section"}],"isInner":"","elType":"column"}],"isInner":"","elType":"section"},{"id":"25d8e0f1","settings":{"content_width":{"unit":"px","size":"800","sizes":[]},"gap":"no","background_background":"classic","background_image":{"id":"1769","url":"https:\/\/urbanfeatconstruction.com\/wp-content\/uploads\/2020\/08\/CTA-bg-1.jpg"},"background_position":"top center","background_attachment":"fixed","background_repeat":"no-repeat","background_size":"cover","background_overlay_background":"classic","margin":{"unit":"px","top":"","right":"0","bottom":"","left":"0","isLinked":"1"},"padding":{"unit":"px","top":"104","right":"0","bottom":"0","left":"0","isLinked":""},"z_index":"1","__globals__":{"background_overlay_color":"globals\/colors?id=astglobalcolor2"}},"elements":[{"id":"7d0941fa","settings":{"_column_size":"100"},"elements":[{"id":"6a925c72","settings":{"width":{"unit":"px","size":"64","sizes":[]},"text":"Divider","weight":{"unit":"px","size":"4","sizes":[]},"gap":{"unit":"px","size":"0","sizes":[]},"align":"center","__globals__":{"color":"globals\/colors?id=astglobalcolor0"}},"elements":[],"isInner":false,"widgetType":"divider","elType":"widget"},{"id":"73a50641","settings":{"title":"We Provide the Best Service in Industry\u200b","align":"center","__globals__":{"title_color":"globals\/colors?id=astglobalcolor5"}},"elements":[],"isInner":false,"widgetType":"heading","elType":"widget"},{"id":"47195233","settings":{"editor":"Add a line that tells users how easily they can get in touch with you","typography_font_size":{"unit":"px","size":""},"typography_line_height":{"unit":"em","size":""},"align_mobile":"center","_margin_mobile":{"unit":"px","top":"15","right":"15","bottom":"15","left":"15","isLinked":"1"},"align":"center","_margin":{"unit":"px","top":"0","right":"72","bottom":"0","left":"72","isLinked":""},"__globals__":{"text_color":"globals\/colors?id=astglobalcolor4"}},"elements":[],"isInner":false,"widgetType":"text-editor","elType":"widget"},{"id":"1e55cc87","settings":{"text":"Contact Us Today","align":"center","selected_icon":{"value":{"id":"1766","url":"https:\/\/urbanfeatconstruction.com\/wp-content\/uploads\/2020\/08\/arrow-right-solid.svg"},"library":"svg"},"icon_align":"right","icon_indent":{"unit":"px","size":"16","sizes":[]},"button_box_shadow_box_shadow_type":"yes","button_box_shadow_box_shadow":{"horizontal":"0","vertical":"16","blur":"32","spread":"-16","color":"rgba(255, 94, 20, 0.64)"},"_margin":{"unit":"px","top":"40","right":"0","bottom":"-24","left":"0","isLinked":""},"__globals__":{"button_text_color":"globals\/colors?id=astglobalcolor5"},"_css_classes":"popmake-2252"},"elements":[],"isInner":false,"widgetType":"button","elType":"widget"}],"isInner":"","elType":"column"}],"isInner":"","elType":"section"}],"page_settings":{"background_background":"classic","background_color":"#ffffff","astra_sites_main_color":"var(--ast-global-color-0)","astra_sites_heading_base_color":"var(--ast-global-color-2)","astra_sites_link_color":"var(--ast-global-color-0)","astra_sites_link_hover_color":"var(--ast-global-color-1)","astra_sites_text_color":"var(--ast-global-color-3)","astra_sites_body_typography":"custom","astra_sites_body_font_size":{"unit":"px","size":16},"astra_sites_body_font_family":"Open Sans","astra_sites_body_font_weight":"400","astra_sites_heading_1_typography":"custom","astra_sites_heading_1_font_size":{"unit":"px","size":72},"astra_sites_heading_1_font_size_tablet":{"unit":"px","size":48},"astra_sites_heading_1_font_size_mobile":{"unit":"px","size":36},"astra_sites_default_heading_font_family":"'Barlow', sans-serif","astra_sites_heading_1_font_family":"'Barlow'","astra_sites_heading_1_font_weight":"600","astra_sites_heading_2_typography":"custom","astra_sites_heading_2_font_size":{"unit":"px","size":40},"astra_sites_heading_2_font_size_tablet":{"unit":"px","size":32},"astra_sites_heading_2_font_size_mobile":{"unit":"px","size":32},"astra_sites_heading_2_font_family":"'Barlow'","astra_sites_heading_2_font_weight":"600","astra_sites_heading_3_typography":"custom","astra_sites_heading_3_font_size":{"unit":"px","size":32},"astra_sites_heading_3_font_size_tablet":{"unit":"px","size":28},"astra_sites_heading_3_font_size_mobile":{"unit":"px","size":28},"astra_sites_heading_3_font_family":"'Barlow'","astra_sites_heading_3_font_weight":"600","astra_sites_heading_4_typography":"custom","astra_sites_heading_4_font_size":{"unit":"px","size":24},"astra_sites_heading_4_font_size_tablet":{"unit":"px","size":24},"astra_sites_heading_4_font_size_mobile":{"unit":"px","size":22},"astra_sites_heading_4_font_family":"'Barlow'","astra_sites_heading_4_font_weight":"600","astra_sites_heading_4_text_transform":"capitalize","astra_sites_heading_5_typography":"custom","astra_sites_heading_5_font_size":{"unit":"px","size":20},"astra_sites_heading_5_font_size_tablet":{"unit":"px","size":20},"astra_sites_heading_5_font_size_mobile":{"unit":"px","size":18},"astra_sites_heading_5_font_family":"'Barlow'","astra_sites_heading_5_font_weight":"600","astra_sites_heading_5_text_transform":"capitalize","astra_sites_heading_6_typography":"custom","astra_sites_heading_6_font_size":{"unit":"px","size":14},"astra_sites_heading_6_font_size_tablet":{"unit":"px","size":13},"astra_sites_heading_6_font_size_mobile":{"unit":"px","size":12},"astra_sites_heading_6_font_family":"'Barlow'","astra_sites_heading_6_font_weight":"600","astra_sites_heading_6_text_transform":"capitalize","astra_sites_page_setting_enable":"","eael_ext_toc_title":"Table of Contents"},"version":"0.4","title":"project management system page","type":"page"}