{"content":[{"id":"4417710","settings":{"background_background":"slideshow","background_image":{"id":3022,"url":"https:\/\/urbanfeatconstruction.com\/wp-content\/uploads\/2022\/10\/H-S-1-1.jpg","alt":"","source":"library"},"background_overlay_background":"classic","background_overlay_opacity":{"unit":"px","size":0.5},"background_repeat":"no-repeat","background_size":"cover","background_position":"center center","background_attachment":"fixed","padding":{"unit":"px","top":"260","right":"0","bottom":"240","left":"0","isLinked":""},"padding_tablet":{"unit":"px","top":"160","right":"40","bottom":"120","left":"40","isLinked":""},"background_overlay_color_b":"#000000","padding_mobile":{"unit":"px","top":"160","right":"24","bottom":"104","left":"24","isLinked":""},"gap":"no","__globals__":{"background_overlay_color":""},"background_slideshow_gallery":[{"id":3065,"url":"https:\/\/urbanfeatconstruction.com\/wp-content\/uploads\/2022\/10\/tv.jpg"},{"id":3039,"url":"https:\/\/urbanfeatconstruction.com\/wp-content\/uploads\/2022\/10\/4.jpg"},{"id":3022,"url":"https:\/\/urbanfeatconstruction.com\/wp-content\/uploads\/2022\/10\/H-S-1-1.jpg"}],"background_overlay_color":"#1A1A1AD9"},"elements":[{"id":"4f1de861","settings":{"_column_size":"100","align_mobile":"center"},"elements":[{"id":"3182931f","settings":{"title":"One-Stop Solution For Real Estate Property <span style=\"color:#359E26;\">& Building Construction Needs!  <\/span>","header_size":"h1","typography_font_size_mobile":{"unit":"em","size":""},"typography_line_height_mobile":{"unit":"em","size":""},"typography_font_size_tablet":{"unit":"px","size":""},"title_color":"#ffffff","typography_typography":"custom","typography_font_size":{"unit":"em","size":"","sizes":[]},"align_mobile":"left","_margin":{"unit":"%","top":"0","right":"50","bottom":"0","left":"0","isLinked":false},"align":"left","_margin_tablet":{"unit":"%","top":"0","right":"30","bottom":"0","left":"0","isLinked":false},"_margin_mobile":{"unit":"px","top":"0","right":"0","bottom":"0","left":"0","isLinked":false},"_padding_tablet":{"unit":"px","top":"0","right":"0","bottom":"0","left":"0","isLinked":false},"_animation":"bounceInLeft","animation_duration":"slow"},"elements":[],"isInner":false,"widgetType":"heading","elType":"widget"},{"id":"68f7e017","settings":{"editor":"<p><span data-sheets-value=\"{&quot;1&quot;:2,&quot;2&quot;:&quot;Feel The Magic Of Construction With Our Team&quot;}\" data-sheets-formula=\"=PROPER(R[0]C[-5])\">Feel the Magic of Construction With The Best ISO Certified Real Estate &amp; Construction Company\u00a0 Lucknow Uttar Pradesh<\/span><\/p>","text_color":"#CBD2DE","align_mobile":"left","align":"left"},"elements":[],"isInner":false,"widgetType":"text-editor","elType":"widget"},{"id":"2cbabd58","settings":{"text":"Get Free Quote","typography_letter_spacing":{"unit":"px","size":""},"button_box_shadow_box_shadow":{"horizontal":"0","vertical":"16","blur":"32","spread":"-16","color":"rgba(255, 94, 20, 0.64)"},"_background_background":"classic","align_mobile":"center","size":"md","selected_icon":{"value":{"id":"1766","url":"https:\/\/urbanfeatconstruction.com\/wp-content\/uploads\/2020\/08\/arrow-right-solid.svg"},"library":"svg"},"icon_align":"right","icon_indent":{"unit":"px","size":"15","sizes":[]},"_element_width":"auto","_margin_mobile":{"unit":"px","top":"0","right":"0","bottom":"16","left":"0","isLinked":""},"button_box_shadow_box_shadow_type":"yes","align":"left","_css_classes":"popmake-2252","background_color":"#359E26"},"elements":[],"isInner":false,"widgetType":"button","elType":"widget"},{"id":"306b09b","settings":{"text":"Get In Touch","typography_letter_spacing":{"unit":"px","size":""},"button_box_shadow_box_shadow":{"horizontal":"0","vertical":"0","blur":"44","spread":"","color":"#000000"},"_background_background":"classic","align_mobile":"center","size":"md","icon_align":"right","icon_indent":{"unit":"px","size":"15","sizes":[]},"background_color":"rgba(2, 1, 1, 0)","_element_width":"auto","button_text_color":"rgba(255, 255, 255, 0.8)","hover_color":"#FFFFFF","_margin_mobile":{"unit":"px","top":"0","right":"0","bottom":"16","left":"0","isLinked":""},"link":{"url":"https:\/\/urbanfeatconstruction.com\/contact-us\/","is_external":"","nofollow":"","custom_attributes":""}},"elements":[],"isInner":false,"widgetType":"button","elType":"widget"}],"isInner":"","elType":"column"}],"isInner":"","elType":"section"},{"id":"7e9078bd","settings":{"structure":"20","content_position":"middle","padding":{"unit":"px","top":"104","right":"0","bottom":"104","left":"0","isLinked":""},"padding_tablet":{"unit":"px","top":"80","right":"40","bottom":"80","left":"40","isLinked":""},"padding_mobile":{"unit":"px","top":"64","right":"24","bottom":"64","left":"24","isLinked":""},"gap":"no","__globals__":{"background_color":"globals\/colors?id=astglobalcolor4","background_color_b":"globals\/colors?id=astglobalcolor6"}},"elements":[{"id":"2bf1f17b","settings":{"_column_size":"50","margin_tablet":{"unit":"px","top":"0","right":"80","bottom":"40","left":"0","isLinked":""},"margin_mobile":{"unit":"px","top":"0","right":"16","bottom":"40","left":"0","isLinked":""},"_inline_size_tablet":"100","margin":{"unit":"px","top":"0","right":"80","bottom":"0","left":"0","isLinked":""}},"elements":[{"id":"51036bec","settings":{"title":"Urbanfeat Construction Development Industry Welcomes You!","align":"left","typography_font_size_mobile":{"unit":"px","size":""},"typography_line_height_mobile":{"unit":"em","size":""},"typography_font_size_tablet":{"unit":"px","size":""}},"elements":[],"isInner":false,"widgetType":"heading","elType":"widget"},{"id":"76284990","settings":{"width":{"unit":"px","size":"64","sizes":[]},"text":"Divider","weight":{"unit":"px","size":"4","sizes":[]},"gap":{"unit":"px","size":"0","sizes":[]},"__globals__":{"color":""},"color":"#359E26"},"elements":[],"isInner":false,"widgetType":"divider","elType":"widget"},{"id":"4241bdf5","settings":{"title":"Turning Dreams into Reality with Integrity.","header_size":"h4"},"elements":[],"isInner":false,"widgetType":"heading","elType":"widget"},{"id":"27ecb1a3","settings":{"editor":"<p>The motive of our company is to help people turn their ideas on paper into reality and live in their dream houses .<\/p><p>Gautam Enterprises' branch company <strong>Urbanfeat Construction<\/strong> is well known <b>in Lucknow <\/b>as a <b>commercial building contractor<\/b> that aims to be the No.1 Construction Company in the country under the leadership of Mr Om Prakash Gautam. We at Urbanfeat Construction help try to provide our clients with their dream houses with the help of our expert team of architects who have been working in the industry for years.\u00a0 It is our sole goal here to provide clients with outstanding services at an affordable price so they can achieve what they are looking for.<\/p><p>Our team consists of experienced Architects, Engineers, and Interior Designers who help us accomplish the client's task from the scratch till the handover. This team of experts is what has helped us achieve the title of the <a href=\"https:\/\/urbanfeatconstruction.com\/\"><strong>Best<\/strong> <b>residential and commercial building construction company <\/b><\/a>in the Uttar Pradesh .<\/p><p><span style=\"font-weight: 400;\">\u00a0<\/span><\/p>","align":"justify","typography_line_height":{"unit":"em","size":""}},"elements":[],"isInner":false,"widgetType":"text-editor","elType":"widget"},{"id":"272c0148","settings":{"text":"Divider","__globals__":{"color":"globals\/colors?id=astglobalcolor5"}},"elements":[],"isInner":false,"widgetType":"divider","elType":"widget"},{"id":"43a00e1e","settings":{"icon_list":[{"text":"Call Us Today","selected_icon":{"value":"fas fa-phone","library":"fa-solid"},"_id":"80e968e"}],"icon_size":{"unit":"px","size":"12","sizes":[]},"icon_typography_typography":"custom","icon_typography_font_weight":"600","icon_typography_letter_spacing":{"unit":"px","size":"2","sizes":[]},"_margin":{"unit":"px","top":"0","right":"0","bottom":"-8","left":"0","isLinked":""}},"elements":[],"isInner":false,"widgetType":"icon-list","elType":"widget"},{"id":"29aa2e25","settings":{"title":"+91-7233001002, 0522-7967398","header_size":"h3","_margin":{"unit":"px","top":"0","right":"0","bottom":"0","left":"0","isLinked":""}},"elements":[],"isInner":false,"widgetType":"heading","elType":"widget"}],"isInner":"","elType":"column"},{"id":"76d46364","settings":{"_column_size":"50","margin_tablet":{"unit":"px","top":"40","right":"0","bottom":"0","left":"40","isLinked":""},"_inline_size_tablet":"100","border_border":"solid","border_width":{"unit":"px","top":"4","right":"4","bottom":"4","left":"4","isLinked":"1"},"margin":{"unit":"px","top":"40","right":"0","bottom":"0","left":"80","isLinked":""},"margin_mobile":{"unit":"px","top":"16","right":"0","bottom":"0","left":"16","isLinked":""},"__globals__":{"border_color":""},"border_color":"#359E26"},"elements":[{"id":"6970c6dd","settings":{"image":{"id":3253,"url":"https:\/\/urbanfeatconstruction.com\/wp-content\/uploads\/2022\/10\/New-Project-15.jpg","alt":"","source":"library"},"image_size":"custom","image_custom_dimension":{"width":"640","height":"720"},"image_box_shadow_box_shadow_type":"yes","image_box_shadow_box_shadow":{"horizontal":"64","vertical":"64","blur":"160","spread":"-40","color":"rgba(0, 0, 0, 0.24)"},"_margin":{"unit":"px","top":"-44","right":"0","bottom":"0","left":"-44","isLinked":""},"_margin_mobile":{"unit":"px","top":"-20","right":"0","bottom":"0","left":"-20","isLinked":""},"_padding":{"unit":"px","top":"0","right":"44","bottom":"44","left":"0","isLinked":""},"_padding_mobile":{"unit":"px","top":"0","right":"20","bottom":"20","left":"0","isLinked":""}},"elements":[],"isInner":false,"widgetType":"image","elType":"widget"}],"isInner":"","elType":"column"}],"isInner":"","elType":"section"},{"id":"2a566096","settings":{"content_width":{"unit":"px","size":"800","sizes":[]},"gap":"no","background_background":"classic","background_image":{"id":3073,"url":"https:\/\/urbanfeatconstruction.com\/wp-content\/uploads\/2022\/10\/contact.jpg","alt":"","source":"library"},"background_position":"center center","background_attachment":"fixed","background_repeat":"no-repeat","background_size":"cover","background_overlay_background":"classic","margin":{"unit":"px","top":"","right":"0","bottom":"","left":"0","isLinked":"1"},"padding":{"unit":"px","top":"104","right":"0","bottom":"100","left":"0","isLinked":""},"z_index":"1","__globals__":{"background_overlay_color":""},"background_overlay_opacity":{"unit":"px","size":0.45,"sizes":[]},"background_color":"#0B0B0B","background_overlay_color":"#000000","background_overlay_image":{"url":"","id":"","alt":"","source":"library"}},"elements":[{"id":"72196e01","settings":{"_column_size":"100","padding_mobile":{"unit":"px","top":"0","right":"1","bottom":"0","left":"1","isLinked":false}},"elements":[{"id":"31405279","settings":{"width":{"unit":"px","size":"64","sizes":[]},"text":"Divider","weight":{"unit":"px","size":"4","sizes":[]},"gap":{"unit":"px","size":"0","sizes":[]},"align":"center","__globals__":{"color":""},"color":"#359E26"},"elements":[],"isInner":false,"widgetType":"divider","elType":"widget"},{"id":"74e8ab3d","settings":{"title":"Get Your Free Consultation","align":"center","__globals__":{"title_color":"globals\/colors?id=astglobalcolor5"},"_padding_mobile":{"unit":"px","top":"0","right":"0","bottom":"0","left":"0","isLinked":false}},"elements":[],"isInner":false,"widgetType":"heading","elType":"widget"},{"id":"50c0f070","settings":{"editor":"<p><span style=\"font-weight: 400;\">One Stop Solution to all your construction needs. <\/span><b>URBANFEAT CONSTRUCTION<\/b><span style=\"font-weight: 400;\"> is an ISO certified organisation. Here we ensure that all the standards for quality, safety, and efficiency of products, services, and systems are met with no negotiation.<\/span><\/p>","typography_font_size":{"unit":"px","size":""},"typography_line_height":{"unit":"em","size":""},"align_mobile":"center","_margin_mobile":{"unit":"px","top":"15","right":"15","bottom":"15","left":"15","isLinked":"1"},"align":"center","_margin":{"unit":"px","top":"0","right":"72","bottom":"0","left":"72","isLinked":""},"__globals__":{"text_color":"globals\/colors?id=astglobalcolor4"}},"elements":[],"isInner":false,"widgetType":"text-editor","elType":"widget"},{"id":"1cfae9a4","settings":{"text":"Book an Appointment","align":"center","selected_icon":{"value":{"id":"1766","url":"https:\/\/urbanfeatconstruction.com\/wp-content\/uploads\/2020\/08\/arrow-right-solid.svg"},"library":"svg"},"icon_align":"right","icon_indent":{"unit":"px","size":"16","sizes":[]},"button_box_shadow_box_shadow_type":"yes","button_box_shadow_box_shadow":{"horizontal":"0","vertical":"16","blur":"32","spread":"-16","color":"rgba(255, 94, 20, 0.64)"},"_margin":{"unit":"px","top":"40","right":"0","bottom":"0","left":"0","isLinked":""},"__globals__":{"button_text_color":"globals\/colors?id=astglobalcolor5"},"_css_classes":"popmake-2252","background_color":"#359E26"},"elements":[],"isInner":false,"widgetType":"button","elType":"widget"}],"isInner":"","elType":"column"}],"isInner":"","elType":"section"},{"id":"7bed8217","settings":{"content_position":"middle","padding":{"unit":"px","top":"160","right":"0","bottom":"104","left":"0","isLinked":""},"padding_tablet":{"unit":"px","top":"104","right":"40","bottom":"80","left":"40","isLinked":""},"padding_mobile":{"unit":"px","top":"64","right":"24","bottom":"64","left":"24","isLinked":""},"gap":"no","__globals__":{"background_color_b":"globals\/colors?id=astglobalcolor6","background_color":""},"background_color_b":"#f4f8fd","background_overlay_background":"classic","background_overlay_image":{"url":"https:\/\/urbanfeatconstruction.com\/wp-content\/uploads\/2022\/10\/excavator-construction-machine-two-way-excavator-1212472.jpg","id":2037,"alt":"excavator, construction machine, two-way excavator-1212472.jpg","source":"library"},"background_overlay_opacity":{"unit":"px","size":0.05,"sizes":[]}},"elements":[{"id":"c2bf8b7","settings":{"_column_size":100,"margin_tablet":{"unit":"px","top":"60","right":"0","bottom":"0","left":"0","isLinked":""},"margin_mobile":{"unit":"px","top":"40","right":"0","bottom":"0","left":"0","isLinked":""},"_inline_size_tablet":"100","margin":{"unit":"px","top":"0","right":"0","bottom":"0","left":"40","isLinked":""},"_inline_size":null},"elements":[{"id":"73708d7","settings":{"title":"Our Specialization","typography_font_size_mobile":{"unit":"px","size":""},"typography_font_size_tablet":{"unit":"px","size":""},"align":"center"},"elements":[],"isInner":false,"widgetType":"heading","elType":"widget"},{"id":"5671531d","settings":{"width":{"unit":"px","size":874,"sizes":[]},"text":"Divider","weight":{"unit":"px","size":"4","sizes":[]},"gap":{"unit":"px","size":"0","sizes":[]},"__globals__":{"color":""},"align":"center","color":"#359E26"},"elements":[],"isInner":false,"widgetType":"divider","elType":"widget"},{"id":"48d6fbd8","settings":{"editor":"<p><strong>Deliver\u00a0 best services to our clients in the activities cited below:<\/strong><\/p>","typography_line_height":{"unit":"em","size":""},"_margin_mobile":{"unit":"px","top":"0","right":"0","bottom":"0","left":"0","isLinked":""},"_margin_tablet":{"unit":"px","top":"0","right":"80","bottom":"0","left":"0","isLinked":""},"__globals__":{"text_color":"globals\/colors?id=5646cc51"},"align":"center"},"elements":[],"isInner":false,"widgetType":"text-editor","elType":"widget"},{"id":"525a91a2","settings":{"structure":"20","padding_mobile":{"unit":"px","top":"0","right":"24","bottom":"0","left":"24","isLinked":""},"gap":"no","margin":{"unit":"px","top":"16","right":"0","bottom":"0","left":"0","isLinked":""},"margin_mobile":{"unit":"px","top":"24","right":"0","bottom":"0","left":"0","isLinked":""}},"elements":[{"id":"70b9efe0","settings":{"_column_size":"50","space_between_widgets":"0","margin_tablet":{"unit":"px","top":"0","right":"0","bottom":"0","left":"0","isLinked":""},"margin":{"unit":"px","top":"0","right":"0","bottom":"0","left":"0","isLinked":""}},"elements":[{"id":"79791419","settings":{"selected_icon":{"value":{"url":"https:\/\/urbanfeatconstruction.com\/wp-content\/uploads\/2022\/10\/compass-svgrepo-com.svg","id":2101},"library":"svg"},"view":"stacked","title_text":"Best Architectural Services","description_text":"Urbanfeatconstruction is the best architectural design service available in the industry that includes designing concepts, creating construction documents, and construction commands for contractors at the site. Apart from feasibility studies, architectural programming, and project management, we also offer a variety of other services that makes us the leading residential and commercial architects in Lucknow.","position":"left","title_size":"h5","icon_space":{"unit":"px","size":"16","sizes":[]},"icon_size":{"unit":"px","size":142,"sizes":[]},"icon_padding":{"unit":"px","size":"0","sizes":[]},"title_bottom_space":{"unit":"px","size":"8","sizes":[]},"title_typography_line_height":{"unit":"em","size":""},"description_typography_line_height":{"unit":"em","size":""},"_margin":{"unit":"px","top":"0","right":"24","bottom":"24","left":"0","isLinked":""},"_margin_mobile":{"unit":"px","top":"0","right":"0","bottom":"0","left":"0","isLinked":""},"_padding_mobile":{"unit":"px","top":"0","right":"0","bottom":"20","left":"0","isLinked":""},"__globals__":{"secondary_color":"globals\/colors?id=astglobalcolor3","primary_color":"globals\/colors?id=2535bd7b"},"rotate":{"unit":"deg","size":0,"sizes":[]},"text_align":"justify","text_align_mobile":"center"},"elements":[],"isInner":false,"widgetType":"icon-box","elType":"widget"},{"id":"68163278","settings":{"selected_icon":{"value":{"url":"https:\/\/urbanfeatconstruction.com\/wp-content\/uploads\/2022\/10\/undraw_under_construction_-46-pa.svg","id":2050},"library":"svg"},"view":"stacked","title_text":"Construction up to Client Satisfaction","description_text":"The secret behind our success is our ability to understand our client\u2019s needs. Customer satisfaction is our top priority! So our whole focus lies on constructing dream houses for upto our clients Satisfaction.","position":"left","title_size":"h5","primary_color":"rgba(203, 210, 222, 0)","icon_space":{"unit":"px","size":"16","sizes":[]},"icon_size":{"unit":"px","size":142,"sizes":[]},"icon_padding":{"unit":"px","size":"0","sizes":[]},"title_bottom_space":{"unit":"px","size":"8","sizes":[]},"title_typography_line_height":{"unit":"em","size":""},"description_typography_line_height":{"unit":"em","size":""},"_margin":{"unit":"px","top":"0","right":"24","bottom":"24","left":"0","isLinked":""},"_margin_mobile":{"unit":"px","top":"0","right":"0","bottom":"0","left":"0","isLinked":""},"_padding_mobile":{"unit":"px","top":"0","right":"0","bottom":"20","left":"0","isLinked":""},"__globals__":{"secondary_color":"globals\/colors?id=astglobalcolor0"},"text_align":"justify","text_align_mobile":"center"},"elements":[],"isInner":false,"widgetType":"icon-box","elType":"widget"},{"id":"630b8757","settings":{"selected_icon":{"value":{"url":"https:\/\/urbanfeatconstruction.com\/wp-content\/uploads\/2022\/10\/undraw_growth_analytics_re_pyxf.svg","id":2058},"library":"svg"},"view":"stacked","title_text":"Project Consultancy","description_text":"In Project Management, Planning, Scheduling, and Monitoring play an integral role in starting from scratch till we deliver the project or house within the time period we commit.","position":"left","title_size":"h5","primary_color":"rgba(203, 210, 222, 0)","icon_space":{"unit":"px","size":"16","sizes":[]},"icon_size":{"unit":"px","size":142,"sizes":[]},"icon_padding":{"unit":"px","size":"0","sizes":[]},"title_bottom_space":{"unit":"px","size":"8","sizes":[]},"title_typography_line_height":{"unit":"em","size":""},"description_typography_line_height":{"unit":"em","size":""},"_margin":{"unit":"px","top":"0","right":"24","bottom":"24","left":"0","isLinked":""},"_margin_mobile":{"unit":"px","top":"0","right":"0","bottom":"0","left":"0","isLinked":""},"_padding_mobile":{"unit":"px","top":"0","right":"0","bottom":"20","left":"0","isLinked":""},"__globals__":{"secondary_color":"globals\/colors?id=astglobalcolor0"},"text_align":"justify","text_align_mobile":"center"},"elements":[],"isInner":false,"widgetType":"icon-box","elType":"widget"},{"id":"58d860a8","settings":{"selected_icon":{"value":{"url":"https:\/\/urbanfeatconstruction.com\/wp-content\/uploads\/2022\/10\/building-one-svgrepo-com.svg","id":2088},"library":"svg"},"view":"stacked","title_text":"Residential \/ Commercial Building Renovation","description_text":"Custom Renovation\/Remodelling is the need of the hour. Here we repair or replace any part of a building that may be outdated or damaged as per the client's demands. Our experts not only renovate but also remodel the old structure to give them a brand-new appearance making us the best house or home renovation services near your area. ","position":"left","title_size":"h5","primary_color":"rgba(203, 210, 222, 0)","icon_space":{"unit":"px","size":"16","sizes":[]},"icon_size":{"unit":"px","size":142,"sizes":[]},"icon_padding":{"unit":"px","size":"0","sizes":[]},"title_bottom_space":{"unit":"px","size":"8","sizes":[]},"title_typography_line_height":{"unit":"em","size":""},"description_typography_line_height":{"unit":"em","size":""},"_margin":{"unit":"px","top":"0","right":"24","bottom":"24","left":"0","isLinked":""},"_margin_mobile":{"unit":"px","top":"0","right":"0","bottom":"0","left":"0","isLinked":""},"_padding_mobile":{"unit":"px","top":"0","right":"0","bottom":"20","left":"0","isLinked":""},"__globals__":{"secondary_color":"globals\/colors?id=astglobalcolor0"},"text_align":"justify","text_align_mobile":"center"},"elements":[],"isInner":false,"widgetType":"icon-box","elType":"widget"},{"id":"1e6582fc","settings":{"selected_icon":{"value":{"url":"https:\/\/urbanfeatconstruction.com\/wp-content\/uploads\/2022\/10\/greenhouse-svgrepo-com.svg","id":2579},"library":"svg"},"view":"stacked","title_text":"Green Buildings","description_text":"With the increasing demand for sustainability expertise in the construction sector, we provide a complete array of services specialised in sustainable construction by partnering with experts in the field.\n","position":"left","title_size":"h5","primary_color":"#CBD2DE00","icon_space":{"unit":"px","size":"16","sizes":[]},"icon_size":{"unit":"px","size":142,"sizes":[]},"icon_padding":{"unit":"px","size":"0","sizes":[]},"title_bottom_space":{"unit":"px","size":"8","sizes":[]},"title_typography_line_height":{"unit":"em","size":""},"description_typography_line_height":{"unit":"em","size":""},"_margin":{"unit":"px","top":"0","right":"24","bottom":"24","left":"0","isLinked":""},"_margin_mobile":{"unit":"px","top":"0","right":"0","bottom":"0","left":"0","isLinked":""},"_padding_mobile":{"unit":"px","top":"0","right":"0","bottom":"20","left":"0","isLinked":""},"__globals__":{"secondary_color":"globals\/colors?id=5646cc51"},"text_align":"justify","text_align_mobile":"center"},"elements":[],"isInner":false,"widgetType":"icon-box","elType":"widget"}],"isInner":"1","elType":"column"},{"id":"1d19cc8f","settings":{"_column_size":"50","space_between_widgets":"0"},"elements":[{"id":"62ebcc3a","settings":{"selected_icon":{"value":{"url":"https:\/\/urbanfeatconstruction.com\/wp-content\/uploads\/2022\/10\/undraw_qa_engineers_dg-5-p.svg","id":2046},"library":"svg"},"view":"stacked","title_text":"Pre-Engineering Buildings","description_text":"A high-profile team of Design Engineers, a Drafting team, and a Quantity Surveyor, equipped to provide end-to-end design and engineering solutions for PEBs. Efficient Engineering and Quality driven fabrication have prompted us to target zero error tolerance.\n","position":"left","title_size":"h5","primary_color":"rgba(203, 210, 222, 0)","icon_space":{"unit":"px","size":"16","sizes":[]},"icon_size":{"unit":"px","size":142,"sizes":[]},"icon_padding":{"unit":"px","size":"0","sizes":[]},"title_bottom_space":{"unit":"px","size":"8","sizes":[]},"title_typography_line_height":{"unit":"em","size":""},"description_typography_line_height":{"unit":"em","size":""},"_margin":{"unit":"px","top":"0","right":"24","bottom":"24","left":"0","isLinked":""},"_margin_mobile":{"unit":"px","top":"0","right":"0","bottom":"0","left":"0","isLinked":""},"_padding_mobile":{"unit":"px","top":"0","right":"0","bottom":"20","left":"0","isLinked":""},"__globals__":{"secondary_color":"globals\/colors?id=astglobalcolor0"},"text_align":"justify","text_align_mobile":"center"},"elements":[],"isInner":false,"widgetType":"icon-box","elType":"widget"},{"id":"22bb6ee3","settings":{"selected_icon":{"value":{"url":"https:\/\/urbanfeatconstruction.com\/wp-content\/uploads\/2022\/10\/reshot-icon-home-decoration-4UHQ5NWVPT.svg","id":2062},"library":"svg"},"view":"stacked","title_text":"Real estate Interior Design Services","description_text":"Urbanfeatconstruction is the most affordable interior decoration service Provider in Lucknow where we design unique & practical styles for residential and commercial areas. Creating a highly livable and inviting appearance space.","position":"left","title_size":"h5","primary_color":"rgba(203, 210, 222, 0)","icon_space":{"unit":"px","size":"16","sizes":[]},"icon_size":{"unit":"px","size":142,"sizes":[]},"icon_padding":{"unit":"px","size":"0","sizes":[]},"title_bottom_space":{"unit":"px","size":"8","sizes":[]},"title_typography_line_height":{"unit":"em","size":""},"description_typography_line_height":{"unit":"em","size":""},"_margin":{"unit":"px","top":"0","right":"24","bottom":"24","left":"0","isLinked":""},"_margin_mobile":{"unit":"px","top":"0","right":"0","bottom":"0","left":"0","isLinked":""},"_padding_mobile":{"unit":"px","top":"0","right":"0","bottom":"20","left":"0","isLinked":""},"__globals__":{"secondary_color":""},"secondary_color":"#FF141400","text_align":"justify","text_align_mobile":"center"},"elements":[],"isInner":false,"widgetType":"icon-box","elType":"widget"},{"id":"5f32022a","settings":{"selected_icon":{"value":{"url":"https:\/\/urbanfeatconstruction.com\/wp-content\/uploads\/2022\/10\/umbrellas-svgrepo-com.svg","id":2080},"library":"svg"},"view":"stacked","title_text":"Waterproofing Expert","description_text":"One of the best means to keep your home safe during such circumstances is by employing waterproofing solutions. The problem can only be solved if stringent measures are taken beforehand that is where Urbanfeat\u2019s expert waterproofing services come in handy.\n","position":"left","title_size":"h5","primary_color":"rgba(203, 210, 222, 0)","icon_space":{"unit":"px","size":"16","sizes":[]},"icon_size":{"unit":"px","size":142,"sizes":[]},"icon_padding":{"unit":"px","size":"0","sizes":[]},"title_bottom_space":{"unit":"px","size":"8","sizes":[]},"title_typography_line_height":{"unit":"em","size":""},"description_typography_line_height":{"unit":"em","size":""},"_margin":{"unit":"px","top":"0","right":"24","bottom":"24","left":"0","isLinked":""},"_margin_mobile":{"unit":"px","top":"0","right":"0","bottom":"0","left":"0","isLinked":""},"_z_index":3,"__globals__":{"secondary_color":""},"secondary_color":"#C87650DE","text_align":"justify","text_align_mobile":"center"},"elements":[],"isInner":false,"widgetType":"icon-box","elType":"widget"},{"id":"7ba6bf39","settings":{"selected_icon":{"value":{"url":"https:\/\/urbanfeatconstruction.com\/wp-content\/uploads\/2022\/10\/house-home-svgrepo-com.svg","id":2084},"library":"svg"},"view":"stacked","title_text":"House Re-Modelling Services","description_text":"The sole purpose of building re-modelling is to provide the area with something extra. It involves making alterations or improvements to a house or a piece of real estate to give it an attractive appearance.","position":"left","title_size":"h5","primary_color":"rgba(203, 210, 222, 0)","icon_space":{"unit":"px","size":"16","sizes":[]},"icon_size":{"unit":"px","size":142,"sizes":[]},"icon_padding":{"unit":"px","size":"0","sizes":[]},"title_bottom_space":{"unit":"px","size":"8","sizes":[]},"title_typography_line_height":{"unit":"em","size":""},"description_typography_line_height":{"unit":"em","size":""},"_margin":{"unit":"px","top":"0","right":"24","bottom":"24","left":"0","isLinked":""},"_margin_mobile":{"unit":"px","top":"0","right":"0","bottom":"0","left":"0","isLinked":""},"_z_index":3,"__globals__":{"secondary_color":"globals\/colors?id=5646cc51"}},"elements":[],"isInner":false,"widgetType":"icon-box","elType":"widget"},{"id":"6b1c0cae","settings":{"selected_icon":{"value":{"url":"https:\/\/urbanfeatconstruction.com\/wp-content\/uploads\/2022\/10\/pc-mechanic-svgrepo-com.svg","id":2583},"library":"svg"},"view":"stacked","title_text":"Annual Maintenance Contract","description_text":"We are a prominent Service Provider of AMC. The AMC that we offer is highly professional and reliable. Our Annual Maintenance Contract Services are delivered by our professionals at nominal charges near your locations .","position":"left","title_size":"h5","primary_color":"rgba(203, 210, 222, 0)","icon_space":{"unit":"px","size":"16","sizes":[]},"icon_size":{"unit":"px","size":142,"sizes":[]},"icon_padding":{"unit":"px","size":"0","sizes":[]},"title_bottom_space":{"unit":"px","size":"8","sizes":[]},"title_typography_line_height":{"unit":"em","size":""},"description_typography_line_height":{"unit":"em","size":""},"_margin":{"unit":"px","top":"0","right":"24","bottom":"0","left":"0","isLinked":""},"_margin_mobile":{"unit":"px","top":"0","right":"0","bottom":"0","left":"0","isLinked":""},"_z_index":3,"__globals__":{"secondary_color":"globals\/colors?id=5646cc51"}},"elements":[],"isInner":false,"widgetType":"icon-box","elType":"widget"}],"isInner":"1","elType":"column"}],"isInner":"1","elType":"section"}],"isInner":"","elType":"column"}],"isInner":"","elType":"section"},{"id":"1139603e","settings":{"gap":"no","structure":"20","background_color_stop":{"unit":"%","size":"72","sizes":[]},"background_color_b_stop":{"unit":"%","size":"72","sizes":[]},"margin":{"unit":"px","top":"","right":"0","bottom":"","left":"0","isLinked":"1"},"padding":{"unit":"px","top":"104","right":"0","bottom":"0","left":"0","isLinked":""},"padding_tablet":{"unit":"px","top":"80","right":"40","bottom":"80","left":"40","isLinked":""},"padding_mobile":{"unit":"px","top":"64","right":"24","bottom":"64","left":"24","isLinked":""},"z_index":"1","__globals__":{"background_color":"","background_color_b":"globals\/colors?id=astglobalcolor6"},"background_color_b":"#f4f8fd"},"elements":[{"id":"7c738326","settings":{"_column_size":"50","_inline_size_tablet":"100","margin":{"unit":"px","top":"0","right":"24","bottom":"0","left":"0","isLinked":""},"margin_tablet":{"unit":"px","top":"0","right":"0","bottom":"48","left":"0","isLinked":""}},"elements":[{"id":"53f9937","settings":{"title":"What Our Clients Say","typography_font_size_mobile":{"unit":"px","size":""},"typography_font_size_tablet":{"unit":"px","size":""}},"elements":[],"isInner":false,"widgetType":"heading","elType":"widget"},{"id":"72c0326a","settings":{"width":{"unit":"px","size":"64","sizes":[]},"text":"Divider","weight":{"unit":"px","size":"4","sizes":[]},"gap":{"unit":"px","size":"0","sizes":[]},"__globals__":{"color":""},"color":"#359E26"},"elements":[],"isInner":false,"widgetType":"divider","elType":"widget"},{"id":"2040e6d8","settings":{"editor":"<p>Extremely satisfied clients and their appreciation for our excellent work!\u00a0<\/p>","typography_line_height":{"unit":"em","size":""},"_margin_mobile":{"unit":"px","top":"0","right":"0","bottom":"0","left":"0","isLinked":""},"_margin":{"unit":"px","top":"0","right":"120","bottom":"0","left":"0","isLinked":""},"_padding_mobile":{"unit":"px","top":"0","right":"0","bottom":"0","left":"0","isLinked":""},"_margin_tablet":{"unit":"%","top":"0","right":"32","bottom":"0","left":"0","isLinked":""}},"elements":[],"isInner":false,"widgetType":"text-editor","elType":"widget"},{"id":"1e4f51e8","settings":{"gap":"no","content_position":"middle","structure":"21","background_background":"classic","box_shadow_box_shadow_type":"yes","box_shadow_box_shadow":{"horizontal":"24","vertical":"48","blur":"120","spread":"-24","color":"rgba(0, 0, 0, 0.24)"},"margin":{"unit":"px","top":"32","right":"0","bottom":"0","left":"0","isLinked":""},"__globals__":{"background_color":"globals\/colors?id=astglobalcolor5"}},"elements":[{"id":"6a82a9de","settings":{"_column_size":"33","_inline_size":"40","_inline_size_tablet":"32"},"elements":[{"id":"44b38895","settings":{"image":{"id":3080,"url":"https:\/\/urbanfeatconstruction.com\/wp-content\/uploads\/2022\/10\/Client-One.jpg","alt":"","source":"library"},"image_size":"full","css_filters_css_filter":"custom","css_filters_brightness":{"unit":"px","size":"80","sizes":[]},"css_filters_saturate":{"unit":"px","size":"0","sizes":[]},"css_filters_hover_css_filter":"custom","background_hover_transition":{"unit":"px","size":"0.2","sizes":[]}},"elements":[],"isInner":false,"widgetType":"image","elType":"widget"}],"isInner":"1","elType":"column"},{"id":"983c5d3","settings":{"_column_size":"66","_inline_size":"59.664","space_between_widgets":"0","padding":{"unit":"px","top":"32","right":"48","bottom":"32","left":"40","isLinked":""},"padding_mobile":{"unit":"px","top":"24","right":"24","bottom":"24","left":"24","isLinked":"1"},"_inline_size_tablet":"68"},"elements":[{"id":"242311c0","settings":{"selected_icon":{"value":"fas fa-quote-left","library":"fa-solid"},"align":"","size":{"unit":"px","size":"24","sizes":[]},"__globals__":{"primary_color":""},"primary_color":"#359E26"},"elements":[],"isInner":false,"widgetType":"icon","elType":"widget"},{"id":"5d18a412","settings":{"testimonial_content":"Personally, I appreciate that you make yourself available when requested, you are timely with returning phone calls and emails, and I can always trust you to be fair and honest. The values you demonstrate as the head of your company are seen in your employees. Construction Results has made us feel like a highly valued customer and we will certainly contact you for bids on future work, as well as continue to recommend you to others.\n","testimonial_image":{"url":"","id":""},"testimonial_name":"Mr. Sailesh","testimonial_job":"Susami Sadan","testimonial_alignment":"left","content_typography_typography":"custom","content_typography_font_size":{"unit":"em","size":"1","sizes":[]},"content_typography_font_weight":"600","job_typography_font_size":{"unit":"em","size":"","sizes":[]},"job_typography_typography":"custom","_css_classes":"text-just"},"elements":[],"isInner":false,"widgetType":"testimonial","elType":"widget"}],"isInner":"1","elType":"column"}],"isInner":"1","elType":"section"}],"isInner":"","elType":"column"},{"id":"20db65f","settings":{"_column_size":"50","_inline_size_tablet":"100","margin":{"unit":"px","top":"0","right":"0","bottom":"0","left":"24","isLinked":""},"margin_tablet":{"unit":"px","top":"0","right":"0","bottom":"0","left":"0","isLinked":""}},"elements":[{"id":"3ffca3ea","settings":{"gap":"no","content_position":"middle","structure":"21","background_background":"classic","box_shadow_box_shadow_type":"yes","box_shadow_box_shadow":{"horizontal":"24","vertical":"48","blur":"120","spread":"-24","color":"rgba(0, 0, 0, 0.24)"},"margin":{"unit":"px","top":"0","right":"0","bottom":"48","left":"0","isLinked":""},"margin_tablet":{"unit":"px","top":"","right":"0","bottom":"","left":"0","isLinked":"1"},"__globals__":{"background_color":"globals\/colors?id=astglobalcolor5"}},"elements":[{"id":"136357c4","settings":{"_column_size":"33","_inline_size":"40","_inline_size_tablet":"32"},"elements":[{"id":"66508070","settings":{"image":{"id":3088,"url":"https:\/\/urbanfeatconstruction.com\/wp-content\/uploads\/2022\/10\/Client-2.jpg","alt":"","source":"library"},"image_size":"full","css_filters_css_filter":"custom","css_filters_brightness":{"unit":"px","size":"80","sizes":[]},"css_filters_saturate":{"unit":"px","size":"0","sizes":[]},"css_filters_hover_css_filter":"custom","background_hover_transition":{"unit":"px","size":"0.2","sizes":[]}},"elements":[],"isInner":false,"widgetType":"image","elType":"widget"}],"isInner":"1","elType":"column"},{"id":"6d22994a","settings":{"_column_size":"66","_inline_size":"59.664","space_between_widgets":"0","padding":{"unit":"px","top":"32","right":"48","bottom":"32","left":"40","isLinked":""},"padding_mobile":{"unit":"px","top":"24","right":"24","bottom":"24","left":"24","isLinked":"1"},"_inline_size_tablet":"68"},"elements":[{"id":"6236ebe9","settings":{"selected_icon":{"value":"fas fa-quote-left","library":"fa-solid"},"align":"","size":{"unit":"px","size":"24","sizes":[]},"__globals__":{"primary_color":""},"primary_color":"#359E26"},"elements":[],"isInner":false,"widgetType":"icon","elType":"widget"},{"id":"5c100f53","settings":{"testimonial_content":"I wanted to acknowledge the satisfaction we experienced after the construction work of our Marriage Lawn. I must give a 100% satisfied mark as you not only finished the job early and under budget, but with great sub-contractors and excellent workmanship.","testimonial_image":{"url":"","id":""},"testimonial_name":"Mr M.K Singh","testimonial_job":"Indu Niwas","testimonial_alignment":"left","content_typography_typography":"custom","content_typography_font_size":{"unit":"em","size":"1","sizes":[]},"content_typography_font_weight":"600","job_typography_font_size":{"unit":"em","size":"","sizes":[]}},"elements":[],"isInner":false,"widgetType":"testimonial","elType":"widget"}],"isInner":"1","elType":"column"}],"isInner":"1","elType":"section"},{"id":"7eff5a17","settings":{"gap":"no","content_position":"middle","structure":"21","background_background":"classic","box_shadow_box_shadow_type":"yes","box_shadow_box_shadow":{"horizontal":"24","vertical":"48","blur":"120","spread":"-24","color":"rgba(0, 0, 0, 0.24)"},"margin":{"unit":"px","top":"0","right":"0","bottom":"0","left":"0","isLinked":""},"__globals__":{"background_color":"globals\/colors?id=astglobalcolor5"}},"elements":[{"id":"3e5b9c05","settings":{"_column_size":"33","_inline_size":"40","_inline_size_tablet":"32"},"elements":[{"id":"2d17e62b","settings":{"image":{"id":3095,"url":"https:\/\/urbanfeatconstruction.com\/wp-content\/uploads\/2022\/10\/Client-3.jpg","alt":"","source":"library"},"image_size":"full","css_filters_css_filter":"custom","css_filters_brightness":{"unit":"px","size":"80","sizes":[]},"css_filters_saturate":{"unit":"px","size":"0","sizes":[]},"css_filters_hover_css_filter":"custom","background_hover_transition":{"unit":"px","size":"0.2","sizes":[]}},"elements":[],"isInner":false,"widgetType":"image","elType":"widget"}],"isInner":"1","elType":"column"},{"id":"60d2c564","settings":{"_column_size":"66","_inline_size":"59.664","space_between_widgets":"0","padding":{"unit":"px","top":"32","right":"48","bottom":"32","left":"40","isLinked":""},"padding_mobile":{"unit":"px","top":"24","right":"24","bottom":"24","left":"24","isLinked":"1"},"_inline_size_tablet":"68"},"elements":[{"id":"760611eb","settings":{"selected_icon":{"value":"fas fa-quote-left","library":"fa-solid"},"align":"","size":{"unit":"px","size":"24","sizes":[]},"__globals__":{"primary_color":""},"primary_color":"#359E26"},"elements":[],"isInner":false,"widgetType":"icon","elType":"widget"},{"id":"77f6cfb9","settings":{"testimonial_content":"I would recommend your company, Construction Results for any construction project that is in your field. You are very professional, I was kept well informed, your work was excellent and the project was completed on time.\n","testimonial_image":{"url":"","id":""},"testimonial_name":"Mr. Sudhansu Mohan ","testimonial_job":"Madhuar Niwas","testimonial_alignment":"left","content_typography_typography":"custom","content_typography_font_size":{"unit":"em","size":"1","sizes":[]},"content_typography_font_weight":"600","job_typography_font_size":{"unit":"em","size":"","sizes":[]}},"elements":[],"isInner":false,"widgetType":"testimonial","elType":"widget"}],"isInner":"1","elType":"column"}],"isInner":"1","elType":"section"}],"isInner":"","elType":"column"}],"isInner":"","elType":"section"},{"id":"1a35cf06","settings":{"background_background":"classic","background_repeat":"no-repeat","padding":{"unit":"px","top":"40","right":"0","bottom":"56","left":"0","isLinked":""},"padding_tablet":{"unit":"px","top":"40","right":"40","bottom":"40","left":"40","isLinked":""},"gap":"no","structure":"20","padding_mobile":{"unit":"px","top":"24","right":"24","bottom":"48","left":"24","isLinked":""},"__globals__":{"background_color":"globals\/colors?id=astglobalcolor5"}},"elements":[{"id":"6be98c53","settings":{"_column_size":"50","margin":{"unit":"px","top":"0","right":"80","bottom":"0","left":"0","isLinked":""},"margin_tablet":{"unit":"px","top":"0","right":"0","bottom":"0","left":"0","isLinked":""},"margin_mobile":{"unit":"px","top":"0","right":"0","bottom":"24","left":"0","isLinked":""}},"elements":[{"id":"14ea87d5","settings":{"title":"Our Recent Projects","typography_font_size_mobile":{"unit":"px","size":""},"typography_font_size_tablet":{"unit":"px","size":""}},"elements":[],"isInner":false,"widgetType":"heading","elType":"widget"},{"id":"2abe2201","settings":{"width":{"unit":"px","size":"64","sizes":[]},"text":"Divider","weight":{"unit":"px","size":"4","sizes":[]},"gap":{"unit":"px","size":"0","sizes":[]},"__globals__":{"color":""},"color":"#359E26"},"elements":[],"isInner":false,"widgetType":"divider","elType":"widget"},{"id":"182b2213","settings":{"editor":"You can use these sections to highlight the features of heading. Use these paragraphs to focus on the topic you want. Make sure you keep it short and attractive.","typography_line_height":{"unit":"em","size":""},"_margin_mobile":{"unit":"px","top":"","right":"","bottom":"","left":"","isLinked":"1"}},"elements":[],"isInner":false,"widgetType":"text-editor","elType":"widget"}],"isInner":"","elType":"column"},{"id":"478997f9","settings":{"_column_size":"50","content_position":"bottom","margin":{"unit":"%","top":"","right":"","bottom":"","left":"","isLinked":"1"}},"elements":[{"id":"115cf57c","settings":{"text":"View All Projects","align":"right","align_mobile":"left","selected_icon":{"value":{"id":"1766","url":"https:\/\/urbanfeatconstruction.com\/wp-content\/uploads\/2020\/08\/arrow-right-solid.svg"},"library":"svg"},"icon_align":"right","icon_indent":{"unit":"px","size":"16","sizes":[]},"button_box_shadow_box_shadow_type":"yes","button_box_shadow_box_shadow":{"horizontal":"0","vertical":"16","blur":"32","spread":"-16","color":"rgba(255, 94, 20, 0.64)"},"__globals__":{"button_text_color":"globals\/colors?id=astglobalcolor5"},"background_color":"#359E26"},"elements":[],"isInner":false,"widgetType":"button","elType":"widget"}],"isInner":"","elType":"column"}],"isInner":"","elType":"section"},{"id":"92a8121","settings":{"layout":"full_width","gap":"no","structure":"32","padding":{"unit":"px","top":"0","right":"0","bottom":"0","left":"0","isLinked":""}},"elements":[{"id":"2849cf3c","settings":{"_column_size":"50","_inline_size_tablet":"100","background_background":"classic","background_image":{"id":3229,"url":"https:\/\/urbanfeatconstruction.com\/wp-content\/uploads\/2022\/10\/New-Project-13.jpg","alt":"","source":"library"},"background_position":"center center","background_repeat":"no-repeat","background_size":"cover","background_overlay_background":"classic","background_overlay_opacity":{"unit":"px","size":"0.48","sizes":[]},"background_overlay_hover_background":"classic","background_overlay_hover_opacity":{"unit":"px","size":"0.56","sizes":[]},"padding":{"unit":"px","top":"240","right":"0","bottom":"200","left":"0","isLinked":""},"padding_mobile":{"unit":"px","top":"160","right":"0","bottom":"120","left":"0","isLinked":""},"__globals__":{"background_overlay_color":"globals\/colors?id=astglobalcolor2","background_overlay_hover_color":"globals\/colors?id=astglobalcolor0"}},"elements":[{"id":"61a405b3","settings":{"title":"Hospitals","header_size":"h3","align":"center","_z_index":"1","__globals__":{"title_color":"globals\/colors?id=astglobalcolor5"},"typography_typography":"custom"},"elements":[],"isInner":false,"widgetType":"heading","elType":"widget"},{"id":"7d41bc8d","settings":{"title":"01.","header_size":"span","align":"center","title_color":"#FFFFFF3D","typography_typography":"custom","typography_font_size":{"unit":"em","size":"9","sizes":[]},"_margin":{"unit":"px","top":"-112","right":"0","bottom":"0","left":"0","isLinked":""},"typography_font_weight":"600","__globals__":{"title_color":""}},"elements":[],"isInner":false,"widgetType":"heading","elType":"widget"},{"id":"598838af","settings":{"editor":"<p><span style=\"font-weight: 400;\">Buildings with <\/span><span style=\"font-weight: 400;\">advanced facilities and technologies to sustain the lives of the people<\/span><\/p>","typography_typography":"custom","_margin":{"unit":"px","top":"-37","right":"0","bottom":"0","left":"0","isLinked":false},"_padding":{"unit":"px","top":"0","right":"70","bottom":"0","left":"70","isLinked":false},"__globals__":{"text_color":"globals\/colors?id=astglobalcolor4"}},"elements":[],"isInner":false,"widgetType":"text-editor","elType":"widget"}],"isInner":"","elType":"column"},{"id":"26b5c2ea","settings":{"_column_size":"25","_inline_size_tablet":"50","background_background":"classic","background_image":{"id":3233,"url":"https:\/\/urbanfeatconstruction.com\/wp-content\/uploads\/2022\/10\/Untitled-design-4.png","alt":"","source":"library"},"background_position":"center center","background_repeat":"no-repeat","background_size":"cover","background_overlay_background":"classic","background_overlay_opacity":{"unit":"px","size":"0.48","sizes":[]},"background_overlay_hover_background":"classic","background_overlay_hover_opacity":{"unit":"px","size":"0.56","sizes":[]},"padding":{"unit":"px","top":"240","right":"0","bottom":"200","left":"0","isLinked":""},"padding_mobile":{"unit":"px","top":"160","right":"0","bottom":"120","left":"0","isLinked":""},"__globals__":{"background_overlay_color":"globals\/colors?id=astglobalcolor2","background_overlay_hover_color":"globals\/colors?id=astglobalcolor0"}},"elements":[{"id":"2e04e653","settings":{"title":"Colleges","header_size":"h3","align":"center","_z_index":"1","__globals__":{"title_color":"globals\/colors?id=astglobalcolor5"},"typography_typography":"custom"},"elements":[],"isInner":false,"widgetType":"heading","elType":"widget"},{"id":"2feda85e","settings":{"title":"02.","header_size":"span","align":"center","title_color":"#FFFFFF3D","typography_typography":"custom","typography_font_size":{"unit":"em","size":"9","sizes":[]},"_margin":{"unit":"px","top":"-112","right":"0","bottom":"0","left":"0","isLinked":""},"typography_font_weight":"600","__globals__":{"title_color":""}},"elements":[],"isInner":false,"widgetType":"heading","elType":"widget"},{"id":"600a8070","settings":{"editor":"<p><span style=\"font-weight: 400;\">Learning spaces and learning environments for the teaching of students<\/span><\/p>","typography_typography":"custom","_margin":{"unit":"px","top":"-37","right":"0","bottom":"0","left":"0","isLinked":false},"_padding":{"unit":"px","top":"0","right":"30","bottom":"0","left":"30","isLinked":false},"__globals__":{"text_color":"globals\/colors?id=astglobalcolor4"}},"elements":[],"isInner":false,"widgetType":"text-editor","elType":"widget"}],"isInner":"","elType":"column"},{"id":"1471f4b3","settings":{"_column_size":"25","_inline_size_tablet":"50","background_background":"classic","background_image":{"id":3890,"url":"https:\/\/urbanfeatconstruction.com\/wp-content\/uploads\/2023\/01\/Bridge.jpg","alt":"","source":"library"},"background_position":"center center","background_repeat":"no-repeat","background_size":"cover","background_overlay_background":"classic","background_overlay_opacity":{"unit":"px","size":"0.48","sizes":[]},"background_overlay_hover_background":"classic","background_overlay_hover_opacity":{"unit":"px","size":"0.56","sizes":[]},"padding":{"unit":"px","top":"240","right":"0","bottom":"200","left":"0","isLinked":""},"padding_mobile":{"unit":"px","top":"160","right":"0","bottom":"120","left":"0","isLinked":""},"__globals__":{"background_overlay_color":"globals\/colors?id=astglobalcolor2","background_overlay_hover_color":"globals\/colors?id=astglobalcolor0"}},"elements":[{"id":"78212fe8","settings":{"title":"Banquet Halls","header_size":"h3","align":"center","_z_index":"1","__globals__":{"title_color":"globals\/colors?id=astglobalcolor5"}},"elements":[],"isInner":false,"widgetType":"heading","elType":"widget"},{"id":"34c5ed7f","settings":{"title":"03.","header_size":"span","align":"center","title_color":"#FFFFFF3D","typography_typography":"custom","typography_font_size":{"unit":"em","size":"9","sizes":[]},"_margin":{"unit":"px","top":"-112","right":"0","bottom":"0","left":"0","isLinked":""},"typography_font_weight":"600","__globals__":{"title_color":""}},"elements":[],"isInner":false,"widgetType":"heading","elType":"widget"},{"id":"3596eeda","settings":{"editor":"<p><span style=\"font-weight: 400;\">Spaces for\u00a0 hosting large social and business events<\/span><\/p>","typography_typography":"custom","_margin":{"unit":"px","top":"-37","right":"0","bottom":"0","left":"0","isLinked":false},"_padding":{"unit":"px","top":"0","right":"30","bottom":"0","left":"30","isLinked":false},"__globals__":{"text_color":"globals\/colors?id=astglobalcolor4"}},"elements":[],"isInner":false,"widgetType":"text-editor","elType":"widget"}],"isInner":"","elType":"column"}],"isInner":"","elType":"section"},{"id":"309b1b2f","settings":{"layout":"full_width","gap":"no","structure":"31","padding":{"unit":"px","top":"0","right":"0","bottom":"0","left":"0","isLinked":""}},"elements":[{"id":"ce8aa98","settings":{"_column_size":"25","_inline_size_tablet":"50","background_background":"classic","background_image":{"id":3241,"url":"https:\/\/urbanfeatconstruction.com\/wp-content\/uploads\/2022\/10\/Residen.jpg","alt":"","source":"library"},"background_position":"center center","background_repeat":"no-repeat","background_size":"cover","background_overlay_background":"classic","background_overlay_opacity":{"unit":"px","size":"0.48","sizes":[]},"background_overlay_hover_background":"classic","background_overlay_hover_opacity":{"unit":"px","size":"0.56","sizes":[]},"padding":{"unit":"px","top":"240","right":"0","bottom":"200","left":"0","isLinked":""},"padding_mobile":{"unit":"px","top":"160","right":"0","bottom":"120","left":"0","isLinked":""},"__globals__":{"background_overlay_color":"globals\/colors?id=astglobalcolor2","background_overlay_hover_color":"globals\/colors?id=astglobalcolor0"}},"elements":[{"id":"24bce281","settings":{"title":"Residential Buildings","header_size":"h3","align":"center","_z_index":"1","__globals__":{"title_color":"globals\/colors?id=astglobalcolor5"},"link":{"url":"https:\/\/urbanfeatconstruction.com\/residential\/","is_external":"","nofollow":"","custom_attributes":""}},"elements":[],"isInner":false,"widgetType":"heading","elType":"widget"},{"id":"40e32eee","settings":{"title":"04.","header_size":"span","align":"center","title_color":"#FFFFFF3D","typography_typography":"custom","typography_font_size":{"unit":"em","size":"9","sizes":[]},"_margin":{"unit":"px","top":"-112","right":"0","bottom":"0","left":"0","isLinked":""},"typography_font_weight":"600","__globals__":{"title_color":""}},"elements":[],"isInner":false,"widgetType":"heading","elType":"widget"}],"isInner":"","elType":"column"},{"id":"2df72833","settings":{"_column_size":"25","_inline_size_tablet":"50","background_background":"classic","background_image":{"id":3245,"url":"https:\/\/urbanfeatconstruction.com\/wp-content\/uploads\/2022\/10\/Commercial.jpg","alt":"","source":"library"},"background_position":"center center","background_repeat":"no-repeat","background_size":"cover","background_overlay_background":"classic","background_overlay_opacity":{"unit":"px","size":"0.48","sizes":[]},"background_overlay_hover_background":"classic","background_overlay_hover_opacity":{"unit":"px","size":"0.56","sizes":[]},"padding":{"unit":"px","top":"240","right":"0","bottom":"200","left":"0","isLinked":""},"padding_mobile":{"unit":"px","top":"160","right":"0","bottom":"120","left":"0","isLinked":""},"__globals__":{"background_overlay_color":"globals\/colors?id=astglobalcolor2","background_overlay_hover_color":"globals\/colors?id=astglobalcolor0"}},"elements":[{"id":"340a83d2","settings":{"title":"Commercial-Buildings","header_size":"h3","align":"center","_z_index":"1","__globals__":{"title_color":"globals\/colors?id=astglobalcolor5"},"link":{"url":"https:\/\/urbanfeatconstruction.com\/commercial\/","is_external":"","nofollow":"","custom_attributes":""}},"elements":[],"isInner":false,"widgetType":"heading","elType":"widget"},{"id":"2d89797a","settings":{"title":"05.","header_size":"span","align":"center","title_color":"#FFFFFF3D","typography_typography":"custom","typography_font_size":{"unit":"em","size":"9","sizes":[]},"_margin":{"unit":"px","top":"-112","right":"0","bottom":"0","left":"0","isLinked":""},"typography_font_weight":"600","__globals__":{"title_color":""}},"elements":[],"isInner":false,"widgetType":"heading","elType":"widget"}],"isInner":"","elType":"column"},{"id":"7bf41696","settings":{"_column_size":"50","_inline_size_tablet":"100","background_background":"classic","background_image":{"id":3249,"url":"https:\/\/urbanfeatconstruction.com\/wp-content\/uploads\/2022\/10\/New-Project-14.jpg","alt":"","source":"library"},"background_position":"center center","background_repeat":"no-repeat","background_size":"cover","background_overlay_background":"classic","background_overlay_opacity":{"unit":"px","size":"0.48","sizes":[]},"background_overlay_hover_background":"classic","background_overlay_hover_opacity":{"unit":"px","size":"0.56","sizes":[]},"padding":{"unit":"px","top":"240","right":"0","bottom":"200","left":"0","isLinked":""},"padding_mobile":{"unit":"px","top":"160","right":"0","bottom":"120","left":"0","isLinked":""},"__globals__":{"background_overlay_color":"globals\/colors?id=astglobalcolor2","background_overlay_hover_color":"globals\/colors?id=astglobalcolor0"}},"elements":[{"id":"391a083c","settings":{"title":"Industrial","header_size":"h3","align":"center","_z_index":"1","__globals__":{"title_color":"globals\/colors?id=astglobalcolor5"},"link":{"url":"https:\/\/urbanfeatconstruction.com\/engineering\/","is_external":"","nofollow":"","custom_attributes":""}},"elements":[],"isInner":false,"widgetType":"heading","elType":"widget"},{"id":"34cea88","settings":{"title":"06.","header_size":"span","align":"center","title_color":"#FFFFFF3D","typography_typography":"custom","typography_font_size":{"unit":"em","size":"9","sizes":[]},"_margin":{"unit":"px","top":"-112","right":"0","bottom":"0","left":"0","isLinked":""},"typography_font_weight":"600","__globals__":{"title_color":""}},"elements":[],"isInner":false,"widgetType":"heading","elType":"widget"},{"id":"555da0ad","settings":{"editor":"<p><span style=\"font-weight: 400;\">Construction of PEB Buildings, Industrial &amp; Warehouse Sheds, Roofing &amp; cladding Solutions. <\/span><\/p>","typography_typography":"custom","_margin":{"unit":"px","top":"-37","right":"0","bottom":"0","left":"0","isLinked":false},"_padding":{"unit":"px","top":"0","right":"70","bottom":"0","left":"70","isLinked":false},"__globals__":{"text_color":"globals\/colors?id=astglobalcolor4"}},"elements":[],"isInner":false,"widgetType":"text-editor","elType":"widget"}],"isInner":"","elType":"column"}],"isInner":"","elType":"section"},{"id":"1f61a4dd","settings":{"background_background":"classic","background_position":"center center","background_repeat":"no-repeat","background_size":"cover","padding":{"unit":"px","top":"104","right":"0","bottom":"104","left":"0","isLinked":""},"padding_tablet":{"unit":"px","top":"80","right":"40","bottom":"80","left":"40","isLinked":""},"padding_mobile":{"unit":"px","top":"64","right":"24","bottom":"64","left":"24","isLinked":""},"gap":"no","hide_desktop":"hidden-desktop","hide_tablet":"hidden-tablet","hide_mobile":"hidden-mobile"},"elements":[{"id":"5495c64d","settings":{"_column_size":"100"},"elements":[{"id":"5193cd5a","settings":{"title":"Our Expert Team","typography_font_size_mobile":{"unit":"px","size":""},"typography_font_size_tablet":{"unit":"px","size":""}},"elements":[],"isInner":false,"widgetType":"heading","elType":"widget"},{"id":"2ca14795","settings":{"width":{"unit":"px","size":"64","sizes":[]},"text":"Divider","weight":{"unit":"px","size":"4","sizes":[]},"gap":{"unit":"px","size":"0","sizes":[]},"__globals__":{"color":"globals\/colors?id=astglobalcolor0"}},"elements":[],"isInner":false,"widgetType":"divider","elType":"widget"},{"id":"4ee7d95d","settings":{"editor":"You can use these sections to highlight the features of heading. Use these paragraphs to focus on the topic you want. Make sure you keep it short, attractive.","typography_font_size":{"unit":"px","size":""},"typography_line_height":{"unit":"em","size":""},"_margin_mobile":{"unit":"px","top":"0","right":"0","bottom":"0","left":"0","isLinked":""},"_margin":{"unit":"%","top":"0","right":"50","bottom":"0","left":"0","isLinked":""},"_margin_tablet":{"unit":"%","top":"0","right":"32","bottom":"0","left":"0","isLinked":""}},"elements":[],"isInner":false,"widgetType":"text-editor","elType":"widget"},{"id":"5b9e0223","settings":{"gap":"no","structure":"30","margin":{"unit":"px","top":"16","right":"0","bottom":"0","left":"0","isLinked":""}},"elements":[{"id":"4c6e896d","settings":{"_column_size":"33","margin_mobile":{"unit":"px","top":"0","right":"0","bottom":"40","left":"0","isLinked":""}},"elements":[{"id":"923c06","settings":{"image":{"id":"1881","url":"https:\/\/urbanfeatconstruction.com\/wp-content\/uploads\/2021\/03\/team-img.jpg"},"image_size":"full","image_box_shadow_box_shadow_type":"yes","image_box_shadow_box_shadow":{"horizontal":"0","vertical":"64","blur":"80","spread":"-48","color":"rgba(0, 0, 0, 0.24)"},"css_filters_css_filter":"custom","css_filters_brightness":{"unit":"px","size":"88","sizes":[]},"css_filters_contrast":{"unit":"px","size":"88","sizes":[]},"css_filters_saturate":{"unit":"px","size":"80","sizes":[]},"css_filters_hover_css_filter":"custom","background_hover_transition":{"unit":"px","size":"0.2","sizes":[]}},"elements":[],"isInner":false,"widgetType":"image","elType":"widget"},{"id":"1481c641","settings":{"image":{"url":"","id":""},"title_text":"Juan George\u200b","description_text":"Vice President","title_bottom_space":{"unit":"px","size":"8","sizes":[]},"description_typography_font_size":{"unit":"em","size":"","sizes":[]},"title_size":"h4","_margin":{"unit":"px","top":"15","right":"0","bottom":"0","left":"0","isLinked":false}},"elements":[],"isInner":false,"widgetType":"image-box","elType":"widget"},{"id":"3f2815e1","settings":{"social_icon_list":[{"social_icon":{"value":"fab fa-facebook","library":"fa-brands"},"_id":"f54bf68"},{"social_icon":{"value":"fab fa-twitter","library":"fa-brands"},"_id":"11dc8af"},{"social_icon":{"value":"fab fa-youtube","library":"fa-brands"},"_id":"e2aef00"}],"shape":"circle","icon_color":"custom","icon_size":{"unit":"px","size":"16","sizes":[]},"icon_padding":{"unit":"em","size":"0.5","sizes":[]},"icon_spacing":{"unit":"px","size":"24","sizes":[]},"__globals__":{"icon_primary_color":"globals\/colors?id=astglobalcolor3","hover_primary_color":"globals\/colors?id=astglobalcolor0","icon_secondary_color":"globals\/colors?id=astglobalcolor5","hover_secondary_color":"globals\/colors?id=astglobalcolor5"},"icon_primary_color":"#cbd2de","hover_primary_color":"#ff5e14"},"elements":[],"isInner":false,"widgetType":"social-icons","elType":"widget"}],"isInner":"1","elType":"column"},{"id":"3e2cab2d","settings":{"_column_size":"33","margin_mobile":{"unit":"px","top":"0","right":"0","bottom":"40","left":"0","isLinked":""}},"elements":[{"id":"1993166a","settings":{"image":{"id":"1787","url":"https:\/\/urbanfeatconstruction.com\/wp-content\/uploads\/2020\/08\/team-2-1.jpg"},"image_size":"full","image_box_shadow_box_shadow_type":"yes","image_box_shadow_box_shadow":{"horizontal":"0","vertical":"64","blur":"80","spread":"-48","color":"rgba(0, 0, 0, 0.24)"},"css_filters_css_filter":"custom","css_filters_brightness":{"unit":"px","size":"88","sizes":[]},"css_filters_contrast":{"unit":"px","size":"88","sizes":[]},"css_filters_saturate":{"unit":"px","size":"80","sizes":[]},"css_filters_hover_css_filter":"custom","background_hover_transition":{"unit":"px","size":"0.2","sizes":[]}},"elements":[],"isInner":false,"widgetType":"image","elType":"widget"},{"id":"691e781a","settings":{"image":{"url":"","id":""},"title_text":"Sean Hart","description_text":"Project Leader","title_bottom_space":{"unit":"px","size":"8","sizes":[]},"description_typography_font_size":{"unit":"em","size":"","sizes":[]},"title_size":"h4","_margin":{"unit":"px","top":"15","right":"0","bottom":"0","left":"0","isLinked":false}},"elements":[],"isInner":false,"widgetType":"image-box","elType":"widget"},{"id":"32555b75","settings":{"social_icon_list":[{"social_icon":{"value":"fab fa-facebook","library":"fa-brands"},"_id":"f54bf68"},{"social_icon":{"value":"fab fa-twitter","library":"fa-brands"},"_id":"11dc8af"},{"social_icon":{"value":"fab fa-youtube","library":"fa-brands"},"_id":"e2aef00"}],"shape":"circle","icon_color":"custom","icon_size":{"unit":"px","size":"16","sizes":[]},"icon_padding":{"unit":"em","size":"0.5","sizes":[]},"icon_spacing":{"unit":"px","size":"24","sizes":[]},"__globals__":{"icon_primary_color":"globals\/colors?id=astglobalcolor3","hover_primary_color":"globals\/colors?id=astglobalcolor0","icon_secondary_color":"globals\/colors?id=astglobalcolor5","hover_secondary_color":"globals\/colors?id=astglobalcolor5"},"icon_primary_color":"#cbd2de","hover_primary_color":"#ff5e14"},"elements":[],"isInner":false,"widgetType":"social-icons","elType":"widget"}],"isInner":"1","elType":"column"},{"id":"2e919816","settings":{"_column_size":"33"},"elements":[{"id":"57333fb7","settings":{"image":{"id":"1788","url":"https:\/\/urbanfeatconstruction.com\/wp-content\/uploads\/2020\/08\/team-3-1.jpg"},"image_size":"full","image_box_shadow_box_shadow_type":"yes","image_box_shadow_box_shadow":{"horizontal":"0","vertical":"64","blur":"80","spread":"-48","color":"rgba(0, 0, 0, 0.24)"},"css_filters_css_filter":"custom","css_filters_brightness":{"unit":"px","size":"88","sizes":[]},"css_filters_contrast":{"unit":"px","size":"88","sizes":[]},"css_filters_saturate":{"unit":"px","size":"80","sizes":[]},"css_filters_hover_css_filter":"custom","background_hover_transition":{"unit":"px","size":"0.2","sizes":[]}},"elements":[],"isInner":false,"widgetType":"image","elType":"widget"},{"id":"75c7d6cf","settings":{"image":{"url":"","id":""},"title_text":"Emma Kelly","description_text":"Creative Director","title_bottom_space":{"unit":"px","size":"8","sizes":[]},"description_typography_font_size":{"unit":"em","size":"","sizes":[]},"title_size":"h4","_margin":{"unit":"px","top":"15","right":"0","bottom":"0","left":"0","isLinked":false}},"elements":[],"isInner":false,"widgetType":"image-box","elType":"widget"},{"id":"7012c454","settings":{"social_icon_list":[{"social_icon":{"value":"fab fa-facebook","library":"fa-brands"},"_id":"f54bf68"},{"social_icon":{"value":"fab fa-twitter","library":"fa-brands"},"_id":"11dc8af"},{"social_icon":{"value":"fab fa-youtube","library":"fa-brands"},"_id":"e2aef00"}],"shape":"circle","icon_color":"custom","icon_size":{"unit":"px","size":"16","sizes":[]},"icon_padding":{"unit":"em","size":"0.5","sizes":[]},"icon_spacing":{"unit":"px","size":"24","sizes":[]},"__globals__":{"icon_primary_color":"globals\/colors?id=astglobalcolor3","hover_primary_color":"globals\/colors?id=astglobalcolor0","icon_secondary_color":"globals\/colors?id=astglobalcolor5","hover_secondary_color":"globals\/colors?id=astglobalcolor5"},"icon_primary_color":"#cbd2de","hover_primary_color":"#ff5e14"},"elements":[],"isInner":false,"widgetType":"social-icons","elType":"widget"}],"isInner":"1","elType":"column"}],"isInner":"1","elType":"section"}],"isInner":"","elType":"column"}],"isInner":"","elType":"section"},{"id":"2546dda5","settings":{"structure":"40","background_background":"classic","background_overlay_background":"classic","background_overlay_opacity":{"unit":"px","size":"0"},"background_repeat":"repeat-x","background_size":"cover","gap":"no","padding":{"unit":"px","top":"54","right":"0","bottom":"40","left":"0","isLinked":""},"padding_mobile":{"unit":"px","top":"32","right":"0","bottom":"24","left":"0","isLinked":""},"__globals__":{"background_color":"globals\/colors?id=astglobalcolor5"},"hide_desktop":"hidden-desktop","hide_tablet":"hidden-tablet","hide_mobile":"hidden-mobile"},"elements":[{"id":"794c9893","settings":{"_column_size":"25","space_between_widgets":"0","margin":{"unit":"px","top":"0","right":"0","bottom":"0","left":"0","isLinked":""},"margin_mobile":{"unit":"px","top":"24","right":"0","bottom":"16","left":"0","isLinked":""},"_inline_size_mobile":"50"},"elements":[{"id":"24386c1d","settings":{"starting_number":"","ending_number":1205,"title":"Clients","typography_number_typography":"custom","typography_number_font_size":{"unit":"px","size":"50"},"typography_number_line_height":{"unit":"em","size":""},"_padding":{"unit":"px","top":"0","right":"0","bottom":"0","left":"0","isLinked":""},"_border_border":"solid","_border_width":{"unit":"px","top":"0","right":"1","bottom":"0","left":"0","isLinked":""},"_border_color":"#0000001A","typography_number_font_size_mobile":{"unit":"em","size":"2.8","sizes":[]},"typography_title_typography":"custom","typography_title_font_size":{"unit":"em","size":0.9,"sizes":[]},"typography_title_font_size_mobile":{"unit":"em","size":"","sizes":[]},"typography_title_text_transform":"uppercase","typography_title_letter_spacing":{"unit":"px","size":"2","sizes":[]},"_border_width_mobile":{"unit":"px","top":"0","right":"0","bottom":"0","left":"0","isLinked":"1"},"__globals__":{"number_color":"globals\/colors?id=astglobalcolor0","title_color":"","_border_color":""},"number_color":"#ff5e14"},"elements":[],"isInner":false,"widgetType":"counter","elType":"widget"}],"isInner":"","elType":"column"},{"id":"201447","settings":{"_column_size":"25","space_between_widgets":"0","margin":{"unit":"px","top":"0","right":"0","bottom":"0","left":"0","isLinked":""},"margin_mobile":{"unit":"px","top":"24","right":"0","bottom":"16","left":"0","isLinked":""},"_inline_size_mobile":"50"},"elements":[{"id":"382b528a","settings":{"starting_number":"","ending_number":"4000","title":"Projects","typography_number_typography":"custom","typography_number_font_size":{"unit":"px","size":"50"},"typography_number_line_height":{"unit":"em","size":""},"_padding":{"unit":"px","top":"0","right":"0","bottom":"0","left":"0","isLinked":""},"_border_border":"solid","_border_width":{"unit":"px","top":"0","right":"1","bottom":"0","left":"0","isLinked":""},"_border_color":"#0000001A","typography_number_font_size_mobile":{"unit":"em","size":"2.8","sizes":[]},"typography_title_typography":"custom","typography_title_font_size":{"unit":"em","size":"0.9","sizes":[]},"typography_title_font_size_mobile":{"unit":"em","size":"","sizes":[]},"typography_title_text_transform":"uppercase","typography_title_letter_spacing":{"unit":"px","size":"2","sizes":[]},"_border_width_mobile":{"unit":"px","top":"0","right":"0","bottom":"0","left":"0","isLinked":"1"},"__globals__":{"number_color":"globals\/colors?id=astglobalcolor0","_border_color":""},"number_color":"#ff5e14"},"elements":[],"isInner":false,"widgetType":"counter","elType":"widget"}],"isInner":"","elType":"column"},{"id":"7bd1978c","settings":{"_column_size":"25","space_between_widgets":"0","margin":{"unit":"px","top":"0","right":"0","bottom":"0","left":"0","isLinked":""},"margin_mobile":{"unit":"px","top":"24","right":"0","bottom":"16","left":"0","isLinked":""},"_inline_size_mobile":"50"},"elements":[{"id":"4f92bbce","settings":{"starting_number":"","ending_number":"3568","title":"Repairing","typography_number_typography":"custom","typography_number_font_size":{"unit":"px","size":"50"},"typography_number_line_height":{"unit":"em","size":""},"_padding":{"unit":"px","top":"0","right":"0","bottom":"0","left":"0","isLinked":""},"_border_border":"solid","_border_width":{"unit":"px","top":"0","right":"1","bottom":"0","left":"0","isLinked":""},"_border_color":"#0000001A","typography_number_font_size_mobile":{"unit":"em","size":"2.8","sizes":[]},"typography_title_typography":"custom","typography_title_font_size":{"unit":"em","size":"0.9","sizes":[]},"typography_title_font_size_mobile":{"unit":"em","size":"","sizes":[]},"typography_title_text_transform":"uppercase","typography_title_letter_spacing":{"unit":"px","size":"2","sizes":[]},"_border_width_mobile":{"unit":"px","top":"0","right":"0","bottom":"0","left":"0","isLinked":"1"},"__globals__":{"number_color":"globals\/colors?id=astglobalcolor0","_border_color":""},"number_color":"#ff5e14"},"elements":[],"isInner":false,"widgetType":"counter","elType":"widget"}],"isInner":"","elType":"column"},{"id":"5a1252ab","settings":{"_column_size":"25","space_between_widgets":"0","margin":{"unit":"px","top":"0","right":"0","bottom":"0","left":"0","isLinked":""},"margin_mobile":{"unit":"px","top":"24","right":"0","bottom":"16","left":"0","isLinked":""},"_inline_size_mobile":"50"},"elements":[{"id":"7e6c1d79","settings":{"starting_number":"","ending_number":"1530","title":"Awards","typography_number_typography":"custom","typography_number_font_size":{"unit":"px","size":"50"},"typography_number_line_height":{"unit":"em","size":""},"_padding":{"unit":"px","top":"0","right":"0","bottom":"0","left":"0","isLinked":""},"_border_border":"solid","_border_width":{"unit":"px","top":"0","right":"0","bottom":"0","left":"0","isLinked":""},"_border_color":"#CBD2DE","typography_number_font_size_mobile":{"unit":"em","size":"2.8","sizes":[]},"typography_title_typography":"custom","typography_title_font_size":{"unit":"em","size":"0.9","sizes":[]},"typography_title_font_size_mobile":{"unit":"em","size":"","sizes":[]},"typography_title_text_transform":"uppercase","typography_title_letter_spacing":{"unit":"px","size":"2","sizes":[]},"__globals__":{"number_color":"globals\/colors?id=astglobalcolor0"}},"elements":[],"isInner":false,"widgetType":"counter","elType":"widget"}],"isInner":"","elType":"column"}],"isInner":"","elType":"section"}],"page_settings":{"astra_sites_main_color":"var(--ast-global-color-0)","astra_sites_heading_base_color":"var(--ast-global-color-2)","astra_sites_link_color":"var(--ast-global-color-0)","astra_sites_link_hover_color":"var(--ast-global-color-1)","astra_sites_text_color":"var(--ast-global-color-3)","background_color":"#ffffff","background_background":"classic","astra_sites_body_typography":"custom","astra_sites_body_font_size":{"unit":"px","size":16},"astra_sites_body_font_family":"Open Sans","astra_sites_body_font_weight":"400","astra_sites_heading_1_typography":"custom","astra_sites_heading_1_font_size":{"unit":"px","size":72},"astra_sites_heading_1_font_size_tablet":{"unit":"px","size":48},"astra_sites_heading_1_font_size_mobile":{"unit":"px","size":36},"astra_sites_default_heading_font_family":"'Barlow', sans-serif","astra_sites_heading_1_font_family":"'Barlow'","astra_sites_heading_1_font_weight":"600","astra_sites_heading_2_typography":"custom","astra_sites_heading_2_font_size":{"unit":"px","size":40},"astra_sites_heading_2_font_size_tablet":{"unit":"px","size":32},"astra_sites_heading_2_font_size_mobile":{"unit":"px","size":32},"astra_sites_heading_2_font_family":"'Barlow'","astra_sites_heading_2_font_weight":"600","astra_sites_heading_3_typography":"custom","astra_sites_heading_3_font_size":{"unit":"px","size":32},"astra_sites_heading_3_font_size_tablet":{"unit":"px","size":28},"astra_sites_heading_3_font_size_mobile":{"unit":"px","size":28},"astra_sites_heading_3_font_family":"'Barlow'","astra_sites_heading_3_font_weight":"600","astra_sites_heading_4_typography":"custom","astra_sites_heading_4_font_size":{"unit":"px","size":24},"astra_sites_heading_4_font_size_tablet":{"unit":"px","size":24},"astra_sites_heading_4_font_size_mobile":{"unit":"px","size":22},"astra_sites_heading_4_font_family":"'Barlow'","astra_sites_heading_4_font_weight":"600","astra_sites_heading_4_text_transform":"capitalize","astra_sites_heading_5_typography":"custom","astra_sites_heading_5_font_size":{"unit":"px","size":20},"astra_sites_heading_5_font_size_tablet":{"unit":"px","size":20},"astra_sites_heading_5_font_size_mobile":{"unit":"px","size":18},"astra_sites_heading_5_font_family":"'Barlow'","astra_sites_heading_5_font_weight":"600","astra_sites_heading_5_text_transform":"capitalize","astra_sites_heading_6_typography":"custom","astra_sites_heading_6_font_size":{"unit":"px","size":14},"astra_sites_heading_6_font_size_tablet":{"unit":"px","size":13},"astra_sites_heading_6_font_size_mobile":{"unit":"px","size":12},"astra_sites_heading_6_font_family":"'Barlow'","astra_sites_heading_6_font_weight":"600","astra_sites_heading_6_text_transform":"capitalize","astra_sites_page_setting_enable":"","eael_ext_toc_title":"Table of Contents"},"version":"0.4","title":"home","type":"page"}