{"content":[{"id":"3dfad6fe","settings":{"background_background":"classic","background_image":{"id":"1865","url":"https:\/\/urbanfeatconstruction.com\/wp-content\/uploads\/2021\/03\/glass-building.jpg"},"background_position":"top center","background_repeat":"no-repeat","background_size":"cover","background_overlay_background":"classic","background_overlay_opacity":{"unit":"px","size":0.5},"padding":{"unit":"px","top":"240","right":"0","bottom":"160","left":"0","isLinked":""},"padding_mobile":{"unit":"px","top":"160","right":"24","bottom":"80","left":"24","isLinked":""},"gap":"no","padding_tablet":{"unit":"px","top":"160","right":"40","bottom":"120","left":"40","isLinked":""},"background_size_mobile":"cover","__globals__":{"background_overlay_color":"globals\/colors?id=astglobalcolor2"},"background_video_fallback":{"url":"","id":""},"background_hover_image":{"url":"","id":""},"background_hover_video_fallback":{"url":"","id":""},"background_overlay_image":{"url":"","id":""},"background_overlay_video_fallback":{"url":"","id":""},"background_overlay_hover_image":{"url":"","id":""},"background_overlay_hover_video_fallback":{"url":"","id":""}},"elements":[{"id":"2ecea924","settings":{"_column_size":"100","space_between_widgets":"10","background_background":"classic","background_image":{"url":"","id":""},"background_video_fallback":{"url":"","id":""},"background_hover_image":{"url":"","id":""},"background_hover_video_fallback":{"url":"","id":""},"background_overlay_image":{"url":"","id":""},"background_overlay_video_fallback":{"url":"","id":""},"background_overlay_hover_image":{"url":"","id":""},"background_overlay_hover_video_fallback":{"url":"","id":""}},"elements":[{"id":"4f4dd02e","settings":{"title":"Services","typography_font_size_mobile":{"unit":"px","size":""},"typography_font_size_tablet":{"unit":"px","size":""},"title_color":"#ffffff","header_size":"h1","align_mobile":"center","_background_image":{"url":"","id":""},"_background_video_fallback":{"url":"","id":""},"_background_hover_image":{"url":"","id":""},"_background_hover_video_fallback":{"url":"","id":""},"_mask_image":{"url":"","id":""}},"elements":[],"isInner":false,"widgetType":"heading","elType":"widget"}],"isInner":"","elType":"column"}],"isInner":"","elType":"section"},{"id":"35b433c0","settings":{"padding_tablet":{"unit":"px","top":"80","right":"40","bottom":"80","left":"40","isLinked":""},"gap":"no","background_color_stop":{"unit":"%","size":"80","sizes":[]},"background_color_b_stop":{"unit":"%","size":"80","sizes":[]},"margin":{"unit":"px","top":"","right":"0","bottom":"","left":"0","isLinked":"1"},"padding":{"unit":"px","top":"104","right":"0","bottom":"104","left":"0","isLinked":""},"padding_mobile":{"unit":"px","top":"64","right":"24","bottom":"64","left":"24","isLinked":""},"z_index":"1","__globals__":{"background_color":"globals\/colors?id=astglobalcolor4","background_color_b":"globals\/colors?id=astglobalcolor6"},"background_image":{"url":"","id":""},"background_video_fallback":{"url":"","id":""},"background_hover_image":{"url":"","id":""},"background_hover_video_fallback":{"url":"","id":""},"background_overlay_image":{"url":"","id":""},"background_overlay_video_fallback":{"url":"","id":""},"background_overlay_hover_image":{"url":"","id":""},"background_overlay_hover_video_fallback":{"url":"","id":""}},"elements":[{"id":"d0173dc","settings":{"_column_size":"100","_inline_size_tablet":"100","background_image":{"url":"","id":""},"background_video_fallback":{"url":"","id":""},"background_hover_image":{"url":"","id":""},"background_hover_video_fallback":{"url":"","id":""},"background_overlay_image":{"url":"","id":""},"background_overlay_video_fallback":{"url":"","id":""},"background_overlay_hover_image":{"url":"","id":""},"background_overlay_hover_video_fallback":{"url":"","id":""}},"elements":[{"id":"b75650f","settings":{"title":"Our Services","typography_font_size_mobile":{"unit":"px","size":""},"typography_font_size_tablet":{"unit":"px","size":""},"align":"left","_background_image":{"url":"","id":""},"_background_video_fallback":{"url":"","id":""},"_background_hover_image":{"url":"","id":""},"_background_hover_video_fallback":{"url":"","id":""},"_mask_image":{"url":"","id":""}},"elements":[],"isInner":false,"widgetType":"heading","elType":"widget"},{"id":"37573e2e","settings":{"width":{"unit":"px","size":"64","sizes":[]},"text":"Divider","weight":{"unit":"px","size":"4","sizes":[]},"gap":{"unit":"px","size":"0","sizes":[]},"__globals__":{"color":"globals\/colors?id=astglobalcolor0"},"_background_image":{"url":"","id":""},"_background_video_fallback":{"url":"","id":""},"_background_hover_image":{"url":"","id":""},"_background_hover_video_fallback":{"url":"","id":""},"_mask_image":{"url":"","id":""}},"elements":[],"isInner":false,"widgetType":"divider","elType":"widget"},{"id":"3a0f3fd3","settings":{"editor":"You can use these sections to highlight the features of heading. Use these paragraphs to focus on the topic you want. Make sure you keep it short and attractive.","_margin_mobile":{"unit":"px","top":"0","right":"24","bottom":"0","left":"0","isLinked":""},"_margin":{"unit":"%","top":"0","right":"50","bottom":"0","left":"0","isLinked":""},"_margin_tablet":{"unit":"%","top":"0","right":"32","bottom":"0","left":"0","isLinked":""},"align":"left","_background_image":{"url":"","id":""},"_background_video_fallback":{"url":"","id":""},"_background_hover_image":{"url":"","id":""},"_background_hover_video_fallback":{"url":"","id":""},"_mask_image":{"url":"","id":""}},"elements":[],"isInner":false,"widgetType":"text-editor","elType":"widget"},{"id":"76c51baf","settings":{"structure":"40","gap":"no","background_image":{"url":"","id":""},"background_video_fallback":{"url":"","id":""},"background_hover_image":{"url":"","id":""},"background_hover_video_fallback":{"url":"","id":""},"background_overlay_image":{"url":"","id":""},"background_overlay_video_fallback":{"url":"","id":""},"background_overlay_hover_image":{"url":"","id":""},"background_overlay_hover_video_fallback":{"url":"","id":""}},"elements":[{"id":"992575a","settings":{"_column_size":"25","padding":{"unit":"px","top":"0","right":"40","bottom":"0","left":"0","isLinked":""},"_inline_size_tablet":"50","padding_tablet":{"unit":"px","top":"0","right":"40","bottom":"24","left":"0","isLinked":""},"background_image":{"url":"","id":""},"background_video_fallback":{"url":"","id":""},"background_hover_image":{"url":"","id":""},"background_hover_video_fallback":{"url":"","id":""},"background_overlay_image":{"url":"","id":""},"background_overlay_video_fallback":{"url":"","id":""},"background_overlay_hover_image":{"url":"","id":""},"background_overlay_hover_video_fallback":{"url":"","id":""}},"elements":[{"id":"33d684dd","settings":{"title":"01.","header_size":"h5","_margin":{"unit":"px","top":"0","right":"0","bottom":"-8","left":"0","isLinked":""},"__globals__":{"title_color":"globals\/colors?id=astglobalcolor0"},"_background_image":{"url":"","id":""},"_background_video_fallback":{"url":"","id":""},"_background_hover_image":{"url":"","id":""},"_background_hover_video_fallback":{"url":"","id":""},"_mask_image":{"url":"","id":""}},"elements":[],"isInner":false,"widgetType":"heading","elType":"widget"},{"id":"3d2e3d8a","settings":{"image":{"url":"","id":""},"title_text":"Meticulous Planning\u200b","description_text":"Nisi odio fuga, atque facilisis! Incidunt dictum non","position":"left","title_size":"h5","text_align":"left","content_vertical_alignment":"middle","title_bottom_space":{"unit":"px","size":"10"},"_background_image":{"url":"","id":""},"_background_video_fallback":{"url":"","id":""},"_background_hover_image":{"url":"","id":""},"_background_hover_video_fallback":{"url":"","id":""},"_mask_image":{"url":"","id":""}},"elements":[],"isInner":false,"widgetType":"image-box","elType":"widget"}],"isInner":"1","elType":"column"},{"id":"2985ea2c","settings":{"_column_size":"25","padding":{"unit":"px","top":"0","right":"40","bottom":"0","left":"0","isLinked":""},"_inline_size_tablet":"50","padding_tablet":{"unit":"px","top":"0","right":"40","bottom":"24","left":"24","isLinked":""},"padding_mobile":{"unit":"px","top":"0","right":"40","bottom":"24","left":"0","isLinked":""},"background_image":{"url":"","id":""},"background_video_fallback":{"url":"","id":""},"background_hover_image":{"url":"","id":""},"background_hover_video_fallback":{"url":"","id":""},"background_overlay_image":{"url":"","id":""},"background_overlay_video_fallback":{"url":"","id":""},"background_overlay_hover_image":{"url":"","id":""},"background_overlay_hover_video_fallback":{"url":"","id":""}},"elements":[{"id":"16af72a0","settings":{"title":"02.","header_size":"h5","_margin":{"unit":"px","top":"0","right":"0","bottom":"-8","left":"0","isLinked":""},"__globals__":{"title_color":"globals\/colors?id=astglobalcolor0"},"_background_image":{"url":"","id":""},"_background_video_fallback":{"url":"","id":""},"_background_hover_image":{"url":"","id":""},"_background_hover_video_fallback":{"url":"","id":""},"_mask_image":{"url":"","id":""}},"elements":[],"isInner":false,"widgetType":"heading","elType":"widget"},{"id":"59cb09ca","settings":{"image":{"url":"","id":""},"title_text":"Completion On Time\u200b","description_text":"Nisi odio fuga, atque facilisis! Incidunt dictum non","position":"left","title_size":"h5","text_align":"left","content_vertical_alignment":"middle","title_bottom_space":{"unit":"px","size":"10"},"_background_image":{"url":"","id":""},"_background_video_fallback":{"url":"","id":""},"_background_hover_image":{"url":"","id":""},"_background_hover_video_fallback":{"url":"","id":""},"_mask_image":{"url":"","id":""}},"elements":[],"isInner":false,"widgetType":"image-box","elType":"widget"}],"isInner":"1","elType":"column"},{"id":"49e858ac","settings":{"_column_size":"25","padding":{"unit":"px","top":"0","right":"0","bottom":"0","left":"24","isLinked":""},"_inline_size_tablet":"50","padding_tablet":{"unit":"px","top":"0","right":"40","bottom":"0","left":"0","isLinked":""},"padding_mobile":{"unit":"px","top":"0","right":"40","bottom":"24","left":"0","isLinked":""},"background_image":{"url":"","id":""},"background_video_fallback":{"url":"","id":""},"background_hover_image":{"url":"","id":""},"background_hover_video_fallback":{"url":"","id":""},"background_overlay_image":{"url":"","id":""},"background_overlay_video_fallback":{"url":"","id":""},"background_overlay_hover_image":{"url":"","id":""},"background_overlay_hover_video_fallback":{"url":"","id":""}},"elements":[{"id":"412c761c","settings":{"title":"03.","header_size":"h5","_margin":{"unit":"px","top":"0","right":"0","bottom":"-8","left":"0","isLinked":""},"__globals__":{"title_color":"globals\/colors?id=astglobalcolor0"},"_background_image":{"url":"","id":""},"_background_video_fallback":{"url":"","id":""},"_background_hover_image":{"url":"","id":""},"_background_hover_video_fallback":{"url":"","id":""},"_mask_image":{"url":"","id":""}},"elements":[],"isInner":false,"widgetType":"heading","elType":"widget"},{"id":"6e96787e","settings":{"image":{"url":"","id":""},"title_text":"Perfect Execution\u200b","description_text":"Nisi odio fuga, atque facilisis! Incidunt dictum non","position":"left","title_size":"h5","text_align":"left","content_vertical_alignment":"middle","title_bottom_space":{"unit":"px","size":"10"},"_margin":{"unit":"px","top":"0","right":"0","bottom":"8","left":"0","isLinked":""},"_background_image":{"url":"","id":""},"_background_video_fallback":{"url":"","id":""},"_background_hover_image":{"url":"","id":""},"_background_hover_video_fallback":{"url":"","id":""},"_mask_image":{"url":"","id":""}},"elements":[],"isInner":false,"widgetType":"image-box","elType":"widget"}],"isInner":"1","elType":"column"},{"id":"687fa2cc","settings":{"_column_size":"25","padding":{"unit":"px","top":"0","right":"0","bottom":"0","left":"24","isLinked":""},"_inline_size_tablet":"50","padding_tablet":{"unit":"px","top":"0","right":"40","bottom":"0","left":"24","isLinked":""},"padding_mobile":{"unit":"px","top":"0","right":"40","bottom":"24","left":"0","isLinked":""},"background_image":{"url":"","id":""},"background_video_fallback":{"url":"","id":""},"background_hover_image":{"url":"","id":""},"background_hover_video_fallback":{"url":"","id":""},"background_overlay_image":{"url":"","id":""},"background_overlay_video_fallback":{"url":"","id":""},"background_overlay_hover_image":{"url":"","id":""},"background_overlay_hover_video_fallback":{"url":"","id":""}},"elements":[{"id":"36a37f35","settings":{"title":"04.","header_size":"h5","_margin":{"unit":"px","top":"0","right":"0","bottom":"-8","left":"0","isLinked":""},"__globals__":{"title_color":"globals\/colors?id=astglobalcolor0"},"_background_image":{"url":"","id":""},"_background_video_fallback":{"url":"","id":""},"_background_hover_image":{"url":"","id":""},"_background_hover_video_fallback":{"url":"","id":""},"_mask_image":{"url":"","id":""}},"elements":[],"isInner":false,"widgetType":"heading","elType":"widget"},{"id":"7575bb77","settings":{"image":{"url":"","id":""},"title_text":"Affordable Prices\u200b","description_text":"Nisi odio fuga, atque facilisis! Incidunt dictum non","position":"left","title_size":"h5","text_align":"left","content_vertical_alignment":"middle","title_bottom_space":{"unit":"px","size":"10"},"_background_image":{"url":"","id":""},"_background_video_fallback":{"url":"","id":""},"_background_hover_image":{"url":"","id":""},"_background_hover_video_fallback":{"url":"","id":""},"_mask_image":{"url":"","id":""}},"elements":[],"isInner":false,"widgetType":"image-box","elType":"widget"}],"isInner":"1","elType":"column"}],"isInner":"1","elType":"section"},{"id":"15d6fe73","settings":{"gap":"no","structure":"20","margin":{"unit":"px","top":"56","right":"0","bottom":"0","left":"0","isLinked":""},"margin_mobile":{"unit":"px","top":"24","right":"0","bottom":"0","left":"0","isLinked":""},"background_image":{"url":"","id":""},"background_video_fallback":{"url":"","id":""},"background_hover_image":{"url":"","id":""},"background_hover_video_fallback":{"url":"","id":""},"background_overlay_image":{"url":"","id":""},"background_overlay_video_fallback":{"url":"","id":""},"background_overlay_hover_image":{"url":"","id":""},"background_overlay_hover_video_fallback":{"url":"","id":""}},"elements":[{"id":"7f2ea4c8","settings":{"_column_size":"50","align":"center","background_background":"classic","background_image":{"id":"1809","url":"https:\/\/urbanfeatconstruction.com\/wp-content\/uploads\/2020\/08\/video-bg-1-1.jpg"},"background_repeat":"no-repeat","background_size":"cover","background_overlay_background":"classic","background_overlay_opacity":{"unit":"px","size":"0.2","sizes":[]},"background_overlay_hover_background":"classic","background_overlay_hover_color":"#181F2A","margin":{"unit":"px","top":"0","right":"24","bottom":"0","left":"0","isLinked":""},"margin_mobile":{"unit":"px","top":"0","right":"0","bottom":"32","left":"0","isLinked":""},"margin_tablet":{"unit":"px","top":"0","right":"15","bottom":"0","left":"0","isLinked":false},"__globals__":{"background_overlay_color":"globals\/colors?id=astglobalcolor5"},"background_video_fallback":{"url":"","id":""},"background_hover_image":{"url":"","id":""},"background_hover_video_fallback":{"url":"","id":""},"background_overlay_image":{"url":"","id":""},"background_overlay_video_fallback":{"url":"","id":""},"background_overlay_hover_image":{"url":"","id":""},"background_overlay_hover_video_fallback":{"url":"","id":""}},"elements":[{"id":"5218ff0a","settings":{"selected_icon":{"value":"fas fa-play-circle","library":"fa-solid"},"link":{"url":"#","is_external":"","nofollow":"","custom_attributes":""},"_padding":{"unit":"px","top":"160","right":"0","bottom":"160","left":"0","isLinked":""},"__globals__":{"primary_color":"globals\/colors?id=astglobalcolor0"},"_background_image":{"url":"","id":""},"_background_video_fallback":{"url":"","id":""},"_background_hover_image":{"url":"","id":""},"_background_hover_video_fallback":{"url":"","id":""},"_mask_image":{"url":"","id":""}},"elements":[],"isInner":false,"widgetType":"icon","elType":"widget"}],"isInner":"1","elType":"column"},{"id":"67ebfb13","settings":{"_column_size":"50","align":"center","background_background":"classic","background_image":{"id":"1810","url":"https:\/\/urbanfeatconstruction.com\/wp-content\/uploads\/2020\/08\/video-bg-2-1.jpg"},"background_repeat":"no-repeat","background_size":"cover","background_overlay_background":"classic","background_overlay_opacity":{"unit":"px","size":"0.2","sizes":[]},"background_overlay_hover_background":"classic","background_overlay_hover_color":"#181F2A","margin":{"unit":"px","top":"0","right":"0","bottom":"0","left":"24","isLinked":""},"margin_mobile":{"unit":"px","top":"0","right":"0","bottom":"0","left":"0","isLinked":""},"margin_tablet":{"unit":"px","top":"0","right":"0","bottom":"0","left":"15","isLinked":false},"__globals__":{"background_overlay_color":"globals\/colors?id=astglobalcolor5"},"background_video_fallback":{"url":"","id":""},"background_hover_image":{"url":"","id":""},"background_hover_video_fallback":{"url":"","id":""},"background_overlay_image":{"url":"","id":""},"background_overlay_video_fallback":{"url":"","id":""},"background_overlay_hover_image":{"url":"","id":""},"background_overlay_hover_video_fallback":{"url":"","id":""}},"elements":[{"id":"68b634de","settings":{"selected_icon":{"value":"fas fa-play-circle","library":"fa-solid"},"link":{"url":"#","is_external":"","nofollow":"","custom_attributes":""},"_padding":{"unit":"px","top":"160","right":"0","bottom":"160","left":"0","isLinked":""},"__globals__":{"primary_color":"globals\/colors?id=astglobalcolor0"},"_background_image":{"url":"","id":""},"_background_video_fallback":{"url":"","id":""},"_background_hover_image":{"url":"","id":""},"_background_hover_video_fallback":{"url":"","id":""},"_mask_image":{"url":"","id":""}},"elements":[],"isInner":false,"widgetType":"icon","elType":"widget"}],"isInner":"1","elType":"column"}],"isInner":"1","elType":"section"}],"isInner":"","elType":"column"}],"isInner":"","elType":"section"},{"id":"3aea7d1e","settings":{"padding":{"unit":"px","top":"0","right":"0","bottom":"104","left":"0","isLinked":""},"padding_mobile":{"unit":"px","top":"24","right":"24","bottom":"64","left":"24","isLinked":""},"gap":"no","margin":{"unit":"px","top":"0","right":"0","bottom":"0","left":"0","isLinked":""},"margin_tablet":{"unit":"px","top":"","right":"0","bottom":"","left":"0","isLinked":"1"},"padding_tablet":{"unit":"px","top":"40","right":"40","bottom":"80","left":"40","isLinked":""},"__globals__":{"background_color":""},"background_background":"classic","background_image":{"url":"","id":""},"background_video_fallback":{"url":"","id":""},"background_hover_image":{"url":"","id":""},"background_hover_video_fallback":{"url":"","id":""},"background_overlay_image":{"url":"","id":""},"background_overlay_video_fallback":{"url":"","id":""},"background_overlay_hover_image":{"url":"","id":""},"background_overlay_hover_video_fallback":{"url":"","id":""}},"elements":[{"id":"6fc8e276","settings":{"_column_size":"100","background_image":{"url":"","id":""},"background_video_fallback":{"url":"","id":""},"background_hover_image":{"url":"","id":""},"background_hover_video_fallback":{"url":"","id":""},"background_overlay_image":{"url":"","id":""},"background_overlay_video_fallback":{"url":"","id":""},"background_overlay_hover_image":{"url":"","id":""},"background_overlay_hover_video_fallback":{"url":"","id":""}},"elements":[{"id":"33d950d4","settings":{"title":"Our Specialization","typography_font_size_mobile":{"unit":"px","size":""},"typography_font_size_tablet":{"unit":"px","size":""},"align":"left","_background_image":{"url":"","id":""},"_background_video_fallback":{"url":"","id":""},"_background_hover_image":{"url":"","id":""},"_background_hover_video_fallback":{"url":"","id":""},"_mask_image":{"url":"","id":""}},"elements":[],"isInner":false,"widgetType":"heading","elType":"widget"},{"id":"32c63ef1","settings":{"width":{"unit":"px","size":"64","sizes":[]},"text":"Divider","weight":{"unit":"px","size":"4","sizes":[]},"gap":{"unit":"px","size":"0","sizes":[]},"align":"left","__globals__":{"color":"globals\/colors?id=astglobalcolor0"},"_background_image":{"url":"","id":""},"_background_video_fallback":{"url":"","id":""},"_background_hover_image":{"url":"","id":""},"_background_hover_video_fallback":{"url":"","id":""},"_mask_image":{"url":"","id":""}},"elements":[],"isInner":false,"widgetType":"divider","elType":"widget"},{"id":"70476a36","settings":{"editor":"<p>You can use these sections to highlight the features of heading. Use these paragraphs to focus on the topic you want. Make sure you keep it short and attractive.<\/p>","_margin_mobile":{"unit":"px","top":"0","right":"16","bottom":"0","left":"0","isLinked":""},"_margin":{"unit":"%","top":"0","right":"56","bottom":"0","left":"0","isLinked":""},"_margin_tablet":{"unit":"%","top":"0","right":"32","bottom":"0","left":"0","isLinked":""},"align":"left","_background_image":{"url":"","id":""},"_background_video_fallback":{"url":"","id":""},"_background_hover_image":{"url":"","id":""},"_background_hover_video_fallback":{"url":"","id":""},"_mask_image":{"url":"","id":""}},"elements":[],"isInner":false,"widgetType":"text-editor","elType":"widget"},{"id":"449206ee","settings":{"structure":"30","gap":"no","margin":{"unit":"px","top":"16","right":"0","bottom":"0","left":"0","isLinked":""},"margin_mobile":{"unit":"px","top":"0","right":"0","bottom":"0","left":"0","isLinked":""},"background_image":{"url":"","id":""},"background_video_fallback":{"url":"","id":""},"background_hover_image":{"url":"","id":""},"background_hover_video_fallback":{"url":"","id":""},"background_overlay_image":{"url":"","id":""},"background_overlay_video_fallback":{"url":"","id":""},"background_overlay_hover_image":{"url":"","id":""},"background_overlay_hover_video_fallback":{"url":"","id":""}},"elements":[{"id":"4755e36e","settings":{"_column_size":"33","space_between_widgets":"0","margin_tablet":{"unit":"px","top":"0","right":"0","bottom":"0","left":"0","isLinked":""},"background_image":{"url":"","id":""},"background_video_fallback":{"url":"","id":""},"background_hover_image":{"url":"","id":""},"background_hover_video_fallback":{"url":"","id":""},"background_overlay_image":{"url":"","id":""},"background_overlay_video_fallback":{"url":"","id":""},"background_overlay_hover_image":{"url":"","id":""},"background_overlay_hover_video_fallback":{"url":"","id":""}},"elements":[{"id":"4ad015d5","settings":{"selected_icon":{"value":"far fa-square","library":"fa-regular"},"align":"left","size":{"unit":"px","size":32,"sizes":[]},"__globals__":{"primary_color":"globals\/colors?id=astglobalcolor0"},"_background_image":{"url":"","id":""},"_background_video_fallback":{"url":"","id":""},"_background_hover_image":{"url":"","id":""},"_background_hover_video_fallback":{"url":"","id":""},"_mask_image":{"url":"","id":""}},"elements":[],"isInner":false,"widgetType":"icon","elType":"widget"},{"id":"3727fe49","settings":{"selected_icon":{"value":"","library":""},"view":"stacked","title_text":"Architecture\u200b","description_text":"A short description of this quality. Make these lines enticing enough to prove that you are the best in all you do.","title_size":"h5","primary_color":"rgba(203, 210, 222, 0)","secondary_color":"#FF5E14","icon_space":{"unit":"px","size":"16","sizes":[]},"icon_size":{"unit":"px","size":"40","sizes":[]},"icon_padding":{"unit":"px","size":"0","sizes":[]},"title_bottom_space":{"unit":"px","size":"8","sizes":[]},"title_typography_line_height":{"unit":"em","size":""},"description_typography_line_height":{"unit":"em","size":""},"_margin":{"unit":"px","top":"20","right":"40","bottom":"40","left":"0","isLinked":""},"_margin_mobile":{"unit":"px","top":"20","right":"0","bottom":"24","left":"0","isLinked":""},"text_align":"left","_background_image":{"url":"","id":""},"_background_video_fallback":{"url":"","id":""},"_background_hover_image":{"url":"","id":""},"_background_hover_video_fallback":{"url":"","id":""},"_mask_image":{"url":"","id":""}},"elements":[],"isInner":false,"widgetType":"icon-box","elType":"widget"},{"id":"5994ecbc","settings":{"selected_icon":{"value":"far fa-images","library":"fa-regular"},"align":"left","size":{"unit":"px","size":32,"sizes":[]},"__globals__":{"primary_color":"globals\/colors?id=astglobalcolor0"},"_background_image":{"url":"","id":""},"_background_video_fallback":{"url":"","id":""},"_background_hover_image":{"url":"","id":""},"_background_hover_video_fallback":{"url":"","id":""},"_mask_image":{"url":"","id":""}},"elements":[],"isInner":false,"widgetType":"icon","elType":"widget"},{"id":"4c052cf4","settings":{"selected_icon":{"value":"","library":""},"view":"stacked","title_text":"Exterior Design\u200b","description_text":"A short description of this quality. Make these lines enticing enough to prove that you are the best in all you do.","title_size":"h5","primary_color":"rgba(203, 210, 222, 0)","secondary_color":"#FF5E14","icon_space":{"unit":"px","size":"16","sizes":[]},"icon_size":{"unit":"px","size":"40","sizes":[]},"icon_padding":{"unit":"px","size":"0","sizes":[]},"title_bottom_space":{"unit":"px","size":"8","sizes":[]},"title_typography_line_height":{"unit":"em","size":""},"description_typography_line_height":{"unit":"em","size":""},"_margin":{"unit":"px","top":"20","right":"40","bottom":"0","left":"0","isLinked":""},"_margin_mobile":{"unit":"px","top":"20","right":"0","bottom":"24","left":"0","isLinked":""},"text_align":"left","_background_image":{"url":"","id":""},"_background_video_fallback":{"url":"","id":""},"_background_hover_image":{"url":"","id":""},"_background_hover_video_fallback":{"url":"","id":""},"_mask_image":{"url":"","id":""}},"elements":[],"isInner":false,"widgetType":"icon-box","elType":"widget"}],"isInner":"1","elType":"column"},{"id":"f119894","settings":{"_column_size":"33","space_between_widgets":"0","background_image":{"url":"","id":""},"background_video_fallback":{"url":"","id":""},"background_hover_image":{"url":"","id":""},"background_hover_video_fallback":{"url":"","id":""},"background_overlay_image":{"url":"","id":""},"background_overlay_video_fallback":{"url":"","id":""},"background_overlay_hover_image":{"url":"","id":""},"background_overlay_hover_video_fallback":{"url":"","id":""}},"elements":[{"id":"e63ab27","settings":{"selected_icon":{"value":"far fa-edit","library":"fa-regular"},"align":"left","size":{"unit":"px","size":32,"sizes":[]},"__globals__":{"primary_color":"globals\/colors?id=astglobalcolor0"},"_background_image":{"url":"","id":""},"_background_video_fallback":{"url":"","id":""},"_background_hover_image":{"url":"","id":""},"_background_hover_video_fallback":{"url":"","id":""},"_mask_image":{"url":"","id":""}},"elements":[],"isInner":false,"widgetType":"icon","elType":"widget"},{"id":"454c41da","settings":{"selected_icon":{"value":"","library":""},"view":"stacked","title_text":"Landscape Design\u200b","description_text":"A short description of this quality. Make these lines enticing enough to prove that you are the best in all you do.","title_size":"h5","primary_color":"rgba(203, 210, 222, 0)","secondary_color":"#FF5E14","icon_space":{"unit":"px","size":"16","sizes":[]},"icon_size":{"unit":"px","size":"40","sizes":[]},"icon_padding":{"unit":"px","size":"0","sizes":[]},"title_bottom_space":{"unit":"px","size":"8","sizes":[]},"title_typography_line_height":{"unit":"em","size":""},"description_typography_line_height":{"unit":"em","size":""},"_margin":{"unit":"px","top":"20","right":"40","bottom":"40","left":"0","isLinked":""},"_margin_mobile":{"unit":"px","top":"20","right":"0","bottom":"24","left":"0","isLinked":""},"text_align":"left","_background_image":{"url":"","id":""},"_background_video_fallback":{"url":"","id":""},"_background_hover_image":{"url":"","id":""},"_background_hover_video_fallback":{"url":"","id":""},"_mask_image":{"url":"","id":""}},"elements":[],"isInner":false,"widgetType":"icon-box","elType":"widget"},{"id":"3024c1f7","settings":{"selected_icon":{"value":"far fa-object-group","library":"fa-regular"},"align":"left","size":{"unit":"px","size":32,"sizes":[]},"__globals__":{"primary_color":"globals\/colors?id=astglobalcolor0"},"_background_image":{"url":"","id":""},"_background_video_fallback":{"url":"","id":""},"_background_hover_image":{"url":"","id":""},"_background_hover_video_fallback":{"url":"","id":""},"_mask_image":{"url":"","id":""}},"elements":[],"isInner":false,"widgetType":"icon","elType":"widget"},{"id":"1b8c2fad","settings":{"selected_icon":{"value":"","library":""},"view":"stacked","title_text":"Site Planning","description_text":"A short description of this quality. Make these lines enticing enough to prove that you are the best in all you do.","title_size":"h5","primary_color":"rgba(203, 210, 222, 0)","secondary_color":"#FF5E14","icon_space":{"unit":"px","size":"16","sizes":[]},"icon_size":{"unit":"px","size":"40","sizes":[]},"icon_padding":{"unit":"px","size":"0","sizes":[]},"title_bottom_space":{"unit":"px","size":"8","sizes":[]},"title_typography_line_height":{"unit":"em","size":""},"description_typography_line_height":{"unit":"em","size":""},"_margin":{"unit":"px","top":"20","right":"40","bottom":"0","left":"0","isLinked":""},"_margin_mobile":{"unit":"px","top":"20","right":"0","bottom":"24","left":"0","isLinked":""},"text_align":"left","_background_image":{"url":"","id":""},"_background_video_fallback":{"url":"","id":""},"_background_hover_image":{"url":"","id":""},"_background_hover_video_fallback":{"url":"","id":""},"_mask_image":{"url":"","id":""}},"elements":[],"isInner":false,"widgetType":"icon-box","elType":"widget"}],"isInner":"1","elType":"column"},{"id":"46cdc973","settings":{"_column_size":"33","space_between_widgets":"0","margin_tablet":{"unit":"px","top":"0","right":"0","bottom":"0","left":"0","isLinked":""},"margin":{"unit":"px","top":"0","right":"0","bottom":"0","left":"0","isLinked":""},"background_image":{"url":"","id":""},"background_video_fallback":{"url":"","id":""},"background_hover_image":{"url":"","id":""},"background_hover_video_fallback":{"url":"","id":""},"background_overlay_image":{"url":"","id":""},"background_overlay_video_fallback":{"url":"","id":""},"background_overlay_hover_image":{"url":"","id":""},"background_overlay_hover_video_fallback":{"url":"","id":""}},"elements":[{"id":"3edec42a","settings":{"selected_icon":{"value":"far fa-hourglass","library":"fa-regular"},"align":"left","size":{"unit":"px","size":32,"sizes":[]},"__globals__":{"primary_color":"globals\/colors?id=astglobalcolor0"},"_background_image":{"url":"","id":""},"_background_video_fallback":{"url":"","id":""},"_background_hover_image":{"url":"","id":""},"_background_hover_video_fallback":{"url":"","id":""},"_mask_image":{"url":"","id":""}},"elements":[],"isInner":false,"widgetType":"icon","elType":"widget"},{"id":"794d8d29","settings":{"selected_icon":{"value":"","library":""},"view":"stacked","title_text":"Furniture Design\u200b","description_text":"A short description of this quality. Make these lines enticing enough to prove that you are the best in all you do.","title_size":"h5","primary_color":"rgba(203, 210, 222, 0)","secondary_color":"#FF5E14","icon_space":{"unit":"px","size":"16","sizes":[]},"icon_size":{"unit":"px","size":"40","sizes":[]},"icon_padding":{"unit":"px","size":"0","sizes":[]},"title_bottom_space":{"unit":"px","size":"8","sizes":[]},"title_typography_line_height":{"unit":"em","size":""},"description_typography_line_height":{"unit":"em","size":""},"_margin":{"unit":"px","top":"20","right":"40","bottom":"40","left":"0","isLinked":""},"_margin_mobile":{"unit":"px","top":"20","right":"0","bottom":"24","left":"0","isLinked":""},"text_align":"left","_background_image":{"url":"","id":""},"_background_video_fallback":{"url":"","id":""},"_background_hover_image":{"url":"","id":""},"_background_hover_video_fallback":{"url":"","id":""},"_mask_image":{"url":"","id":""}},"elements":[],"isInner":false,"widgetType":"icon-box","elType":"widget"},{"id":"5ee22a21","settings":{"selected_icon":{"value":"far fa-object-ungroup","library":"fa-regular"},"align":"left","size":{"unit":"px","size":32,"sizes":[]},"__globals__":{"primary_color":"globals\/colors?id=astglobalcolor0"},"_background_image":{"url":"","id":""},"_background_video_fallback":{"url":"","id":""},"_background_hover_image":{"url":"","id":""},"_background_hover_video_fallback":{"url":"","id":""},"_mask_image":{"url":"","id":""}},"elements":[],"isInner":false,"widgetType":"icon","elType":"widget"},{"id":"1e661f72","settings":{"selected_icon":{"value":"","library":""},"view":"stacked","title_text":"Interior Design\u200b","description_text":"A short description of this quality. Make these lines enticing enough to prove that you are the best in all you do.","title_size":"h5","primary_color":"rgba(203, 210, 222, 0)","secondary_color":"#FF5E14","icon_space":{"unit":"px","size":"16","sizes":[]},"icon_size":{"unit":"px","size":"40","sizes":[]},"icon_padding":{"unit":"px","size":"0","sizes":[]},"title_bottom_space":{"unit":"px","size":"8","sizes":[]},"title_typography_line_height":{"unit":"em","size":""},"description_typography_line_height":{"unit":"em","size":""},"_margin":{"unit":"px","top":"20","right":"40","bottom":"0","left":"0","isLinked":""},"text_align":"left","_margin_mobile":{"unit":"px","top":"20","right":"0","bottom":"24","left":"0","isLinked":""},"_background_image":{"url":"","id":""},"_background_video_fallback":{"url":"","id":""},"_background_hover_image":{"url":"","id":""},"_background_hover_video_fallback":{"url":"","id":""},"_mask_image":{"url":"","id":""}},"elements":[],"isInner":false,"widgetType":"icon-box","elType":"widget"}],"isInner":"1","elType":"column"}],"isInner":"1","elType":"section"}],"isInner":"","elType":"column"}],"isInner":"","elType":"section"},{"id":"2f225f42","settings":{"content_width":{"unit":"px","size":"800","sizes":[]},"gap":"no","background_background":"classic","background_image":{"id":"1769","url":"https:\/\/urbanfeatconstruction.com\/wp-content\/uploads\/2020\/08\/CTA-bg-1.jpg"},"background_position":"top center","background_attachment":"fixed","background_repeat":"no-repeat","background_size":"cover","background_overlay_background":"classic","margin":{"unit":"px","top":"","right":"0","bottom":"","left":"0","isLinked":"1"},"padding":{"unit":"px","top":"104","right":"0","bottom":"0","left":"0","isLinked":""},"z_index":"1","__globals__":{"background_overlay_color":"globals\/colors?id=astglobalcolor2"},"background_video_fallback":{"url":"","id":""},"background_hover_image":{"url":"","id":""},"background_hover_video_fallback":{"url":"","id":""},"background_overlay_image":{"url":"","id":""},"background_overlay_video_fallback":{"url":"","id":""},"background_overlay_hover_image":{"url":"","id":""},"background_overlay_hover_video_fallback":{"url":"","id":""}},"elements":[{"id":"4674bed9","settings":{"_column_size":"100","background_image":{"url":"","id":""},"background_video_fallback":{"url":"","id":""},"background_hover_image":{"url":"","id":""},"background_hover_video_fallback":{"url":"","id":""},"background_overlay_image":{"url":"","id":""},"background_overlay_video_fallback":{"url":"","id":""},"background_overlay_hover_image":{"url":"","id":""},"background_overlay_hover_video_fallback":{"url":"","id":""}},"elements":[{"id":"54dd11cd","settings":{"width":{"unit":"px","size":"64","sizes":[]},"text":"Divider","weight":{"unit":"px","size":"4","sizes":[]},"gap":{"unit":"px","size":"0","sizes":[]},"align":"center","__globals__":{"color":"globals\/colors?id=astglobalcolor0"},"_background_image":{"url":"","id":""},"_background_video_fallback":{"url":"","id":""},"_background_hover_image":{"url":"","id":""},"_background_hover_video_fallback":{"url":"","id":""},"_mask_image":{"url":"","id":""}},"elements":[],"isInner":false,"widgetType":"divider","elType":"widget"},{"id":"7e769bc","settings":{"title":"We Provide the Best Service in Industry\u200b","align":"center","__globals__":{"title_color":"globals\/colors?id=astglobalcolor5"},"_background_image":{"url":"","id":""},"_background_video_fallback":{"url":"","id":""},"_background_hover_image":{"url":"","id":""},"_background_hover_video_fallback":{"url":"","id":""},"_mask_image":{"url":"","id":""}},"elements":[],"isInner":false,"widgetType":"heading","elType":"widget"},{"id":"60f6652b","settings":{"editor":"Add a line that tells users how easily they can get in touch with you","typography_font_size":{"unit":"px","size":""},"typography_line_height":{"unit":"em","size":""},"align_mobile":"center","_margin_mobile":{"unit":"px","top":"15","right":"15","bottom":"15","left":"15","isLinked":"1"},"align":"center","_margin":{"unit":"px","top":"0","right":"72","bottom":"0","left":"72","isLinked":""},"__globals__":{"text_color":"globals\/colors?id=astglobalcolor4"},"_background_image":{"url":"","id":""},"_background_video_fallback":{"url":"","id":""},"_background_hover_image":{"url":"","id":""},"_background_hover_video_fallback":{"url":"","id":""},"_mask_image":{"url":"","id":""}},"elements":[],"isInner":false,"widgetType":"text-editor","elType":"widget"},{"id":"797500cf","settings":{"text":"Contact Us Today","align":"center","selected_icon":{"value":{"id":"1766","url":"https:\/\/urbanfeatconstruction.com\/wp-content\/uploads\/2020\/08\/arrow-right-solid.svg"},"library":"svg"},"icon_align":"right","icon_indent":{"unit":"px","size":"16","sizes":[]},"button_box_shadow_box_shadow_type":"yes","button_box_shadow_box_shadow":{"horizontal":"0","vertical":"16","blur":"32","spread":"-16","color":"rgba(255, 94, 20, 0.64)"},"_margin":{"unit":"px","top":"40","right":"0","bottom":"-24","left":"0","isLinked":""},"__globals__":{"button_text_color":"globals\/colors?id=astglobalcolor5"},"background_video_fallback":{"url":"","id":""},"button_background_hover_video_fallback":{"url":"","id":""},"_background_image":{"url":"","id":""},"_background_video_fallback":{"url":"","id":""},"_background_hover_image":{"url":"","id":""},"_background_hover_video_fallback":{"url":"","id":""},"_mask_image":{"url":"","id":""}},"elements":[],"isInner":false,"widgetType":"button","elType":"widget"}],"isInner":"","elType":"column"}],"isInner":"","elType":"section"}],"page_settings":{"astra_sites_main_color":"var(--ast-global-color-0)","astra_sites_heading_base_color":"var(--ast-global-color-2)","astra_sites_link_color":"var(--ast-global-color-0)","astra_sites_link_hover_color":"var(--ast-global-color-1)","astra_sites_text_color":"var(--ast-global-color-3)","background_color":"#ffffff","background_background":"classic","astra_sites_body_typography":"custom","astra_sites_body_font_size":{"unit":"px","size":16},"astra_sites_body_font_family":"Open Sans","astra_sites_body_font_weight":"400","astra_sites_heading_1_typography":"custom","astra_sites_heading_1_font_size":{"unit":"px","size":72},"astra_sites_heading_1_font_size_tablet":{"unit":"px","size":48},"astra_sites_heading_1_font_size_mobile":{"unit":"px","size":36},"astra_sites_default_heading_font_family":"'Barlow', sans-serif","astra_sites_heading_1_font_family":"'Barlow'","astra_sites_heading_1_font_weight":"600","astra_sites_heading_2_typography":"custom","astra_sites_heading_2_font_size":{"unit":"px","size":40},"astra_sites_heading_2_font_size_tablet":{"unit":"px","size":32},"astra_sites_heading_2_font_size_mobile":{"unit":"px","size":32},"astra_sites_heading_2_font_family":"'Barlow'","astra_sites_heading_2_font_weight":"600","astra_sites_heading_3_typography":"custom","astra_sites_heading_3_font_size":{"unit":"px","size":32},"astra_sites_heading_3_font_size_tablet":{"unit":"px","size":28},"astra_sites_heading_3_font_size_mobile":{"unit":"px","size":28},"astra_sites_heading_3_font_family":"'Barlow'","astra_sites_heading_3_font_weight":"600","astra_sites_heading_4_typography":"custom","astra_sites_heading_4_font_size":{"unit":"px","size":24},"astra_sites_heading_4_font_size_tablet":{"unit":"px","size":24},"astra_sites_heading_4_font_size_mobile":{"unit":"px","size":22},"astra_sites_heading_4_font_family":"'Barlow'","astra_sites_heading_4_font_weight":"600","astra_sites_heading_4_text_transform":"capitalize","astra_sites_heading_5_typography":"custom","astra_sites_heading_5_font_size":{"unit":"px","size":20},"astra_sites_heading_5_font_size_tablet":{"unit":"px","size":20},"astra_sites_heading_5_font_size_mobile":{"unit":"px","size":18},"astra_sites_heading_5_font_family":"'Barlow'","astra_sites_heading_5_font_weight":"600","astra_sites_heading_5_text_transform":"capitalize","astra_sites_heading_6_typography":"custom","astra_sites_heading_6_font_size":{"unit":"px","size":14},"astra_sites_heading_6_font_size_tablet":{"unit":"px","size":13},"astra_sites_heading_6_font_size_mobile":{"unit":"px","size":12},"astra_sites_heading_6_font_family":"'Barlow'","astra_sites_heading_6_font_weight":"600","astra_sites_heading_6_text_transform":"capitalize","astra_sites_page_setting_enable":""},"version":"0.4","title":"services page","type":"page"}