{"content":[{"id":"71a50d94","settings":{"layout":"full_width","height":"full","column_position":"stretch","margin":{"unit":"px","top":"","right":0,"bottom":"","left":0,"isLinked":true},"background_overlay_background":"gradient","background_overlay_color":"#1A1A1A"},"elements":[{"id":"640f0d0d","settings":{"_column_size":100,"_inline_size":100,"background_background":"slideshow","background_image":{"id":4767,"url":"https:\/\/urbanfeatconstruction.com\/wp-content\/uploads\/2023\/12\/8.jpg","alt":"","source":"library","size":""},"background_position":"center right","background_position_tablet":"center center","background_position_mobile":"initial","background_xpos_tablet":{"unit":"px","size":"120","sizes":[]},"background_xpos_mobile":{"unit":"%","size":"33","sizes":[]},"background_repeat":"no-repeat","background_size":"contain","background_size_tablet":"cover","background_bg_width_tablet":{"unit":"%","size":"190","sizes":[]},"background_bg_width_mobile":{"unit":"%","size":"100","sizes":[]},"background_slideshow_gallery":[{"id":4767,"url":"https:\/\/urbanfeatconstruction.com\/wp-content\/uploads\/2023\/12\/8.jpg"},{"id":4766,"url":"https:\/\/urbanfeatconstruction.com\/wp-content\/uploads\/2023\/12\/7.jpg"},{"id":4765,"url":"https:\/\/urbanfeatconstruction.com\/wp-content\/uploads\/2023\/12\/6.jpg"},{"id":4764,"url":"https:\/\/urbanfeatconstruction.com\/wp-content\/uploads\/2023\/12\/5.jpg"},{"id":4762,"url":"https:\/\/urbanfeatconstruction.com\/wp-content\/uploads\/2023\/12\/3.jpg"},{"id":4761,"url":"https:\/\/urbanfeatconstruction.com\/wp-content\/uploads\/2023\/12\/1.jpg"}],"background_overlay_background":"classic","background_overlay_color":"#D1C4C4","background_overlay_opacity":{"unit":"px","size":0.52,"sizes":[]},"border_radius":{"unit":"px","top":"0","right":"0","bottom":"0","left":"0","isLinked":true},"margin":{"unit":"px","top":"0","right":0,"bottom":"0","left":0,"isLinked":false},"padding":{"unit":"%","top":"0","right":"0","bottom":"0","left":"0","isLinked":""},"padding_mobile":{"unit":"%","top":"0","right":"6","bottom":"16","left":"6","isLinked":""}},"elements":[{"id":"7e39fd68","settings":{"structure":"20"},"elements":[{"id":"2ef3a588","settings":{"_column_size":50,"_inline_size":80.064,"padding":{"unit":"px","top":"20","right":"6","bottom":"0","left":"20","isLinked":false},"background_background":"classic","background_overlay_background":"classic","background_overlay_color":"#1A1A1A"},"elements":[{"id":"71d7b430","settings":{"image":{"id":4787,"url":"https:\/\/urbanfeatconstruction.com\/wp-content\/uploads\/2023\/12\/White-Logo.png","alt":"","source":"library","size":""},"align":"left","width":{"unit":"px","size":250,"sizes":[]},"_padding":{"unit":"%","top":"0","right":"0","bottom":"0","left":"0","isLinked":""},"width_tablet":{"unit":"px","size":"150","sizes":[]},"width_mobile":{"unit":"px","size":"140","sizes":[]},"_padding_mobile":{"unit":"%","top":"20","right":"0","bottom":"23","left":"0","isLinked":""},"image_size":"full","_element_width":"initial","_element_custom_width":{"unit":"%","size":103.337},"align_mobile":"center","space_mobile":{"unit":"%","size":100,"sizes":[]},"_element_custom_width_mobile":{"unit":"px","size":270,"sizes":[]}},"elements":[],"isInner":false,"widgetType":"image","elType":"widget"},{"id":"3c922857","settings":{"title":"Uncover excellence in every build with us.","header_size":"h1","title_color":"#FFFFFF","typography_typography":"custom","typography_font_family":"Zen Kaku Gothic New","typography_font_size":{"unit":"px","size":70,"sizes":[]},"typography_font_weight":"500","typography_text_transform":"uppercase","typography_font_style":"normal","typography_text_decoration":"none","typography_line_height":{"unit":"px","size":87,"sizes":[]},"typography_letter_spacing":{"unit":"px","size":5.2,"sizes":[]},"typography_font_size_tablet":{"unit":"px","size":60,"sizes":[]},"typography_font_size_mobile":{"unit":"px","size":33,"sizes":[]},"typography_line_height_tablet":{"unit":"em","size":"1.1","sizes":[]},"typography_line_height_mobile":{"unit":"em","size":"1.2","sizes":[]},"typography_letter_spacing_tablet":{"unit":"px","size":"12","sizes":[]},"_padding":{"unit":"%","top":"0","right":"0","bottom":"0.7","left":"0","isLinked":""},"_padding_tablet":{"unit":"%","top":"0","right":"0","bottom":"2","left":"0","isLinked":""},"_padding_mobile":{"unit":"%","top":"0","right":"0","bottom":"4","left":"0","isLinked":""},"_animation":"fadeIn","_animation_delay":"200","typography_word_spacing":{"unit":"px","size":0,"sizes":[]},"_element_width":"initial","_element_custom_width":{"unit":"%","size":99.997},"text_stroke_text_stroke_type":"yes","text_stroke_text_stroke":{"unit":"px","size":0,"sizes":[]}},"elements":[],"isInner":false,"widgetType":"heading","elType":"widget"},{"id":"5148cba","settings":{"title":"Your search for the best construction company in Lucknow ends right here at Urbanfeat Construction. ","header_size":"h3","title_color":"#FFFFFF","typography_typography":"custom","typography_font_family":"Poppins","typography_font_size":{"unit":"px","size":25,"sizes":[]},"typography_font_weight":"500","typography_font_style":"normal","typography_text_decoration":"none","typography_line_height":{"unit":"px","size":"53","sizes":[]},"typography_font_size_tablet":{"unit":"px","size":"28","sizes":[]},"typography_font_size_mobile":{"unit":"px","size":19,"sizes":[]},"typography_line_height_tablet":{"unit":"em","size":"1.3","sizes":[]},"typography_line_height_mobile":{"unit":"em","size":"1.4","sizes":[]},"_padding":{"unit":"%","top":"0","right":"0","bottom":"6","left":"0","isLinked":""},"_padding_tablet":{"unit":"%","top":"0","right":"0","bottom":"14","left":"0","isLinked":""},"_padding_mobile":{"unit":"%","top":"0","right":"6","bottom":"26","left":"0","isLinked":""},"_animation":"fadeIn","animation_duration":"fast","_animation_delay":"400","text_stroke_text_stroke_type":"yes","_element_width":"initial","_element_custom_width":{"unit":"%","size":95.149}},"elements":[],"isInner":false,"widgetType":"heading","elType":"widget"},{"id":"145a0a9","settings":{"text":"Get Your Quote","align_mobile":"center","typography_typography":"custom","typography_font_family":"Montserrat","typography_font_size":{"unit":"px","size":"16","sizes":[]},"typography_font_size_tablet":{"unit":"px","size":"14","sizes":[]},"typography_font_weight":"600","typography_text_transform":"uppercase","typography_line_height":{"unit":"px","size":"19","sizes":[]},"typography_letter_spacing":{"unit":"px","size":"1.28","sizes":[]},"button_text_color":"#000000","background_color":"#FFFFFF","hover_color":"#000000","button_background_hover_color":"rgba(255, 255, 255, 0)","button_hover_border_color":"#000000","border_border":"solid","border_width":{"unit":"px","top":"1","right":"1","bottom":"1","left":"1","isLinked":"1"},"border_color":"#000000","border_radius":{"unit":"px","top":"0","right":"0","bottom":"0","left":"0","isLinked":"1"},"text_padding":{"unit":"px","top":"20","right":"66","bottom":"20","left":"66","isLinked":""},"text_padding_tablet":{"unit":"px","top":"18","right":"50","bottom":"18","left":"50","isLinked":""},"_animation":"fadeIn","_animation_mobile":"none","animation_duration":"slow","_animation_delay":"400","_css_classes":"popmake-2252","text_shadow_text_shadow_type":"yes"},"elements":[],"isInner":false,"widgetType":"button","elType":"widget"}],"isInner":true,"elType":"column"},{"id":"3e9551ac","settings":{"_column_size":50,"_inline_size":19.889,"_inline_size_tablet":"100","content_position":"bottom","align_tablet":"space-between","space_between_widgets":"0","padding":{"unit":"%","top":"0","right":"6","bottom":"34","left":"0","isLinked":""},"padding_tablet":{"unit":"%","top":"0","right":"0","bottom":"10","left":"0","isLinked":""},"padding_mobile":{"unit":"px","top":"0","right":"0","bottom":"0","left":"0","isLinked":""},"hide_tablet":"hidden-tablet","hide_mobile":"hidden-mobile","background_background":"classic","background_overlay_background":"classic","background_overlay_color":"#1A1A1A"},"elements":[{"id":"6567fd69","settings":{"selected_icon":{"value":"","library":""},"title_text":"<b>Construction<\/b>","description_text":"","position":"left","icon_space":{"unit":"px","size":"0","sizes":[]},"icon_size":{"unit":"px","size":"0","sizes":[]},"text_align":"left","content_vertical_alignment":"bottom","title_color":"#FFFFFF","title_typography_typography":"custom","title_typography_font_family":"Zen Kaku Gothic Antique","title_typography_font_size":{"unit":"px","size":"24","sizes":[]},"title_typography_font_weight":"500","title_typography_text_transform":"uppercase","title_typography_line_height":{"unit":"px","size":"35","sizes":[]},"title_typography_letter_spacing":{"unit":"px","size":"2.4","sizes":[]},"title_typography_letter_spacing_mobile":{"unit":"px","size":"2","sizes":[]},"description_color":"#7E7D7E","description_typography_typography":"custom","description_typography_font_family":"Roboto","description_typography_font_size":{"unit":"px","size":"16","sizes":[]},"description_typography_font_size_tablet":{"unit":"px","size":"14","sizes":[]},"description_typography_font_weight":"normal","description_typography_text_transform":"none","description_typography_font_style":"normal","description_typography_text_decoration":"none","description_typography_line_height":{"unit":"px","size":"19","sizes":[]},"description_typography_letter_spacing":{"unit":"px","size":"0","sizes":[]},"_padding":{"unit":"%","top":"0","right":"0","bottom":"30","left":"0","isLinked":""},"_padding_tablet":{"unit":"%","top":"0","right":"10","bottom":"0","left":"0","isLinked":""},"_padding_mobile":{"unit":"%","top":"0","right":"0","bottom":"10","left":"0","isLinked":""},"_border_border":"solid","_border_width":{"unit":"px","top":"0","right":"0","bottom":"1","left":"0","isLinked":""},"_border_width_tablet":{"unit":"px","top":"0","right":"1","bottom":"0","left":"0","isLinked":""},"_border_width_mobile":{"unit":"px","top":"0","right":"0","bottom":"1","left":"0","isLinked":""},"_border_color":"#D3D1D3","_element_width_tablet":"initial","_element_width_mobile":"inherit","_element_custom_width_tablet":{"unit":"%","size":"50","sizes":[]},"_animation":"fadeInUp","_animation_mobile":"none","_animation_delay":"1000","title_size":"h2"},"elements":[],"isInner":false,"widgetType":"icon-box","elType":"widget"},{"id":"198c8aa7","settings":{"selected_icon":{"value":"","library":""},"title_text":"<b>Architect <\/b>","description_text":"","position":"left","icon_space":{"unit":"px","size":"0","sizes":[]},"icon_size":{"unit":"px","size":"0","sizes":[]},"text_align":"left","content_vertical_alignment":"bottom","title_color":"#FFFFFF","title_typography_typography":"custom","title_typography_font_family":"Zen Kaku Gothic Antique","title_typography_font_size":{"unit":"px","size":"24","sizes":[]},"title_typography_font_weight":"500","title_typography_text_transform":"uppercase","title_typography_line_height":{"unit":"px","size":"35","sizes":[]},"title_typography_letter_spacing":{"unit":"px","size":"2.4","sizes":[]},"title_typography_letter_spacing_mobile":{"unit":"px","size":"2","sizes":[]},"description_color":"#7E7D7E","description_typography_typography":"custom","description_typography_font_family":"Roboto","description_typography_font_size":{"unit":"px","size":"16","sizes":[]},"description_typography_font_size_tablet":{"unit":"px","size":"14","sizes":[]},"description_typography_font_weight":"normal","description_typography_text_transform":"none","description_typography_font_style":"normal","description_typography_text_decoration":"none","description_typography_line_height":{"unit":"px","size":"19","sizes":[]},"description_typography_letter_spacing":{"unit":"px","size":"0","sizes":[]},"_padding":{"unit":"%","top":"0","right":"0","bottom":"30","left":"0","isLinked":""},"_padding_tablet":{"unit":"%","top":"0","right":"10","bottom":"0","left":"0","isLinked":""},"_padding_mobile":{"unit":"%","top":"0","right":"0","bottom":"10","left":"0","isLinked":""},"_border_border":"solid","_border_width":{"unit":"px","top":"0","right":"0","bottom":"1","left":"0","isLinked":""},"_border_width_tablet":{"unit":"px","top":"0","right":"1","bottom":"0","left":"0","isLinked":""},"_border_width_mobile":{"unit":"px","top":"0","right":"0","bottom":"1","left":"0","isLinked":""},"_border_color":"#D3D1D3","_element_width_tablet":"initial","_element_width_mobile":"inherit","_element_custom_width_tablet":{"unit":"%","size":"50","sizes":[]},"_animation":"fadeInUp","_animation_mobile":"none","_animation_delay":"1000","_element_width":"initial","_element_custom_width":{"unit":"%","size":108.079}},"elements":[],"isInner":false,"widgetType":"icon-box","elType":"widget"},{"id":"428de4d5","settings":{"selected_icon":{"value":"","library":""},"title_text":"<b>Interior Design<\/b>","description_text":"","position":"left","icon_space":{"unit":"px","size":"0","sizes":[]},"icon_size":{"unit":"px","size":"0","sizes":[]},"text_align":"left","content_vertical_alignment":"bottom","title_color":"#FFFFFF","title_typography_typography":"custom","title_typography_font_family":"Zen Kaku Gothic Antique","title_typography_font_size":{"unit":"px","size":"24","sizes":[]},"title_typography_font_weight":"500","title_typography_text_transform":"uppercase","title_typography_line_height":{"unit":"px","size":"35","sizes":[]},"title_typography_letter_spacing":{"unit":"px","size":"2.4","sizes":[]},"title_typography_letter_spacing_mobile":{"unit":"px","size":"2","sizes":[]},"description_color":"#7E7D7E","description_typography_typography":"custom","description_typography_font_family":"Roboto","description_typography_font_size":{"unit":"px","size":"16","sizes":[]},"description_typography_font_size_tablet":{"unit":"px","size":"14","sizes":[]},"description_typography_font_weight":"normal","description_typography_text_transform":"none","description_typography_font_style":"normal","description_typography_text_decoration":"none","description_typography_line_height":{"unit":"px","size":"19","sizes":[]},"description_typography_letter_spacing":{"unit":"px","size":"0","sizes":[]},"_padding":{"unit":"%","top":"0","right":"0","bottom":"30","left":"0","isLinked":""},"_padding_tablet":{"unit":"%","top":"0","right":"0","bottom":"0","left":"10","isLinked":""},"_padding_mobile":{"unit":"%","top":"10","right":"0","bottom":"0","left":"0","isLinked":""},"_border_border":"solid","_border_width":{"unit":"px","top":"0","right":"0","bottom":"0","left":"0","isLinked":""},"_border_width_tablet":{"unit":"px","top":"0","right":"0","bottom":"0","left":"0","isLinked":""},"_border_color":"#D3D1D3","_element_width_tablet":"initial","_element_width_mobile":"inherit","_element_custom_width_tablet":{"unit":"%","size":"50","sizes":[]},"_animation":"fadeInUp","_animation_mobile":"none","_animation_delay":"1200"},"elements":[],"isInner":false,"widgetType":"icon-box","elType":"widget"}],"isInner":true,"elType":"column"}],"isInner":true,"elType":"section"}],"isInner":false,"elType":"column"}],"isInner":false,"elType":"section"},{"id":"8535ce9","settings":{"margin":{"unit":"px","top":"50","right":0,"bottom":"50","left":0,"isLinked":true}},"elements":[{"id":"1682ecb1","settings":{"_column_size":100,"_inline_size":null},"elements":[{"id":"5d9f9c71","settings":{"title":"We will provide you the best work which you dreamt for!","align":"center","typography_typography":"custom","_border_border":"solid","_border_width":{"unit":"px","top":"0","right":"0","bottom":"0","left":"0","isLinked":false},"_border_color":"#33CC33"},"elements":[],"isInner":false,"widgetType":"heading","elType":"widget"},{"id":"29b4eb9e","settings":{"structure":"20"},"elements":[{"id":"5eb84525","settings":{"_column_size":50,"_inline_size":null},"elements":[{"id":"2d04de2f","settings":{"video_type":"hosted","youtube_url":"https:\/\/www.youtube.com\/watch?v=XHOmBV4js_E","vimeo_url":"https:\/\/vimeo.com\/235215203","dailymotion_url":"https:\/\/www.dailymotion.com\/video\/x6tqhqb","hosted_url":{"url":"https:\/\/urbanfeatconstruction.com\/wp-content\/uploads\/2025\/07\/about-vid.mp4","id":6539,"size":"","alt":"","source":"library"},"videopress_url":"https:\/\/videopress.com\/v\/ZCAOzTNk","start":0,"autoplay":"yes","play_on_mobile":"yes","mute":"yes","loop":"yes","controls":""},"elements":[],"isInner":false,"widgetType":"video","elType":"widget"}],"isInner":true,"elType":"column"},{"id":"2b8fc349","settings":{"_column_size":50,"_inline_size":null,"content_position":"center","align":"center"},"elements":[{"id":"2bdf6142","settings":{"editor":"<p>Hard workers persevere in large and small ways to the benefit of their personal and professional communities. Persistence is continued, extended effort toward a goal or outcome, regardless of challenges or obstacles.<\/p>","text_color":"#000000","typography_typography":"custom","typography_font_size":{"unit":"px","size":20,"sizes":[]}},"elements":[],"isInner":false,"widgetType":"text-editor","elType":"widget"},{"id":"45ce3191","settings":{"text":"Get Your Quote","align_mobile":"center","typography_typography":"custom","typography_font_family":"Montserrat","typography_font_size":{"unit":"px","size":"16","sizes":[]},"typography_font_size_tablet":{"unit":"px","size":"14","sizes":[]},"typography_font_weight":"600","typography_text_transform":"uppercase","typography_line_height":{"unit":"px","size":"19","sizes":[]},"typography_letter_spacing":{"unit":"px","size":"1.28","sizes":[]},"button_text_color":"#FFFFFF","background_color":"#000000","hover_color":"#000000","button_background_hover_color":"rgba(255, 255, 255, 0)","button_hover_border_color":"#000000","border_border":"solid","border_width":{"unit":"px","top":"1","right":"1","bottom":"1","left":"1","isLinked":"1"},"border_color":"#000000","border_radius":{"unit":"px","top":"0","right":"0","bottom":"0","left":"0","isLinked":"1"},"text_padding":{"unit":"px","top":"20","right":"66","bottom":"20","left":"66","isLinked":""},"text_padding_tablet":{"unit":"px","top":"18","right":"50","bottom":"18","left":"50","isLinked":""},"_animation":"fadeIn","_animation_mobile":"none","animation_duration":"slow","_animation_delay":"400","_css_classes":"popmake-2252","text_shadow_text_shadow_type":"yes","align":"center"},"elements":[],"isInner":false,"widgetType":"button","elType":"widget"}],"isInner":true,"elType":"column"}],"isInner":true,"elType":"section"}],"isInner":false,"elType":"column"}],"isInner":false,"elType":"section"},{"id":"182e53d","settings":{"structure":"20","margin":{"unit":"px","top":"","right":0,"bottom":"","left":0,"isLinked":true},"padding":{"unit":"px","top":"20","right":"20","bottom":"20","left":"20","isLinked":true},"background_background":"classic","background_color":"#FFFFFF","background_color_b":"#33CC33","background_image":{"url":"","id":"","size":"","alt":"","source":"library"},"background_attachment":"scroll","background_size":"cover","background_overlay_background":"classic","background_overlay_color":"#FFFFFF","background_overlay_image":{"url":"https:\/\/urbanfeatconstruction.com\/wp-content\/uploads\/2023\/02\/BITUMINOUS-MEMBRANE.jpg","id":4172,"size":"","alt":"","source":"library"},"__globals__":{"background_overlay_color":""},"background_overlay_opacity":{"unit":"px","size":0.06,"sizes":[]}},"elements":[{"id":"47a12adc","settings":{"_column_size":50,"_inline_size":31.549,"content_position":"space-between","padding":{"unit":"px","top":"0","right":"0","bottom":"0","left":"0","isLinked":false}},"elements":[{"id":"418f79bc","settings":{"layout":"full_width","gap":"no","custom_height_inner":{"unit":"px","size":"705","sizes":[]},"custom_height_inner_tablet":{"unit":"px","size":"380","sizes":[]},"custom_height_inner_mobile":{"unit":"px","size":"654","sizes":[]},"content_position":"top","margin":{"unit":"%","top":"0","right":0,"bottom":"0","left":0,"isLinked":""},"margin_tablet":{"unit":"%","top":"12","right":"0","bottom":"0","left":"0","isLinked":""},"margin_mobile":{"unit":"%","top":"14","right":"0","bottom":"0","left":"0","isLinked":""}},"elements":[{"id":"486b77e0","settings":{"_column_size":100,"_inline_size":100,"content_position_mobile":"bottom","margin":{"unit":"%","top":"","right":"","bottom":"","left":"","isLinked":"1"},"padding":{"unit":"%","top":"0","right":"0","bottom":"0","left":"0","isLinked":""},"padding_tablet":{"unit":"%","top":"0","right":"12","bottom":"0","left":"0","isLinked":""},"padding_mobile":{"unit":"%","top":"0","right":"0","bottom":"14","left":"0","isLinked":""},"space_between_widgets":"20","content_position":"center","align":"center"},"elements":[{"id":"162caed9","settings":{"title":"CONSTRUCTION","header_size":"h3","align_mobile":"center","__globals__":{"title_color":"globals\/colors?id=5646cc51"},"typography_typography":"custom","typography_font_weight":"500","text_stroke_text_stroke_type":"yes","_element_width":"initial","_element_custom_width":{"unit":"%","size":124.136},"align":"center"},"elements":[],"isInner":false,"widgetType":"heading","elType":"widget"},{"id":"2684d261","settings":{"image":{"url":"https:\/\/urbanfeatconstruction.com\/wp-content\/uploads\/2023\/12\/Construction.png","id":4810,"size":"","alt":"","source":"library"},"image_size":"thumbnail","_element_width":"initial","_element_custom_width":{"unit":"%","size":130.457}},"elements":[],"isInner":false,"widgetType":"image","elType":"widget"}],"isInner":true,"elType":"column"}],"isInner":"1","elType":"section"},{"id":"7c20a5e0","settings":{"layout":"full_width","gap":"no","custom_height_inner":{"unit":"px","size":"705","sizes":[]},"custom_height_inner_tablet":{"unit":"px","size":"380","sizes":[]},"custom_height_inner_mobile":{"unit":"px","size":"654","sizes":[]},"content_position":"top","margin":{"unit":"%","top":"0","right":0,"bottom":"0","left":0,"isLinked":""},"margin_tablet":{"unit":"%","top":"12","right":"0","bottom":"0","left":"0","isLinked":""},"margin_mobile":{"unit":"%","top":"14","right":"0","bottom":"0","left":"0","isLinked":""}},"elements":[{"id":"34eef796","settings":{"_column_size":100,"_inline_size":100,"content_position_mobile":"bottom","margin":{"unit":"%","top":"","right":"","bottom":"","left":"","isLinked":"1"},"padding":{"unit":"%","top":"0","right":"0","bottom":"0","left":"0","isLinked":""},"padding_tablet":{"unit":"%","top":"0","right":"12","bottom":"0","left":"0","isLinked":""},"padding_mobile":{"unit":"%","top":"0","right":"0","bottom":"14","left":"0","isLinked":""},"space_between_widgets":"20","content_position":"center","align":"center"},"elements":[{"id":"38aba012","settings":{"title":"ARCHITECT","header_size":"h3","align_mobile":"center","__globals__":{"title_color":"globals\/colors?id=5646cc51"},"typography_typography":"custom","typography_font_weight":"500","text_stroke_text_stroke_type":"yes","_element_width":"initial","_element_custom_width":{"unit":"%","size":124.136},"align":"center"},"elements":[],"isInner":false,"widgetType":"heading","elType":"widget"},{"id":"2e1996d","settings":{"image":{"url":"https:\/\/urbanfeatconstruction.com\/wp-content\/uploads\/2023\/12\/Inerior.png","id":4862,"size":"","alt":"","source":"library"},"image_size":"thumbnail","_element_width":"initial","_element_custom_width":{"unit":"%","size":130.457}},"elements":[],"isInner":false,"widgetType":"image","elType":"widget"}],"isInner":true,"elType":"column"}],"isInner":"1","elType":"section"},{"id":"6fe7d8a9","settings":{"layout":"full_width","gap":"no","custom_height_inner":{"unit":"px","size":"705","sizes":[]},"custom_height_inner_tablet":{"unit":"px","size":"380","sizes":[]},"custom_height_inner_mobile":{"unit":"px","size":"654","sizes":[]},"content_position":"top","margin":{"unit":"%","top":"0","right":0,"bottom":"0","left":0,"isLinked":""},"margin_tablet":{"unit":"%","top":"12","right":"0","bottom":"0","left":"0","isLinked":""},"margin_mobile":{"unit":"%","top":"14","right":"0","bottom":"0","left":"0","isLinked":""}},"elements":[{"id":"294e3ec0","settings":{"_column_size":100,"_inline_size":100,"content_position_mobile":"bottom","margin":{"unit":"%","top":"","right":"","bottom":"","left":"","isLinked":"1"},"padding":{"unit":"%","top":"0","right":"0","bottom":"0","left":"0","isLinked":""},"padding_tablet":{"unit":"%","top":"0","right":"12","bottom":"0","left":"0","isLinked":""},"padding_mobile":{"unit":"%","top":"0","right":"0","bottom":"14","left":"0","isLinked":""},"space_between_widgets":"20","content_position":"center","align":"center"},"elements":[{"id":"79143b7c","settings":{"title":"3D ELEVATION","header_size":"h3","align_mobile":"center","__globals__":{"title_color":"globals\/colors?id=5646cc51"},"typography_typography":"custom","typography_font_weight":"500","text_stroke_text_stroke_type":"yes","_element_width":"initial","_element_custom_width":{"unit":"%","size":124.136},"align":"center"},"elements":[],"isInner":false,"widgetType":"heading","elType":"widget"},{"id":"57224227","settings":{"image":{"url":"https:\/\/urbanfeatconstruction.com\/wp-content\/uploads\/2023\/12\/3D.png","id":5192,"size":"","alt":"","source":"library"},"image_size":"thumbnail","_element_width":"initial","_element_custom_width":{"unit":"%","size":130.457}},"elements":[],"isInner":false,"widgetType":"image","elType":"widget"}],"isInner":true,"elType":"column"}],"isInner":"1","elType":"section"},{"id":"7495d46a","settings":{"layout":"full_width","gap":"no","custom_height_inner":{"unit":"px","size":"705","sizes":[]},"custom_height_inner_tablet":{"unit":"px","size":"380","sizes":[]},"custom_height_inner_mobile":{"unit":"px","size":"654","sizes":[]},"content_position":"top","margin":{"unit":"%","top":"0","right":0,"bottom":"0","left":0,"isLinked":""},"margin_tablet":{"unit":"%","top":"12","right":"0","bottom":"0","left":"0","isLinked":""},"margin_mobile":{"unit":"%","top":"14","right":"0","bottom":"0","left":"0","isLinked":""}},"elements":[{"id":"236276d9","settings":{"_column_size":100,"_inline_size":100,"content_position_mobile":"bottom","margin":{"unit":"%","top":"","right":"","bottom":"","left":"","isLinked":"1"},"padding":{"unit":"%","top":"0","right":"0","bottom":"0","left":"0","isLinked":""},"padding_tablet":{"unit":"%","top":"0","right":"12","bottom":"0","left":"0","isLinked":""},"padding_mobile":{"unit":"%","top":"0","right":"0","bottom":"14","left":"0","isLinked":""},"space_between_widgets":"20","content_position":"center","align":"center"},"elements":[{"id":"5fa8080a","settings":{"title":"INTERIOR DESIGN","header_size":"h3","align_mobile":"center","__globals__":{"title_color":"globals\/colors?id=5646cc51"},"typography_typography":"custom","typography_font_weight":"500","text_stroke_text_stroke_type":"yes","_element_width":"initial","_element_custom_width":{"unit":"%","size":124.136},"align":"center"},"elements":[],"isInner":false,"widgetType":"heading","elType":"widget"},{"id":"19470e4b","settings":{"image":{"url":"https:\/\/urbanfeatconstruction.com\/wp-content\/uploads\/2023\/12\/Interior.png","id":4863,"size":"","alt":"","source":"library"},"image_size":"thumbnail","_element_width":"initial","_element_custom_width":{"unit":"%","size":130.457}},"elements":[],"isInner":false,"widgetType":"image","elType":"widget"}],"isInner":true,"elType":"column"}],"isInner":"1","elType":"section"}],"isInner":false,"elType":"column"},{"id":"6502d653","settings":{"_column_size":50,"_inline_size":68.451,"content_position":"space-between","hide_mobile":"hidden-mobile"},"elements":[{"id":"63faf12e","settings":{"title":"<b>Our services<\/b>","title_color":"#000000","typography_typography":"custom","typography_font_size":{"unit":"px","size":"36","sizes":[]},"typography_font_weight":"normal","typography_text_transform":"uppercase","typography_font_style":"normal","typography_text_decoration":"none","typography_line_height":{"unit":"px","size":1,"sizes":[]},"typography_letter_spacing":{"unit":"px","size":"3.6","sizes":[]},"align_mobile":"center","typography_font_size_tablet":{"unit":"px","size":"28","sizes":[]},"typography_line_height_tablet":{"unit":"em","size":"1.3","sizes":[]},"_padding":{"unit":"%","top":"0","right":"0","bottom":"0","left":"0","isLinked":""},"_padding_tablet":{"unit":"%","top":"0","right":"0","bottom":"0","left":"0","isLinked":""},"_padding_mobile":{"unit":"%","top":"0","right":"0","bottom":"10","left":"0","isLinked":""},"_animation":"fadeIn","_animation_mobile":"none","animation_duration":"slow","_animation_delay":"400","align":"center","_margin":{"unit":"px","top":"20","right":"0","bottom":"20","left":"0","isLinked":false},"header_size":"h3","_margin_tablet":{"unit":"px","top":"20","right":"0","bottom":"0","left":"0","isLinked":false}},"elements":[],"isInner":false,"widgetType":"heading","elType":"widget"},{"id":"64ed6f45","settings":{"editor":"<p><span style=\"font-weight: 400;\">Welcome to UrbanFeat Construction, your one-stop destination for premium construction and interior designing services in Lucknow. As leading builders in Lucknow, we take pride in delivering exceptional services tailored to meet the diverse needs of our clients.<\/span><\/p><p>Our expertise spans across various domains, including apartment buildings, offices, and homes. At UrbanFeat, we specialise in transforming spaces into aesthetically pleasing and functional environments. From conceptualization to execution, our dedicated team ensures meticulous attention to detail in every project.<\/p><p>Immerse yourself in the epitome of luxury with our bedroom interior design services. Our skilled designers bring creativity and innovation to redefine your personal space, creating a harmonious blend of comfort and style. Explore the heart of your home with our kitchen interior design, where functionality meets elegance, and every detail is crafted to perfection.<\/p><p><span style=\"font-weight: 400;\">As renowned architects in Lucknow, we go beyond conventional boundaries, offering comprehensive solutions for both residential and commercial spaces. Whether you're envisioning a contemporary office layout or a cozy home interior, our architects and builders collaborate seamlessly to bring your vision to life.<\/span><\/p>","align":"justify","typography_typography":"custom","typography_font_size":{"unit":"px","size":20,"sizes":[]},"_element_width":"initial","_element_custom_width":{"unit":"%","size":100.189},"__globals__":{"text_color":"globals\/colors?id=5646cc51"},"typography_font_weight":"normal","_element_width_mobile":"initial","_element_custom_width_mobile":{"unit":"px","size":322.288},"align_mobile":"left","typography_font_size_mobile":{"unit":"px","size":20,"sizes":[]},"_margin_mobile":{"unit":"px","top":"0","right":"0","bottom":"0","left":"0","isLinked":false}},"elements":[],"isInner":false,"widgetType":"text-editor","elType":"widget"},{"id":"6a9554ed","settings":{"text":"Get Your Quote","align_mobile":"center","typography_typography":"custom","typography_font_family":"Montserrat","typography_font_size":{"unit":"px","size":"16","sizes":[]},"typography_font_size_tablet":{"unit":"px","size":"14","sizes":[]},"typography_font_weight":"600","typography_text_transform":"uppercase","typography_line_height":{"unit":"px","size":"19","sizes":[]},"typography_letter_spacing":{"unit":"px","size":"1.28","sizes":[]},"button_text_color":"#FFFFFF","background_color":"#000000","hover_color":"#000000","button_background_hover_color":"rgba(255, 255, 255, 0)","button_hover_border_color":"#000000","border_border":"solid","border_width":{"unit":"px","top":"0","right":"0","bottom":"0","left":"0","isLinked":"1"},"border_color":"#000000","border_radius":{"unit":"px","top":"0","right":"0","bottom":"0","left":"0","isLinked":"1"},"text_padding":{"unit":"px","top":"20","right":"66","bottom":"20","left":"66","isLinked":""},"text_padding_tablet":{"unit":"px","top":"18","right":"50","bottom":"18","left":"50","isLinked":""},"_animation":"fadeIn","_animation_mobile":"none","animation_duration":"slow","_animation_delay":"400","_css_classes":"popmake-2252","text_shadow_text_shadow_type":"yes","align":"center"},"elements":[],"isInner":false,"widgetType":"button","elType":"widget"}],"isInner":false,"elType":"column"}],"isInner":false,"elType":"section"},{"id":"15139070","settings":{"content_width":{"unit":"px","size":714,"sizes":[]},"gap":"no","height":"min-height","custom_height":{"unit":"vh","size":35,"sizes":[]},"custom_height_tablet":{"unit":"vh","size":32,"sizes":[]},"margin":{"unit":"%","top":"0","right":0,"bottom":"0","left":0,"isLinked":false},"margin_tablet":{"unit":"%","top":"10","right":0,"bottom":"20","left":0,"isLinked":""},"margin_mobile":{"unit":"%","top":"5","right":0,"bottom":"5","left":0,"isLinked":true},"padding":{"unit":"%","top":"0","right":"4","bottom":"0","left":"4","isLinked":""},"padding_mobile":{"unit":"%","top":"0","right":"6","bottom":"0","left":"6","isLinked":""},"_title":"Next Level Sound","overflow":"hidden","content_width_tablet":{"unit":"px","size":697,"sizes":[]},"custom_height_mobile":{"unit":"px","size":240,"sizes":[]}},"elements":[{"id":"2490afc3","settings":{"_column_size":"100","space_between_widgets":"0","margin":{"unit":"px","top":"0","right":"0","bottom":"0","left":"0","isLinked":false}},"elements":[{"id":"5d1b1041","settings":{"title":"Urbanfeat Construction is an expert construction company near you!","title_color":"#000000","typography_typography":"custom","typography_font_weight":"500","typography_text_transform":"uppercase","typography_font_style":"normal","typography_text_decoration":"none","typography_line_height":{"unit":"px","size":45,"sizes":[]},"typography_letter_spacing":{"unit":"px","size":0,"sizes":[]},"align":"center","typography_font_size_tablet":{"unit":"px","size":39,"sizes":[]},"typography_font_size_mobile":{"unit":"px","size":18,"sizes":[]},"typography_line_height_tablet":{"unit":"em","size":"1.1","sizes":[]},"typography_line_height_mobile":{"unit":"em","size":"1.2","sizes":[]},"typography_letter_spacing_tablet":{"unit":"px","size":"4","sizes":[]},"_padding":{"unit":"%","top":"0","right":"0","bottom":"6","left":"0","isLinked":""},"_padding_tablet":{"unit":"%","top":"0","right":"0","bottom":"2","left":"0","isLinked":""},"_padding_mobile":{"unit":"%","top":"0","right":"0","bottom":"4","left":"0","isLinked":""},"text_stroke_text_stroke_type":"yes","_margin":{"unit":"px","top":"20","right":"0","bottom":"20","left":"0","isLinked":false}},"elements":[],"isInner":false,"widgetType":"heading","elType":"widget"}],"isInner":"","elType":"column"}],"isInner":"","elType":"section"},{"id":"e6e3433","settings":{"margin":{"unit":"px","top":"-70","right":0,"bottom":"0","left":0,"isLinked":false},"content_width":{"unit":"px","size":1200,"sizes":[]},"layout":"full_width"},"elements":[{"id":"7132baf9","settings":{"_column_size":100,"_inline_size":null,"padding":{"unit":"px","top":"0","right":"0","bottom":"0","left":"0","isLinked":true}},"elements":[{"id":"78e9f941","settings":{"shortcode":"[smartslider3 slider=\"3\"]","_element_width":"inherit","_element_custom_width":{"unit":"%","size":100.856}},"elements":[],"isInner":false,"widgetType":"shortcode","elType":"widget"},{"id":"4c7f371b","settings":{"text":"Get Your Quote","align_mobile":"center","typography_typography":"custom","typography_font_family":"Montserrat","typography_font_size":{"unit":"px","size":"16","sizes":[]},"typography_font_size_tablet":{"unit":"px","size":"14","sizes":[]},"typography_font_weight":"600","typography_text_transform":"uppercase","typography_line_height":{"unit":"px","size":"19","sizes":[]},"typography_letter_spacing":{"unit":"px","size":"1.28","sizes":[]},"button_text_color":"#FFFFFF","background_color":"#000000","hover_color":"#000000","button_background_hover_color":"rgba(255, 255, 255, 0)","button_hover_border_color":"#000000","border_border":"solid","border_width":{"unit":"px","top":"1","right":"1","bottom":"1","left":"1","isLinked":"1"},"border_color":"#000000","border_radius":{"unit":"px","top":"0","right":"0","bottom":"0","left":"0","isLinked":"1"},"text_padding":{"unit":"px","top":"20","right":"66","bottom":"20","left":"66","isLinked":""},"text_padding_tablet":{"unit":"px","top":"18","right":"50","bottom":"18","left":"50","isLinked":""},"_animation":"fadeIn","_animation_mobile":"none","animation_duration":"slow","_animation_delay":"400","_css_classes":"popmake-2252","text_shadow_text_shadow_type":"yes","align":"center","_margin":{"unit":"px","top":"50","right":"0","bottom":"0","left":"0","isLinked":false}},"elements":[],"isInner":false,"widgetType":"button","elType":"widget"}],"isInner":false,"elType":"column"}],"isInner":false,"elType":"section"},{"id":"5200c436","settings":{"content_width":{"unit":"px","size":1300,"sizes":[]},"margin":{"unit":"px","top":"50","right":0,"bottom":"50","left":0,"isLinked":true},"layout":"full_width","background_overlay_background":"classic","background_overlay_image":{"url":"https:\/\/urbanfeatconstruction.com\/wp-content\/uploads\/2022\/10\/image-and-text-2.jpg","id":3397,"size":"","alt":"","source":"library"},"background_overlay_opacity":{"unit":"px","size":0.1,"sizes":[]}},"elements":[{"id":"46d7cdfe","settings":{"_column_size":100,"_inline_size":100,"background_hover_transition":{"unit":"px","size":1.6,"sizes":[]}},"elements":[{"id":"32afbfa4","settings":{"title":"<b>Project We Work On<\/b>","title_color":"#000000","typography_typography":"custom","typography_font_weight":"500","typography_text_transform":"uppercase","typography_font_style":"normal","typography_text_decoration":"none","typography_line_height":{"unit":"px","size":87,"sizes":[]},"typography_letter_spacing":{"unit":"px","size":3,"sizes":[]},"align":"center","align_mobile":"center","typography_font_size_tablet":{"unit":"px","size":30,"sizes":[]},"typography_font_size_mobile":{"unit":"px","size":30,"sizes":[]},"typography_line_height_tablet":{"unit":"em","size":"1.1","sizes":[]},"typography_line_height_mobile":{"unit":"em","size":"1.2","sizes":[]},"typography_letter_spacing_tablet":{"unit":"px","size":3.2,"sizes":[]},"_padding":{"unit":"%","top":"0","right":"0","bottom":"0","left":"0","isLinked":""},"_padding_tablet":{"unit":"%","top":"0","right":"0","bottom":"4","left":"0","isLinked":""},"_padding_mobile":{"unit":"%","top":"0","right":"0","bottom":"4","left":"0","isLinked":""},"_animation":"fadeIn","_animation_mobile":"none","_animation_delay":"200","typography_word_spacing":{"unit":"px","size":0,"sizes":[]},"typography_letter_spacing_mobile":{"unit":"px","size":-0.1,"sizes":[]}},"elements":[],"isInner":false,"widgetType":"heading","elType":"widget"},{"id":"2d68d6a","settings":{"wp_gallery":[{"id":5031,"url":"https:\/\/urbanfeatconstruction.com\/wp-content\/uploads\/2023\/12\/Interior-Design.jpg"},{"id":5033,"url":"https:\/\/urbanfeatconstruction.com\/wp-content\/uploads\/2023\/12\/Kitchen.jpg"},{"id":5037,"url":"https:\/\/urbanfeatconstruction.com\/wp-content\/uploads\/2023\/12\/Residentials-Home.jpg"},{"id":5035,"url":"https:\/\/urbanfeatconstruction.com\/wp-content\/uploads\/2023\/12\/Bed-Room.jpg"},{"id":5133,"url":"https:\/\/urbanfeatconstruction.com\/wp-content\/uploads\/2023\/12\/2-1.jpg"},{"id":5134,"url":"https:\/\/urbanfeatconstruction.com\/wp-content\/uploads\/2023\/12\/1-2.jpg"}],"thumbnail_size":"medium","gallery_columns":"3","open_lightbox":"yes","image_spacing":"custom","image_spacing_custom":{"unit":"px","size":65,"sizes":[]}},"elements":[],"isInner":false,"widgetType":"image-gallery","elType":"widget"}],"isInner":false,"elType":"column"}],"isInner":false,"elType":"section"},{"id":"27ecd9b7","settings":{"margin":{"unit":"%","top":"5","right":0,"bottom":"0","left":0,"isLinked":false},"margin_tablet":{"unit":"%","top":"","right":"","bottom":"","left":"","isLinked":true},"margin_mobile":{"unit":"%","top":"","right":"","bottom":"","left":"","isLinked":true},"background_overlay_background":"classic","background_overlay_image":{"url":"https:\/\/urbanfeatconstruction.com\/wp-content\/uploads\/2022\/12\/Wellness-Interior.jpg","id":3879,"size":"","alt":"","source":"library"},"background_overlay_opacity":{"unit":"px","size":0.1,"sizes":[]},"background_overlay_position":"center center","background_overlay_attachment":"fixed","background_overlay_repeat":"no-repeat","background_overlay_size":"cover"},"elements":[{"id":"625d911e","settings":{"_column_size":100,"_inline_size":null},"elements":[{"id":"4f7116da","settings":{"title":"<b>why choose us?<\/b>","title_color":"#000000","typography_typography":"custom","typography_font_weight":"500","typography_text_transform":"uppercase","typography_font_style":"normal","typography_text_decoration":"none","typography_line_height":{"unit":"px","size":87,"sizes":[]},"typography_letter_spacing":{"unit":"px","size":3,"sizes":[]},"align":"center","align_mobile":"center","typography_font_size_tablet":{"unit":"px","size":30,"sizes":[]},"typography_font_size_mobile":{"unit":"px","size":30,"sizes":[]},"typography_line_height_tablet":{"unit":"em","size":"1.1","sizes":[]},"typography_line_height_mobile":{"unit":"em","size":"1.2","sizes":[]},"typography_letter_spacing_tablet":{"unit":"px","size":3.2,"sizes":[]},"_padding":{"unit":"%","top":"0","right":"0","bottom":"0","left":"0","isLinked":""},"_padding_tablet":{"unit":"%","top":"0","right":"0","bottom":"4","left":"0","isLinked":""},"_padding_mobile":{"unit":"%","top":"0","right":"0","bottom":"4","left":"0","isLinked":""},"_animation":"fadeIn","_animation_mobile":"none","_animation_delay":"200","typography_word_spacing":{"unit":"px","size":0,"sizes":[]},"typography_letter_spacing_mobile":{"unit":"px","size":-0.1,"sizes":[]}},"elements":[],"isInner":false,"widgetType":"heading","elType":"widget"},{"id":"701f958c","settings":{"carousel":[{"id":5938,"url":"https:\/\/urbanfeatconstruction.com\/wp-content\/uploads\/2023\/12\/customer-service-2.png"},{"id":5942,"url":"https:\/\/urbanfeatconstruction.com\/wp-content\/uploads\/2023\/12\/work.png"},{"id":5946,"url":"https:\/\/urbanfeatconstruction.com\/wp-content\/uploads\/2023\/12\/support.png"},{"id":5975,"url":"https:\/\/urbanfeatconstruction.com\/wp-content\/uploads\/2023\/12\/validation.png"},{"id":5976,"url":"https:\/\/urbanfeatconstruction.com\/wp-content\/uploads\/2023\/12\/stamp.png"},{"id":5974,"url":"https:\/\/urbanfeatconstruction.com\/wp-content\/uploads\/2023\/12\/check-1.png"}],"slides_to_show":"3","slides_to_scroll":"1","navigation":"none","caption_type":"caption","autoplay_speed":2000,"arrows_position":"outside","arrows_size":{"unit":"px","size":33,"sizes":[]},"caption_typography_typography":"custom","caption_typography_font_size":{"unit":"px","size":20,"sizes":[]},"caption_typography_font_weight":"900","caption_typography_line_height":{"unit":"px","size":65,"sizes":[]},"caption_typography_letter_spacing":{"unit":"px","size":2.7,"sizes":[]},"_animation":"slideInUp","navigation_previous_icon":{"value":"far fa-arrow-alt-circle-left","library":"fa-regular"},"navigation_next_icon":{"value":"far fa-arrow-alt-circle-right","library":"fa-regular"}},"elements":[],"isInner":false,"widgetType":"image-carousel","elType":"widget"}],"isInner":false,"elType":"column"}],"isInner":false,"elType":"section"},{"id":"5beffc4c","settings":{"gap":"no","custom_height":{"unit":"px","size":""},"content_position":"middle","padding":{"unit":"px","top":"50","right":"0","bottom":"50","left":"0","isLinked":false},"padding_tablet":{"unit":"px","top":"100","right":"25","bottom":"100","left":"25","isLinked":false},"padding_mobile":{"unit":"px","top":"50","right":"20","bottom":"50","left":"20","isLinked":false}},"elements":[{"id":"6661570a","settings":{"_column_size":100},"elements":[{"id":"1d958b01","settings":{"title":"<b>Customers reviews<\/b>","title_color":"#000000","typography_typography":"custom","typography_font_weight":"normal","typography_text_transform":"uppercase","typography_font_style":"normal","typography_text_decoration":"none","typography_line_height":{"unit":"px","size":87,"sizes":[]},"typography_letter_spacing":{"unit":"px","size":3,"sizes":[]},"align":"center","align_mobile":"center","typography_font_size_tablet":{"unit":"px","size":30,"sizes":[]},"typography_font_size_mobile":{"unit":"px","size":28,"sizes":[]},"typography_line_height_tablet":{"unit":"em","size":"1.1","sizes":[]},"typography_line_height_mobile":{"unit":"em","size":1,"sizes":[]},"typography_letter_spacing_tablet":{"unit":"px","size":"4","sizes":[]},"_padding":{"unit":"%","top":"0","right":"0","bottom":"0","left":"0","isLinked":""},"_padding_tablet":{"unit":"%","top":"0","right":"0","bottom":"4","left":"0","isLinked":""},"_padding_mobile":{"unit":"%","top":"0","right":"0","bottom":"4","left":"0","isLinked":""},"_animation":"fadeIn","_animation_mobile":"none","_animation_delay":"200","typography_word_spacing":{"unit":"px","size":0,"sizes":[]},"typography_letter_spacing_mobile":{"unit":"px","size":2.2,"sizes":[]},"typography_word_spacing_mobile":{"unit":"em","size":1.4,"sizes":[]}},"elements":[],"isInner":false,"widgetType":"heading","elType":"widget"},{"id":"429c9516","settings":{"structure":"30","padding":{"unit":"px","top":"35","right":"0","bottom":"0","left":"0","isLinked":false},"padding_tablet":{"unit":"px","top":"15","right":"0","bottom":"0","left":"0","isLinked":false}},"elements":[{"id":"548e5adf","settings":{"_column_size":33,"_inline_size":null,"border_width":{"unit":"px","top":"1","right":"1","bottom":"1","left":"1","isLinked":true},"border_radius":{"unit":"px","top":"5","right":"5","bottom":"5","left":"5","isLinked":true},"margin":{"unit":"px","top":"0","right":"16","bottom":"0","left":"0","isLinked":false},"padding":{"unit":"px","top":"35","right":"35","bottom":"35","left":"35","isLinked":true},"box_shadow_box_shadow_type":"yes","box_shadow_box_shadow":{"horizontal":0,"vertical":0,"blur":25,"spread":0,"color":"rgba(0,0,0,0.15)"},"box_shadow_hover_box_shadow_type":"yes","box_shadow_hover_box_shadow":{"horizontal":0,"vertical":0,"blur":55,"spread":0,"color":"rgba(0,0,0,0.31)"},"margin_tablet":{"unit":"px","top":"0","right":"10","bottom":"0","left":"0","isLinked":false},"margin_mobile":{"unit":"px","top":"0","right":"0","bottom":"0","left":"0","isLinked":false},"padding_tablet":{"unit":"px","top":"20","right":"20","bottom":"20","left":"20","isLinked":true}},"elements":[{"id":"efc1cc9","settings":{"testimonial_content":"","testimonial_image":{"id":5314,"url":"https:\/\/urbanfeatconstruction.com\/wp-content\/uploads\/2023\/12\/Untitled-design-3.jpg","alt":"","source":"library","size":""},"testimonial_name":"Sumit Patel","testimonial_job":"","testimonial_alignment":"left","content_content_color":"#000000","content_typography_typography":"custom","content_typography_font_size":{"unit":"px","size":29},"content_typography_line_height":{"unit":"em","size":1.8},"image_size":{"unit":"px","size":55},"name_text_color":"#000000","name_typography_typography":"custom","name_typography_font_size":{"unit":"px","size":25},"job_text_color":"#bfbfbf","job_typography_typography":"custom","job_typography_font_size":{"unit":"px","size":15},"job_typography_font_weight":"100","name_typography_font_size_tablet":{"unit":"px","size":18},"content_typography_font_family":"Anton","name_typography_font_family":"Zen Kaku Gothic Antique","name_typography_font_weight":"700","job_typography_font_family":"Zen Kaku Gothic Antique","job_typography_font_size_mobile":{"unit":"px","size":48,"sizes":[]}},"elements":[],"isInner":false,"widgetType":"testimonial","elType":"widget"},{"id":"7bdc45de","settings":{"editor":"<p>\"Outstanding construction, timely delivery, and exceptional communication. Our dream home exceeded expectations. Highly recommend this team!\"<\/p>","align":"justify","typography_typography":"custom","typography_font_size":{"unit":"px","size":18,"sizes":[]},"_element_width":"initial","_element_custom_width":{"unit":"%","size":96.269},"__globals__":{"text_color":"globals\/colors?id=5646cc51"},"typography_line_height":{"unit":"px","size":25,"sizes":[]},"typography_letter_spacing":{"unit":"px","size":0,"sizes":[]},"typography_word_spacing":{"unit":"px","size":0,"sizes":[]}},"elements":[],"isInner":false,"widgetType":"text-editor","elType":"widget"},{"id":"7c0dae0d","settings":{"primary_color":"#F7F06C","size":{"unit":"px","size":20,"sizes":[]},"_element_width":"initial","_element_custom_width":{"unit":"%","size":11.219}},"elements":[],"isInner":false,"widgetType":"icon","elType":"widget"},{"id":"4b39f429","settings":{"primary_color":"#F7F06C","size":{"unit":"px","size":20,"sizes":[]},"_element_width":"initial","_element_custom_width":{"unit":"%","size":11.219}},"elements":[],"isInner":false,"widgetType":"icon","elType":"widget"},{"id":"307847e4","settings":{"primary_color":"#F7F06C","size":{"unit":"px","size":20,"sizes":[]},"_element_width":"initial","_element_custom_width":{"unit":"%","size":11.219}},"elements":[],"isInner":false,"widgetType":"icon","elType":"widget"},{"id":"1cce5b6d","settings":{"primary_color":"#F7F06C","size":{"unit":"px","size":20,"sizes":[]},"_element_width":"initial","_element_custom_width":{"unit":"%","size":11.219}},"elements":[],"isInner":false,"widgetType":"icon","elType":"widget"},{"id":"7b939724","settings":{"primary_color":"#F7F06C","size":{"unit":"px","size":20,"sizes":[]},"_element_width":"initial","_element_custom_width":{"unit":"%","size":11.219}},"elements":[],"isInner":false,"widgetType":"icon","elType":"widget"}],"isInner":true,"elType":"column"},{"id":"284f3bda","settings":{"_column_size":33,"_inline_size":null,"border_width":{"unit":"px","top":"1","right":"1","bottom":"1","left":"1","isLinked":true},"border_radius":{"unit":"px","top":"5","right":"5","bottom":"5","left":"5","isLinked":true},"margin":{"unit":"px","top":"0","right":"16","bottom":"0","left":"0","isLinked":false},"padding":{"unit":"px","top":"35","right":"35","bottom":"35","left":"35","isLinked":true},"box_shadow_box_shadow_type":"yes","box_shadow_box_shadow":{"horizontal":0,"vertical":0,"blur":25,"spread":0,"color":"rgba(0,0,0,0.15)"},"box_shadow_hover_box_shadow_type":"yes","box_shadow_hover_box_shadow":{"horizontal":0,"vertical":0,"blur":55,"spread":0,"color":"rgba(0,0,0,0.31)"},"margin_tablet":{"unit":"px","top":"0","right":"10","bottom":"0","left":"0","isLinked":false},"margin_mobile":{"unit":"px","top":"0","right":"0","bottom":"0","left":"0","isLinked":false},"padding_tablet":{"unit":"px","top":"20","right":"20","bottom":"20","left":"20","isLinked":true},"hide_mobile":"hidden-mobile"},"elements":[{"id":"65a7bde5","settings":{"testimonial_content":"","testimonial_image":{"id":5315,"url":"https:\/\/urbanfeatconstruction.com\/wp-content\/uploads\/2023\/12\/Untitled-design-2.jpg","alt":"","source":"library","size":""},"testimonial_name":"Shyam Agarwal","testimonial_job":"","testimonial_alignment":"left","content_content_color":"#000000","content_typography_typography":"custom","content_typography_font_size":{"unit":"px","size":29},"content_typography_line_height":{"unit":"em","size":1.8},"image_size":{"unit":"px","size":55},"name_text_color":"#000000","name_typography_typography":"custom","name_typography_font_size":{"unit":"px","size":25},"job_text_color":"#bfbfbf","job_typography_typography":"custom","job_typography_font_size":{"unit":"px","size":15},"job_typography_font_weight":"300","name_typography_font_size_tablet":{"unit":"px","size":18},"content_typography_font_family":"Zen Kaku Gothic Antique","name_typography_font_family":"Zen Kaku Gothic Antique","name_typography_font_weight":"600","job_typography_font_family":"Zen Kaku Gothic Antique"},"elements":[],"isInner":false,"widgetType":"testimonial","elType":"widget"},{"id":"615b6645","settings":{"editor":"<p>\"Exceptional service, timely delivery, and top-notch interorior. Our dream project turned into reality. Highly recommend their expertise!\"<\/p>","align":"justify","typography_typography":"custom","typography_font_size":{"unit":"px","size":18,"sizes":[]},"_element_width":"initial","_element_custom_width":{"unit":"%","size":96.269},"__globals__":{"text_color":"globals\/colors?id=5646cc51"},"typography_line_height":{"unit":"px","size":25,"sizes":[]},"typography_letter_spacing":{"unit":"px","size":0,"sizes":[]},"typography_word_spacing":{"unit":"px","size":0,"sizes":[]}},"elements":[],"isInner":false,"widgetType":"text-editor","elType":"widget"},{"id":"40cbfff2","settings":{"primary_color":"#F7F06C","size":{"unit":"px","size":20,"sizes":[]},"_element_width":"initial","_element_custom_width":{"unit":"%","size":11.219}},"elements":[],"isInner":false,"widgetType":"icon","elType":"widget"},{"id":"64221aed","settings":{"primary_color":"#F7F06C","size":{"unit":"px","size":20,"sizes":[]},"_element_width":"initial","_element_custom_width":{"unit":"%","size":11.219}},"elements":[],"isInner":false,"widgetType":"icon","elType":"widget"},{"id":"30e0df01","settings":{"primary_color":"#F7F06C","size":{"unit":"px","size":20,"sizes":[]},"_element_width":"initial","_element_custom_width":{"unit":"%","size":11.219}},"elements":[],"isInner":false,"widgetType":"icon","elType":"widget"},{"id":"1f133d13","settings":{"primary_color":"#F7F06C","size":{"unit":"px","size":20,"sizes":[]},"_element_width":"initial","_element_custom_width":{"unit":"%","size":11.219}},"elements":[],"isInner":false,"widgetType":"icon","elType":"widget"},{"id":"564a0ab9","settings":{"primary_color":"#F7F06C","size":{"unit":"px","size":20,"sizes":[]},"_element_width":"initial","_element_custom_width":{"unit":"%","size":11.219},"selected_icon":{"value":"fas fa-star-half-alt","library":"fa-solid"}},"elements":[],"isInner":false,"widgetType":"icon","elType":"widget"}],"isInner":true,"elType":"column"},{"id":"5a51f5a7","settings":{"_column_size":33,"_inline_size":null,"border_width":{"unit":"px","top":"1","right":"1","bottom":"1","left":"1","isLinked":true},"border_radius":{"unit":"px","top":"5","right":"5","bottom":"5","left":"5","isLinked":true},"margin":{"unit":"px","top":"0","right":"16","bottom":"0","left":"0","isLinked":false},"padding":{"unit":"px","top":"35","right":"35","bottom":"35","left":"35","isLinked":true},"box_shadow_box_shadow_type":"yes","box_shadow_box_shadow":{"horizontal":0,"vertical":0,"blur":25,"spread":0,"color":"rgba(0,0,0,0.15)"},"box_shadow_hover_box_shadow_type":"yes","box_shadow_hover_box_shadow":{"horizontal":0,"vertical":0,"blur":55,"spread":0,"color":"rgba(0,0,0,0.31)"},"margin_tablet":{"unit":"px","top":"0","right":"10","bottom":"0","left":"0","isLinked":false},"margin_mobile":{"unit":"px","top":"0","right":"0","bottom":"0","left":"0","isLinked":false},"padding_tablet":{"unit":"px","top":"20","right":"20","bottom":"20","left":"20","isLinked":true},"hide_mobile":"hidden-mobile"},"elements":[{"id":"32ecb45","settings":{"testimonial_content":"","testimonial_image":{"id":5316,"url":"https:\/\/urbanfeatconstruction.com\/wp-content\/uploads\/2023\/12\/Untitled-design-1.jpg","alt":"","source":"library","size":""},"testimonial_name":"Rohit Bhatia","testimonial_job":"","testimonial_alignment":"left","content_content_color":"#000000","content_typography_typography":"custom","content_typography_font_size":{"unit":"px","size":29},"content_typography_line_height":{"unit":"em","size":1.8},"image_size":{"unit":"px","size":55},"name_text_color":"#000000","name_typography_typography":"custom","name_typography_font_size":{"unit":"px","size":25},"job_text_color":"#bfbfbf","job_typography_typography":"custom","job_typography_font_size":{"unit":"px","size":15},"job_typography_font_weight":"300","name_typography_font_size_tablet":{"unit":"px","size":18},"content_typography_font_family":"Anton","name_typography_font_family":"Zen Kaku Gothic Antique","name_typography_font_weight":"600"},"elements":[],"isInner":false,"widgetType":"testimonial","elType":"widget"},{"id":"63a9b68f","settings":{"editor":"<div class=\"flex-1 overflow-hidden\"><div class=\"react-scroll-to-bottom--css-mvnlr-79elbk h-full\"><div class=\"react-scroll-to-bottom--css-mvnlr-1n7m0yu\"><div class=\"flex flex-col pb-9 text-sm\"><div class=\"w-full text-token-text-primary\" data-testid=\"conversation-turn-7\"><div class=\"px-4 py-2 justify-center text-base md:gap-6 m-auto\"><div class=\"flex flex-1 text-base mx-auto gap-3 md:px-5 lg:px-1 xl:px-5 md:max-w-3xl lg:max-w-[40rem] xl:max-w-[48rem] group final-completion\"><div class=\"relative flex w-full flex-col lg:w-[calc(100%-115px)] agent-turn\"><div class=\"flex-col gap-1 md:gap-3\"><div class=\"flex flex-grow flex-col max-w-full\"><div class=\"min-h-[20px] text-message flex flex-col items-start gap-3 whitespace-pre-wrap break-words [.text-message+&amp;]:mt-5 overflow-x-auto\" data-message-author-role=\"assistant\" data-message-id=\"0113a8b9-1c41-4355-baa0-4c761a349e4c\"><div class=\"markdown prose w-full break-words dark:prose-invert light\"><p>\"Remarkable service and superb architect. Our project surpassed expectations. Highly recommend their exceptional expertise!<\/p><\/div><\/div><\/div><\/div><\/div><\/div><\/div><\/div><\/div><\/div><\/div><\/div>","align":"justify","typography_typography":"custom","typography_font_size":{"unit":"px","size":18,"sizes":[]},"_element_width":"initial","_element_custom_width":{"unit":"%","size":96.269},"__globals__":{"text_color":"globals\/colors?id=5646cc51"},"typography_line_height":{"unit":"px","size":25,"sizes":[]},"typography_letter_spacing":{"unit":"px","size":0,"sizes":[]},"typography_word_spacing":{"unit":"px","size":0,"sizes":[]}},"elements":[],"isInner":false,"widgetType":"text-editor","elType":"widget"},{"id":"7fb3340e","settings":{"primary_color":"#F7F06C","size":{"unit":"px","size":20,"sizes":[]},"_element_width":"initial","_element_custom_width":{"unit":"%","size":11.219}},"elements":[],"isInner":false,"widgetType":"icon","elType":"widget"},{"id":"79d4be1a","settings":{"primary_color":"#F7F06C","size":{"unit":"px","size":20,"sizes":[]},"_element_width":"initial","_element_custom_width":{"unit":"%","size":11.219}},"elements":[],"isInner":false,"widgetType":"icon","elType":"widget"},{"id":"394f0db4","settings":{"primary_color":"#F7F06C","size":{"unit":"px","size":20,"sizes":[]},"_element_width":"initial","_element_custom_width":{"unit":"%","size":11.219}},"elements":[],"isInner":false,"widgetType":"icon","elType":"widget"},{"id":"1b7087ea","settings":{"primary_color":"#F7F06C","size":{"unit":"px","size":20,"sizes":[]},"_element_width":"initial","_element_custom_width":{"unit":"%","size":11.219}},"elements":[],"isInner":false,"widgetType":"icon","elType":"widget"},{"id":"3561cf2a","settings":{"primary_color":"#F7F06C","size":{"unit":"px","size":20,"sizes":[]},"_element_width":"initial","_element_custom_width":{"unit":"%","size":11.219}},"elements":[],"isInner":false,"widgetType":"icon","elType":"widget"}],"isInner":true,"elType":"column"}],"isInner":true,"elType":"section"}],"isInner":false,"elType":"column"}],"isInner":false,"elType":"section"},{"id":"558bb005","settings":{"padding":{"unit":"px","top":"50","right":"0","bottom":"50","left":"0","isLinked":false},"background_overlay_background":"classic","background_overlay_image":{"url":"https:\/\/urbanfeatconstruction.com\/wp-content\/uploads\/2022\/12\/3D-Modelling-Urbanfeat-Construction-scaled.jpg","id":3871,"size":"","alt":"","source":"library"},"background_overlay_size":"cover","background_overlay_opacity":{"unit":"px","size":0.1,"sizes":[]},"margin":{"unit":"px","top":"","right":0,"bottom":"","left":0,"isLinked":true}},"elements":[{"id":"1389629e","settings":{"_column_size":100,"_inline_size":100,"margin":{"unit":"px","top":"0","right":"0","bottom":"0","left":"0","isLinked":true},"padding":{"unit":"px","top":"0","right":"0","bottom":"0","left":"0","isLinked":true}},"elements":[{"id":"310b6c68","settings":{"title":"Visit Our Office","align":"center","typography_typography":"custom"},"elements":[],"isInner":false,"widgetType":"heading","elType":"widget"},{"id":"1d2a330c","settings":{"layout":"full_width","structure":"20","margin":{"unit":"px","top":"0","right":0,"bottom":"0","left":0,"isLinked":false}},"elements":[{"id":"1389a5ec","settings":{"_column_size":50,"_inline_size":70},"elements":[{"id":"1474db19","settings":{"address":"urbanfeat construction"},"elements":[],"isInner":false,"widgetType":"google_maps","elType":"widget"}],"isInner":true,"elType":"column"},{"id":"ac2be49","settings":{"_column_size":50,"_inline_size":29.954,"content_position":"center"},"elements":[{"id":"1f84a113","settings":{"editor":"<p><b>We welcome you to visit us for consultations, collaborations, or inquiries. Our office is located in a prime location in Lucknow with easy accessibility.<\/b><\/p>","align":"justify","text_color":"#000000","typography_typography":"custom","typography_font_size":{"unit":"px","size":18,"sizes":[]}},"elements":[],"isInner":false,"widgetType":"text-editor","elType":"widget"}],"isInner":true,"elType":"column"}],"isInner":true,"elType":"section"}],"isInner":false,"elType":"column"}],"isInner":false,"elType":"section"},{"id":"43abb9a3","settings":{"content_width":{"unit":"px","size":600,"sizes":[]},"background_overlay_background":"classic","background_overlay_image":{"url":"https:\/\/urbanfeatconstruction.com\/wp-content\/uploads\/2023\/03\/1f3c6e79-0586-4b1a-8cad-352f5576ad37-1.jpg","id":4591,"size":"","alt":"","source":"library"},"background_overlay_size":"cover","background_overlay_opacity":{"unit":"px","size":0.1,"sizes":[]},"margin":{"unit":"px","top":"50","right":0,"bottom":"50","left":0,"isLinked":true}},"elements":[{"id":"65bb6b73","settings":{"_column_size":100,"_inline_size":100},"elements":[{"id":"3d790343","settings":{"title":"Get a Free Project Consultation","align":"center","text_shadow_text_shadow_type":"yes","text_shadow_text_shadow":{"horizontal":0,"vertical":0,"blur":0,"color":"rgba(0,0,0,0.3)"},"_animation":"slideInUp","_background_background":"gradient","_background_color":"#33cc33","_background_color_b":"#EDFAE9","__globals__":{"_background_color":"globals\/colors?id=astglobalcolor0","_background_color_b":""},"_padding":{"unit":"px","top":"10","right":"10","bottom":"10","left":"10","isLinked":true},"_border_radius":{"unit":"px","top":"10","right":"10","bottom":"10","left":"10","isLinked":true}},"elements":[],"isInner":false,"widgetType":"heading","elType":"widget"},{"id":"b56e5d4","settings":{"title":"Tell us your requirement - whether it's construction, design or planning, we're here to help you build better.","size":"medium","header_size":"p","align":"center","typography_typography":"custom","typography_line_height":{"unit":"px","size":30,"sizes":[]},"typography_letter_spacing":{"unit":"px","size":0,"sizes":[]}},"elements":[],"isInner":false,"widgetType":"heading","elType":"widget"},{"id":"57a70eb8","settings":{"shortcode":"[contact-form-7 id=\"a9f0a5d\" title=\"Enquiry Form\"]"},"elements":[],"isInner":false,"widgetType":"shortcode","elType":"widget"}],"isInner":false,"elType":"column"}],"isInner":false,"elType":"section"}],"page_settings":{"eael_ext_toc_title":"Table of Contents","background_background":"classic","background_color":"#FFFFFF"},"version":"0.4","title":"landing page Vineet","type":"page"}