{"content":[{"id":"2284609a","settings":{"background_background":"classic","background_image":{"id":3108,"url":"https:\/\/urbanfeatconstruction.com\/wp-content\/uploads\/2022\/10\/New-Project-5.jpg","alt":"","source":"library"},"background_position":"center center","background_repeat":"no-repeat","background_size":"cover","background_overlay_background":"classic","background_overlay_opacity":{"unit":"px","size":0.64},"padding":{"unit":"px","top":"240","right":"0","bottom":"160","left":"0","isLinked":""},"padding_mobile":{"unit":"px","top":"160","right":"24","bottom":"80","left":"24","isLinked":""},"gap":"no","padding_tablet":{"unit":"px","top":"160","right":"40","bottom":"120","left":"40","isLinked":""},"__globals__":{"background_overlay_color":"globals\/colors?id=astglobalcolor2"}},"elements":[{"id":"7c6ab77a","settings":{"_column_size":"100","space_between_widgets":"10","background_background":"classic"},"elements":[{"id":"5020d231","settings":{"title":"gallery","typography_font_size_mobile":{"unit":"px","size":""},"typography_font_size_tablet":{"unit":"px","size":""},"title_color":"#ffffff","header_size":"h1","align_mobile":"center"},"elements":[],"isInner":false,"widgetType":"heading","elType":"widget"}],"isInner":"","elType":"column"}],"isInner":"","elType":"section"},{"id":"19c51989","settings":{"height":"min-height","custom_height":{"unit":"px","size":700,"sizes":[]},"padding":{"unit":"px","top":"100","right":"0","bottom":"100","left":"0","isLinked":false}},"elements":[{"id":"5afe8604","settings":{"_column_size":100,"_inline_size":null},"elements":[{"id":"b25373f","settings":[],"elements":[{"id":"14285e4e","settings":{"_column_size":100,"_inline_size":null},"elements":[{"id":"5e0f6f77","settings":{"eael_fg_items_to_show":6,"eael_fg_filter_duration":500,"eael_fg_grid_item_height":"300","eael_fg_all_label_text":"All","eael_fg_controls":[{"eael_fg_control":"Project","_id":"8e7ff28","eael_fg_control_custom_id":"","eael_fg_custom_label":"","eael_fg_control_active_as_default":""},{"eael_fg_control":"Anniversary","_id":"0f950f9","eael_fg_control_custom_id":"","eael_fg_custom_label":"","eael_fg_control_active_as_default":""},{"eael_fg_control":"Festival","_id":"c599014","eael_fg_control_custom_id":"","eael_fg_custom_label":"","eael_fg_control_active_as_default":""},{"eael_fg_control":"Miscellaneous","_id":"c137375","eael_fg_control_custom_id":"","eael_fg_custom_label":"","eael_fg_control_active_as_default":""}],"eael_fg_gallery_items":[{"eael_fg_gallery_item_name":"Project Handover","_id":"952da3e","eael_fg_gallery_item_video_link":"https:\/\/www.youtube.com\/watch?v=kB4U67tiQLA","eael_fg_gallery_control_name":"Project","fg_item_price":"$20.00","fg_item_ratings":"5","fg_item_cat":"Essential Addons","eael_fg_gallery_item_content":"","eael_fg_gallery_img":{"url":"https:\/\/urbanfeatconstruction.com\/wp-content\/uploads\/2022\/10\/New-Project.jpg","id":3524,"alt":"","source":"library"},"eael_fg_gallery_link":""},{"eael_fg_gallery_item_name":"Project Handover-2","_id":"33367cc","eael_fg_gallery_item_video_link":"https:\/\/www.youtube.com\/watch?v=kB4U67tiQLA","eael_fg_gallery_control_name":"Project","fg_item_price":"$20.00","fg_item_ratings":"5","fg_item_cat":"Essential Addons","eael_fg_gallery_item_content":"","fg_item_cat_switch":"","eael_fg_gallery_img":{"url":"https:\/\/urbanfeatconstruction.com\/wp-content\/uploads\/2022\/10\/Project-2.jpg","id":3695,"alt":"","source":"library"},"eael_fg_gallery_link":""},{"eael_fg_gallery_item_name":"Project Handover-3","_id":"4efe33d","eael_fg_gallery_item_video_link":"https:\/\/www.youtube.com\/watch?v=kB4U67tiQLA","fg_item_price":"$20.00","fg_item_ratings":"5","fg_item_cat":"Essential Addons","eael_fg_gallery_control_name":"Project","eael_fg_gallery_item_content":"","eael_fg_gallery_img":{"url":"https:\/\/urbanfeatconstruction.com\/wp-content\/uploads\/2022\/10\/3-Project.jpg","id":3532,"alt":"","source":"library"},"eael_fg_gallery_link":""},{"eael_fg_gallery_item_name":"Project Handover","_id":"687c862","eael_fg_gallery_item_video_link":"https:\/\/www.youtube.com\/watch?v=kB4U67tiQLA","fg_item_price":"$20.00","fg_item_ratings":"5","fg_item_cat":"Essential Addons","eael_fg_gallery_control_name":"Project","eael_fg_gallery_item_content":"","eael_fg_gallery_img":{"url":"https:\/\/urbanfeatconstruction.com\/wp-content\/uploads\/2022\/10\/7-Project-1.jpg","id":3552,"alt":"","source":"library"}},{"eael_fg_gallery_item_name":"Project Handover","_id":"32c5162","eael_fg_gallery_item_video_link":"https:\/\/www.youtube.com\/watch?v=kB4U67tiQLA","fg_item_price":"$20.00","fg_item_ratings":"5","fg_item_cat":"Essential Addons","eael_fg_gallery_control_name":"Project","eael_fg_gallery_item_content":"","eael_fg_gallery_img":{"url":"https:\/\/urbanfeatconstruction.com\/wp-content\/uploads\/2022\/10\/P-2.jpg","id":3704,"alt":"","source":"library"},"eael_fg_gallery_link":""},{"eael_fg_gallery_item_name":"Project Handover","_id":"41794c3","eael_fg_gallery_item_video_link":"https:\/\/www.youtube.com\/watch?v=kB4U67tiQLA","fg_item_price":"$20.00","fg_item_ratings":"5","fg_item_cat":"Essential Addons","eael_fg_gallery_control_name":"Project","eael_fg_gallery_item_content":"","eael_fg_gallery_img":{"url":"https:\/\/urbanfeatconstruction.com\/wp-content\/uploads\/2022\/10\/6-Project.jpg","id":3547,"alt":"","source":"library"},"eael_fg_gallery_link":""},{"_id":"585e02e","eael_fg_gallery_item_video_link":"https:\/\/www.youtube.com\/watch?v=kB4U67tiQLA","eael_fg_gallery_control_name":"Anniversary","eael_fg_gallery_item_name":"","fg_item_price":"$20.00","fg_item_ratings":"5","fg_item_cat":"Essential Addons","eael_fg_gallery_item_content":"","eael_fg_gallery_img":{"url":"https:\/\/urbanfeatconstruction.com\/wp-content\/uploads\/2022\/10\/Anniversary-1.jpg","id":3560,"alt":"","source":"library"},"eael_fg_gallery_link":""},{"eael_fg_gallery_item_video_link":"https:\/\/www.youtube.com\/watch?v=kB4U67tiQLA","eael_fg_gallery_control_name":"Anniversary","eael_fg_gallery_item_name":"","fg_item_price":"$20.00","fg_item_ratings":"5","fg_item_cat":"Essential Addons","eael_fg_gallery_item_content":"","eael_fg_gallery_img":{"url":"https:\/\/urbanfeatconstruction.com\/wp-content\/uploads\/2022\/10\/Anniversary.jpg","id":3571,"alt":"","source":"library"},"eael_fg_gallery_link":"","_id":"db622dc"},{"_id":"5e73013","eael_fg_gallery_item_video_link":"https:\/\/www.youtube.com\/watch?v=kB4U67tiQLA","eael_fg_gallery_control_name":"Anniversary","eael_fg_gallery_item_name":"","fg_item_price":"$20.00","fg_item_ratings":"5","fg_item_cat":"Essential Addons","eael_fg_gallery_item_content":"","eael_fg_gallery_img":{"url":"https:\/\/urbanfeatconstruction.com\/wp-content\/uploads\/2022\/10\/Anniversary-2.jpg","id":3564,"alt":"","source":"library"},"eael_fg_gallery_link":""},{"eael_fg_gallery_item_video_link":"https:\/\/www.youtube.com\/watch?v=kB4U67tiQLA","eael_fg_gallery_control_name":"Anniversary","eael_fg_gallery_item_name":"","fg_item_price":"$20.00","fg_item_ratings":"5","fg_item_cat":"Essential Addons","eael_fg_gallery_item_content":"","eael_fg_gallery_img":{"url":"https:\/\/urbanfeatconstruction.com\/wp-content\/uploads\/2022\/10\/Anniversary-4-1.jpg","id":3596,"alt":"","source":"library"},"eael_fg_gallery_link":"","_id":"eab51a5"},{"eael_fg_gallery_item_video_link":"https:\/\/www.youtube.com\/watch?v=kB4U67tiQLA","eael_fg_gallery_control_name":"Anniversary","eael_fg_gallery_item_name":"","fg_item_price":"$20.00","fg_item_ratings":"5","fg_item_cat":"Essential Addons","eael_fg_gallery_item_content":"","eael_fg_gallery_img":{"url":"https:\/\/urbanfeatconstruction.com\/wp-content\/uploads\/2022\/10\/Anniversary-5-1.jpg","id":3600,"alt":"","source":"library"},"eael_fg_gallery_link":"","_id":"cdd563a"},{"eael_fg_gallery_item_video_link":"https:\/\/www.youtube.com\/watch?v=kB4U67tiQLA","eael_fg_gallery_control_name":"Anniversary","eael_fg_gallery_item_name":"","fg_item_price":"$20.00","fg_item_ratings":"5","fg_item_cat":"Essential Addons","eael_fg_gallery_item_content":"","eael_fg_gallery_img":{"url":"https:\/\/urbanfeatconstruction.com\/wp-content\/uploads\/2022\/10\/New-Project-1.jpg","id":3620,"alt":"","source":"library"},"eael_fg_gallery_link":"","_id":"847ddb2"},{"_id":"b714879","eael_fg_gallery_item_video_link":"https:\/\/www.youtube.com\/watch?v=kB4U67tiQLA","eael_fg_gallery_control_name":"Festival","eael_fg_gallery_item_name":"","fg_item_price":"$20.00","fg_item_ratings":"5","fg_item_cat":"Essential Addons","eael_fg_gallery_item_content":"","eael_fg_gallery_img":{"url":"https:\/\/urbanfeatconstruction.com\/wp-content\/uploads\/2022\/10\/2-Festival.jpg","id":3665,"alt":"","source":"library"},"eael_fg_gallery_link":""},{"eael_fg_gallery_item_video_link":"https:\/\/www.youtube.com\/watch?v=kB4U67tiQLA","eael_fg_gallery_control_name":"Festival","eael_fg_gallery_item_name":"","fg_item_price":"$20.00","fg_item_ratings":"5","fg_item_cat":"Essential Addons","eael_fg_gallery_item_content":"","eael_fg_gallery_img":{"url":"https:\/\/urbanfeatconstruction.com\/wp-content\/uploads\/2022\/10\/1-Fest.jpg","id":3669,"alt":"","source":"library"},"eael_fg_gallery_link":"","_id":"42683cd"},{"eael_fg_gallery_item_video_link":"https:\/\/www.youtube.com\/watch?v=kB4U67tiQLA","eael_fg_gallery_control_name":"Festival","eael_fg_gallery_item_name":"","fg_item_price":"$20.00","fg_item_ratings":"5","fg_item_cat":"Essential Addons","eael_fg_gallery_item_content":"","eael_fg_gallery_img":{"url":"https:\/\/urbanfeatconstruction.com\/wp-content\/uploads\/2022\/10\/Festival.jpg","id":3628,"alt":"","source":"library"},"eael_fg_gallery_link":"","_id":"39f015d"},{"eael_fg_gallery_item_video_link":"https:\/\/www.youtube.com\/watch?v=kB4U67tiQLA","eael_fg_gallery_control_name":"Festival","eael_fg_gallery_item_name":"","fg_item_price":"$20.00","fg_item_ratings":"5","fg_item_cat":"Essential Addons","eael_fg_gallery_item_content":"","eael_fg_gallery_img":{"url":"https:\/\/urbanfeatconstruction.com\/wp-content\/uploads\/2022\/10\/9-Festiva.jpg","id":3686,"alt":"","source":"library"},"eael_fg_gallery_link":"","_id":"090ee44"},{"eael_fg_gallery_item_video_link":"https:\/\/www.youtube.com\/watch?v=kB4U67tiQLA","eael_fg_gallery_control_name":"Festival","eael_fg_gallery_item_name":"","fg_item_price":"$20.00","fg_item_ratings":"5","fg_item_cat":"Essential Addons","eael_fg_gallery_item_content":"","eael_fg_gallery_img":{"url":"https:\/\/urbanfeatconstruction.com\/wp-content\/uploads\/2022\/10\/6-Festival.jpg","id":3678,"alt":"","source":"library"},"eael_fg_gallery_link":"","_id":"993ad1f"},{"eael_fg_gallery_item_video_link":"https:\/\/www.youtube.com\/watch?v=kB4U67tiQLA","eael_fg_gallery_control_name":"Festival","eael_fg_gallery_item_name":"","fg_item_price":"$20.00","fg_item_ratings":"5","fg_item_cat":"Essential Addons","eael_fg_gallery_item_content":"","eael_fg_gallery_img":{"url":"https:\/\/urbanfeatconstruction.com\/wp-content\/uploads\/2022\/10\/8-Festival.jpg","id":3690,"alt":"","source":"library"},"eael_fg_gallery_link":"","_id":"6987a33"},{"_id":"d9633c8","eael_fg_gallery_item_video_link":"https:\/\/www.youtube.com\/watch?v=kB4U67tiQLA","eael_fg_gallery_control_name":"MISCELLANEOUS","eael_fg_gallery_item_name":"","fg_item_price":"$20.00","fg_item_ratings":"5","fg_item_cat":"Essential Addons","eael_fg_gallery_item_content":"","eael_fg_gallery_img":{"url":"https:\/\/urbanfeatconstruction.com\/wp-content\/uploads\/2022\/10\/Misc.jpg","id":3637,"alt":"","source":"library"},"eael_fg_gallery_link":""},{"eael_fg_gallery_item_video_link":"https:\/\/www.youtube.com\/watch?v=kB4U67tiQLA","eael_fg_gallery_control_name":"MISCELLANEOUS","eael_fg_gallery_item_name":"","fg_item_price":"$20.00","fg_item_ratings":"5","fg_item_cat":"Essential Addons","eael_fg_gallery_item_content":"","eael_fg_gallery_img":{"url":"https:\/\/urbanfeatconstruction.com\/wp-content\/uploads\/2022\/10\/Misc-1.jpg","id":3654,"alt":"","source":"library"},"eael_fg_gallery_link":"","_id":"3b18ba4"},{"eael_fg_gallery_item_video_link":"https:\/\/www.youtube.com\/watch?v=kB4U67tiQLA","eael_fg_gallery_control_name":"MISCELLANEOUS","eael_fg_gallery_item_name":"","fg_item_price":"$20.00","fg_item_ratings":"5","fg_item_cat":"Essential Addons","eael_fg_gallery_item_content":"","eael_fg_gallery_img":{"url":"https:\/\/urbanfeatconstruction.com\/wp-content\/uploads\/2022\/10\/mISC-1-1.jpg","id":3661,"alt":"","source":"library"},"eael_fg_gallery_link":"","_id":"89686d2"}],"images_per_page":6,"load_more_text":"Load More","nomore_items_text":"No more items!","eael_fg_video_item_icon_hover_scale":"1.1","fg_sf_placeholder":"Search Gallery Item...","__globals__":{"eael_fg_item_icon_bg_color":"globals\/colors?id=accent","eael_fg_item_icon_bg_color_hover":"globals\/colors?id=5646cc51"},"eael_fg_not_found_text":"No Items Found"},"elements":[],"isInner":false,"widgetType":"eael-filterable-gallery","elType":"widget"}],"isInner":true,"elType":"column"}],"isInner":true,"elType":"section"}],"isInner":false,"elType":"column"}],"isInner":false,"elType":"section"},{"id":"67610f62","settings":{"structure":"20","margin":{"unit":"px","top":"0","right":0,"bottom":"128","left":0,"isLinked":""},"padding":{"unit":"px","top":"104","right":"0","bottom":"0","left":"0","isLinked":""},"padding_mobile":{"unit":"px","top":"64","right":"24","bottom":"64","left":"24","isLinked":""},"gap":"no","padding_tablet":{"unit":"px","top":"80","right":"40","bottom":"80","left":"40","isLinked":""},"background_color":"#FFFFFF","background_color_stop":{"unit":"%","size":"80","sizes":[]},"background_color_b":"#F4F8FD","background_color_b_stop":{"unit":"%","size":"80","sizes":[]},"z_index":"1","margin_tablet":{"unit":"px","top":"0","right":"0","bottom":"0","left":"0","isLinked":""},"hide_desktop":"hidden-desktop","hide_tablet":"hidden-tablet","hide_mobile":"hidden-mobile"},"elements":[{"id":"7cc33ff2","settings":{"_column_size":"50","margin_tablet":{"unit":"px","top":"40","right":"0","bottom":"0","left":"40","isLinked":""},"_inline_size_tablet":"100","border_border":"solid","border_width":{"unit":"px","top":"4","right":"4","bottom":"4","left":"4","isLinked":"1"},"margin":{"unit":"px","top":"40","right":"40","bottom":"0","left":"40","isLinked":""},"margin_mobile":{"unit":"px","top":"16","right":"0","bottom":"0","left":"16","isLinked":""},"__globals__":{"border_color":"globals\/colors?id=astglobalcolor0"}},"elements":[{"id":"4a594068","settings":{"image":{"id":"1793","url":"https:\/\/urbanfeatconstruction.com\/wp-content\/uploads\/2020\/08\/our-story-img-1.jpg"},"image_size":"custom","image_custom_dimension":{"width":"640","height":"720"},"image_box_shadow_box_shadow_type":"yes","image_box_shadow_box_shadow":{"horizontal":"64","vertical":"64","blur":"160","spread":"-40","color":"rgba(0, 0, 0, 0.24)"},"_margin":{"unit":"px","top":"-44","right":"0","bottom":"0","left":"-44","isLinked":""},"_margin_mobile":{"unit":"px","top":"-20","right":"0","bottom":"0","left":"-20","isLinked":""},"_padding":{"unit":"px","top":"0","right":"44","bottom":"44","left":"0","isLinked":""},"_padding_mobile":{"unit":"px","top":"0","right":"20","bottom":"20","left":"0","isLinked":""}},"elements":[],"isInner":false,"widgetType":"image","elType":"widget"}],"isInner":"","elType":"column"},{"id":"43d94fcd","settings":{"_column_size":"50","margin_tablet":{"unit":"px","top":"0","right":"0","bottom":"0","left":"0","isLinked":""},"_inline_size_tablet":"100","margin":{"unit":"px","top":"0","right":"0","bottom":"0","left":"40","isLinked":""},"padding":{"unit":"px","top":"56","right":"0","bottom":"0","left":"0","isLinked":""}},"elements":[{"id":"357581c1","settings":{"title":"Our Story","typography_font_size_mobile":{"unit":"px","size":""},"typography_font_size_tablet":{"unit":"px","size":""}},"elements":[],"isInner":false,"widgetType":"heading","elType":"widget"},{"id":"4e61486","settings":{"width":{"unit":"px","size":"64","sizes":[]},"text":"Divider","weight":{"unit":"px","size":"4","sizes":[]},"gap":{"unit":"px","size":"0","sizes":[]},"__globals__":{"color":"globals\/colors?id=astglobalcolor0"}},"elements":[],"isInner":false,"widgetType":"divider","elType":"widget"},{"id":"5d002c89","settings":{"editor":"<p><b>URBANFEAT CONSTRUCTION<\/b><span style=\"font-weight: 400;\">- One Stop Solution to all your construction needs. Urbanfeat is the novel journey of Gautam Enterprises which aims to be No.1 Construction Company in the country under leadership of Mr.Om Prakash Gautam. Under the guidance of Mr. O.P Gautam and Mr.Sachin Gautam the company has attained hundreds of satisfied clients across India.<\/span><\/p><p><span style=\"font-weight: 400;\">Mr. Sachin has taken upon the responsibility of furthering the company\u2019s business to new horizons. As the Managing Director of the company, he is implementing new strategies for extending Urbanfeat\u2019s brand name to new areas and geographies. We operate in various business verticals such as Townships, Schools, Shopping Malls, IT Parks, Hospitals, Farmhouses, Administrative buildings and numerous Residential properties and what not! <\/span><\/p>","_margin":{"unit":"px","top":"0","right":"0","bottom":"-8","left":"0","isLinked":""},"_margin_tablet":{"unit":"px","top":"0","right":"80","bottom":"0","left":"0","isLinked":""},"_margin_mobile":{"unit":"px","top":"0","right":"16","bottom":"0","left":"0","isLinked":""},"align":"justify"},"elements":[],"isInner":false,"widgetType":"text-editor","elType":"widget"},{"id":"63117f22","settings":{"structure":"20","gap":"no","margin_mobile":{"unit":"px","top":"-16","right":"0","bottom":"0","left":"0","isLinked":""}},"elements":[{"id":"79a4933e","settings":{"_column_size":"50","margin_mobile":{"unit":"px","top":"0","right":"0","bottom":"16","left":"0","isLinked":""}},"elements":[{"id":"4c64eddd","settings":{"icon_list":[{"text":"Years of Experience","icon":"fa fa-arrow-circle-o-right","_id":"xzwxkw3","selected_icon":{"value":"fas fa-check-circle","library":"fa-solid"},"__fa4_migrated":{"selected_icon":"1"}},{"text":"Innovative Ideas ","icon":"fa fa-arrow-circle-o-right","_id":"7xytbu6","selected_icon":{"value":"fas fa-check-circle","library":"fa-solid"},"__fa4_migrated":{"selected_icon":"1"}}],"space_between":{"unit":"px","size":"8"},"icon_align":"left","icon_size":{"unit":"px","size":"16"},"icon_align_mobile":"left","text_indent":{"unit":"px","size":"8","sizes":[]},"icon_typography_typography":"custom","icon_typography_font_weight":"600","__globals__":{"icon_color":"globals\/colors?id=astglobalcolor0"}},"elements":[],"isInner":false,"widgetType":"icon-list","elType":"widget"}],"isInner":"1","elType":"column"},{"id":"79206cdb","settings":{"_column_size":"50"},"elements":[{"id":"40dfafc4","settings":{"icon_list":[{"text":"Team of Expertise","icon":"fa fa-arrow-circle-o-right","_id":"xzwxkw3","selected_icon":{"value":"fas fa-check-circle","library":"fa-solid"},"__fa4_migrated":{"selected_icon":"1"}},{"text":"24\/7 Assistance","icon":"fa fa-arrow-circle-o-right","_id":"7xytbu6","selected_icon":{"value":"fas fa-check-circle","library":"fa-solid"},"__fa4_migrated":{"selected_icon":"1"}}],"space_between":{"unit":"px","size":"8"},"icon_align":"left","icon_size":{"unit":"px","size":"16"},"icon_align_mobile":"left","text_indent":{"unit":"px","size":"8","sizes":[]},"icon_typography_typography":"custom","icon_typography_font_weight":"600","__globals__":{"icon_color":"globals\/colors?id=astglobalcolor0"}},"elements":[],"isInner":false,"widgetType":"icon-list","elType":"widget"}],"isInner":"1","elType":"column"}],"isInner":"1","elType":"section"}],"isInner":"","elType":"column"}],"isInner":"","elType":"section"},{"id":"7b0c1e6c","settings":{"gap":"no","margin":{"unit":"px","top":"0","right":"0","bottom":"0","left":"0","isLinked":""},"margin_tablet":{"unit":"px","top":"","right":"0","bottom":"","left":"0","isLinked":"1"},"padding":{"unit":"px","top":"100","right":"0","bottom":"100","left":"0","isLinked":""},"padding_tablet":{"unit":"px","top":"80","right":"40","bottom":"80","left":"40","isLinked":""},"padding_mobile":{"unit":"px","top":"64","right":"24","bottom":"64","left":"24","isLinked":""},"__globals__":{"background_color":"globals\/colors?id=astglobalcolor4","background_overlay_color":""},"background_overlay_opacity":{"unit":"px","size":0.05,"sizes":[]},"background_background":"classic","background_color":"#f4f8fd","hide_desktop":"hidden-desktop","hide_tablet":"hidden-tablet","hide_mobile":"hidden-mobile"},"elements":[{"id":"7723f87","settings":{"_column_size":"100","background_background":"classic"},"elements":[{"id":"1fc4179","settings":{"title":"What We Offer","typography_font_size_mobile":{"unit":"px","size":""},"typography_font_size_tablet":{"unit":"px","size":""}},"elements":[],"isInner":false,"widgetType":"heading","elType":"widget"},{"id":"7c0e37ae","settings":{"width":{"unit":"px","size":"64","sizes":[]},"text":"Divider","weight":{"unit":"px","size":"4","sizes":[]},"gap":{"unit":"px","size":"0","sizes":[]},"__globals__":{"color":"globals\/colors?id=astglobalcolor0"}},"elements":[],"isInner":false,"widgetType":"divider","elType":"widget"},{"id":"29a8437f","settings":{"editor":"You can use these sections to highlight the features of heading. Use these paragraphs to focus on the topic you want. Make sure you keep it short and attractive.","_margin":{"unit":"%","top":"0","right":"56","bottom":"0","left":"0","isLinked":""},"_margin_mobile":{"unit":"px","top":"0","right":"16","bottom":"0","left":"0","isLinked":""},"_margin_tablet":{"unit":"%","top":"0","right":"32","bottom":"0","left":"0","isLinked":""}},"elements":[],"isInner":false,"widgetType":"text-editor","elType":"widget"},{"id":"6c7dd9bf","settings":{"gap":"no","structure":"30"},"elements":[{"id":"103dd11f","settings":{"_column_size":"33","background_background":"classic","padding":{"unit":"px","top":"0","right":"0","bottom":"40","left":"0","isLinked":""},"box_shadow_box_shadow_type":"yes","box_shadow_box_shadow":{"horizontal":"0","vertical":"40","blur":"120","spread":"-40","color":"rgba(0, 0, 0, 0.24)"},"margin_mobile":{"unit":"px","top":"0","right":"0","bottom":"24","left":"0","isLinked":""},"__globals__":{"background_color":"globals\/colors?id=astglobalcolor5"}},"elements":[{"id":"776b793","settings":{"image":{"id":"1794","url":"https:\/\/urbanfeatconstruction.com\/wp-content\/uploads\/2020\/08\/requirements.jpg"},"width":{"unit":"%","size":"100","sizes":[]}},"elements":[],"isInner":false,"widgetType":"image","elType":"widget"},{"id":"639a9458","settings":{"image":{"url":"","id":""},"title_text":"We Understand Requirements","description_text":"Sed sit amet sapien sit amet odio lobortis ullamcorper quis vel nisl. Nam blandit maximus tristique. ","image_size":{"unit":"%","size":"100","sizes":[]},"title_size":"h4","text_align":"left","_padding":{"unit":"px","top":"16","right":"32","bottom":"0","left":"32","isLinked":""}},"elements":[],"isInner":false,"widgetType":"image-box","elType":"widget"},{"id":"755bc4","settings":{"text":"Learn More","selected_icon":{"value":{"id":"1766","url":"https:\/\/urbanfeatconstruction.com\/wp-content\/uploads\/2020\/08\/arrow-right-solid.svg"},"library":"svg"},"icon_align":"right","icon_indent":{"unit":"px","size":"8","sizes":[]},"background_color":"rgba(2, 1, 1, 0)","text_padding":{"unit":"px","top":"0","right":"0","bottom":"0","left":"0","isLinked":""},"_margin":{"unit":"px","top":"0","right":"0","bottom":"0","left":"32","isLinked":""},"__globals__":{"button_text_color":"globals\/colors?id=astglobalcolor0","hover_color":"globals\/colors?id=astglobalcolor3"}},"elements":[],"isInner":false,"widgetType":"button","elType":"widget"}],"isInner":"1","elType":"column"},{"id":"2037820f","settings":{"_column_size":"33","background_background":"classic","padding":{"unit":"px","top":"0","right":"0","bottom":"40","left":"0","isLinked":""},"box_shadow_box_shadow_type":"yes","box_shadow_box_shadow":{"horizontal":"0","vertical":"40","blur":"120","spread":"-40","color":"rgba(0, 0, 0, 0.24)"},"margin_mobile":{"unit":"px","top":"0","right":"0","bottom":"24","left":"0","isLinked":""},"__globals__":{"background_color":"globals\/colors?id=astglobalcolor5"}},"elements":[{"id":"2f147e56","settings":{"image":{"id":"1873","url":"https:\/\/urbanfeatconstruction.com\/wp-content\/uploads\/2021\/03\/worker.jpg"},"width":{"unit":"%","size":"100","sizes":[]}},"elements":[],"isInner":false,"widgetType":"image","elType":"widget"},{"id":"6d7c4c1e","settings":{"image":{"url":"","id":""},"title_text":"We Work Precisely \u200b","description_text":"Sed sit amet sapien sit amet odio lobortis ullamcorper quis vel nisl. Nam blandit maximus tristique. ","image_size":{"unit":"%","size":"100","sizes":[]},"title_size":"h4","text_align":"left","_padding":{"unit":"px","top":"16","right":"32","bottom":"0","left":"32","isLinked":""}},"elements":[],"isInner":false,"widgetType":"image-box","elType":"widget"},{"id":"75bd5af4","settings":{"text":"Learn More","selected_icon":{"value":{"id":"1766","url":"https:\/\/urbanfeatconstruction.com\/wp-content\/uploads\/2020\/08\/arrow-right-solid.svg"},"library":"svg"},"icon_align":"right","icon_indent":{"unit":"px","size":"8","sizes":[]},"background_color":"rgba(2, 1, 1, 0)","text_padding":{"unit":"px","top":"0","right":"0","bottom":"0","left":"0","isLinked":""},"_margin":{"unit":"px","top":"0","right":"0","bottom":"0","left":"32","isLinked":""},"__globals__":{"button_text_color":"globals\/colors?id=astglobalcolor0","hover_color":"globals\/colors?id=astglobalcolor3"}},"elements":[],"isInner":false,"widgetType":"button","elType":"widget"}],"isInner":"1","elType":"column"},{"id":"848df2c","settings":{"_column_size":"33","background_background":"classic","padding":{"unit":"px","top":"0","right":"0","bottom":"40","left":"0","isLinked":""},"box_shadow_box_shadow_type":"yes","box_shadow_box_shadow":{"horizontal":"0","vertical":"40","blur":"120","spread":"-40","color":"rgba(0, 0, 0, 0.24)"},"__globals__":{"background_color":"globals\/colors?id=astglobalcolor5"}},"elements":[{"id":"1b81803","settings":{"image":{"id":"1796","url":"https:\/\/urbanfeatconstruction.com\/wp-content\/uploads\/2020\/08\/building.jpg"},"width":{"unit":"%","size":"100","sizes":[]}},"elements":[],"isInner":false,"widgetType":"image","elType":"widget"},{"id":"6e9f2da1","settings":{"image":{"url":"","id":""},"title_text":"We Deliver Best Output\u200b","description_text":"Sed sit amet sapien sit amet odio lobortis ullamcorper quis vel nisl. Nam blandit maximus tristique. ","image_size":{"unit":"%","size":"100","sizes":[]},"title_size":"h4","text_align":"left","_padding":{"unit":"px","top":"16","right":"32","bottom":"0","left":"32","isLinked":""}},"elements":[],"isInner":false,"widgetType":"image-box","elType":"widget"},{"id":"5c46c90f","settings":{"text":"Learn More","selected_icon":{"value":{"id":"1766","url":"https:\/\/urbanfeatconstruction.com\/wp-content\/uploads\/2020\/08\/arrow-right-solid.svg"},"library":"svg"},"icon_align":"right","icon_indent":{"unit":"px","size":"8","sizes":[]},"background_color":"rgba(2, 1, 1, 0)","text_padding":{"unit":"px","top":"0","right":"0","bottom":"0","left":"0","isLinked":""},"_margin":{"unit":"px","top":"0","right":"0","bottom":"0","left":"32","isLinked":""},"__globals__":{"button_text_color":"globals\/colors?id=astglobalcolor0","hover_color":"globals\/colors?id=astglobalcolor3"}},"elements":[],"isInner":false,"widgetType":"button","elType":"widget"}],"isInner":"1","elType":"column"}],"isInner":"1","elType":"section"}],"isInner":"","elType":"column"}],"isInner":"","elType":"section"},{"id":"c0d9496","settings":{"background_position":"center center","background_repeat":"no-repeat","background_size":"cover","padding":{"unit":"px","top":"104","right":"0","bottom":"104","left":"0","isLinked":""},"padding_tablet":{"unit":"px","top":"80","right":"40","bottom":"80","left":"40","isLinked":""},"padding_mobile":{"unit":"px","top":"80","right":"24","bottom":"64","left":"24","isLinked":""},"gap":"no","hide_desktop":"hidden-desktop","hide_tablet":"hidden-tablet","hide_mobile":"hidden-mobile"},"elements":[{"id":"376e8fe0","settings":{"_column_size":"100"},"elements":[{"id":"393e694","settings":{"title":"Our Expert Team","typography_font_size_mobile":{"unit":"px","size":""},"typography_font_size_tablet":{"unit":"px","size":""}},"elements":[],"isInner":false,"widgetType":"heading","elType":"widget"},{"id":"305ef57a","settings":{"width":{"unit":"px","size":"64","sizes":[]},"text":"Divider","weight":{"unit":"px","size":"4","sizes":[]},"gap":{"unit":"px","size":"0","sizes":[]},"__globals__":{"color":"globals\/colors?id=astglobalcolor0"}},"elements":[],"isInner":false,"widgetType":"divider","elType":"widget"},{"id":"55f66bca","settings":{"editor":"<p>You can use these sections to highlight the features of heading. Use these paragraphs to focus on the topic you want. Make sure you keep it short, attractive.<\/p>","typography_font_size":{"unit":"px","size":""},"typography_line_height":{"unit":"em","size":""},"_margin_mobile":{"unit":"px","top":"0","right":"0","bottom":"0","left":"0","isLinked":""},"_margin":{"unit":"%","top":"0","right":"50","bottom":"0","left":"0","isLinked":""},"_margin_tablet":{"unit":"%","top":"0","right":"32","bottom":"0","left":"0","isLinked":""}},"elements":[],"isInner":false,"widgetType":"text-editor","elType":"widget"},{"id":"29582b7f","settings":{"gap":"no","structure":"30","margin":{"unit":"px","top":"16","right":"0","bottom":"0","left":"0","isLinked":""}},"elements":[{"id":"59176cff","settings":{"_column_size":"33","margin_mobile":{"unit":"px","top":"0","right":"0","bottom":"40","left":"0","isLinked":""},"margin":{"unit":"px","top":"0","right":"10","bottom":"0","left":"10","isLinked":false}},"elements":[{"id":"2b355627","settings":{"image":{"id":2138,"url":"https:\/\/urbanfeatconstruction.com\/wp-content\/uploads\/2022\/10\/meeting-business-architect-2284501.jpg","alt":"meeting, business, architect-2284501.jpg","source":"library"},"image_size":"full","image_box_shadow_box_shadow_type":"yes","image_box_shadow_box_shadow":{"horizontal":"0","vertical":"64","blur":"80","spread":"-48","color":"rgba(0, 0, 0, 0.24)"},"css_filters_css_filter":"custom","css_filters_brightness":{"unit":"px","size":"88","sizes":[]},"css_filters_contrast":{"unit":"px","size":"88","sizes":[]},"css_filters_saturate":{"unit":"px","size":"80","sizes":[]},"css_filters_hover_css_filter":"custom","background_hover_transition":{"unit":"px","size":"0.2","sizes":[]}},"elements":[],"isInner":false,"widgetType":"image","elType":"widget"},{"id":"16bd1d66","settings":{"image":{"url":"","id":""},"title_text":"Architect","description_text":"","title_bottom_space":{"unit":"px","size":"8","sizes":[]},"description_typography_font_size":{"unit":"em","size":"","sizes":[]},"title_size":"h4","_margin":{"unit":"px","top":"15","right":"0","bottom":"0","left":"0","isLinked":false}},"elements":[],"isInner":false,"widgetType":"image-box","elType":"widget"}],"isInner":"1","elType":"column"},{"id":"51cf4341","settings":{"_column_size":"33","margin_mobile":{"unit":"px","top":"0","right":"0","bottom":"40","left":"0","isLinked":""},"margin":{"unit":"px","top":"0","right":"10","bottom":"0","left":"10","isLinked":false}},"elements":[{"id":"47b893aa","settings":{"image":{"id":2145,"url":"https:\/\/urbanfeatconstruction.com\/wp-content\/uploads\/2022\/10\/expression-industry-worker-3174967.jpg","alt":"expression, industry, worker-3174967.jpg","source":"library"},"image_size":"full","image_box_shadow_box_shadow_type":"yes","image_box_shadow_box_shadow":{"horizontal":"0","vertical":"64","blur":"80","spread":"-48","color":"rgba(0, 0, 0, 0.24)"},"css_filters_css_filter":"custom","css_filters_brightness":{"unit":"px","size":"88","sizes":[]},"css_filters_contrast":{"unit":"px","size":"88","sizes":[]},"css_filters_saturate":{"unit":"px","size":"80","sizes":[]},"css_filters_hover_css_filter":"custom","background_hover_transition":{"unit":"px","size":"0.2","sizes":[]}},"elements":[],"isInner":false,"widgetType":"image","elType":"widget"},{"id":"43b8b5c4","settings":{"image":{"url":"","id":""},"title_text":"Construction Supervisor","description_text":"","title_bottom_space":{"unit":"px","size":"8","sizes":[]},"description_typography_font_size":{"unit":"em","size":"","sizes":[]},"title_size":"h4","_margin":{"unit":"px","top":"15","right":"0","bottom":"0","left":"0","isLinked":false}},"elements":[],"isInner":false,"widgetType":"image-box","elType":"widget"}],"isInner":"1","elType":"column"},{"id":"28d7538d","settings":{"_column_size":"33"},"elements":[{"id":"59300483","settings":{"image":{"id":2149,"url":"https:\/\/urbanfeatconstruction.com\/wp-content\/uploads\/2022\/10\/dining-room-living-room-modern-3108037.jpg","alt":"dining room, living room, modern-3108037.jpg","source":"library"},"image_size":"full","image_box_shadow_box_shadow_type":"yes","image_box_shadow_box_shadow":{"horizontal":"0","vertical":"64","blur":"80","spread":"-48","color":"rgba(0, 0, 0, 0.24)"},"css_filters_css_filter":"custom","css_filters_brightness":{"unit":"px","size":"88","sizes":[]},"css_filters_contrast":{"unit":"px","size":"88","sizes":[]},"css_filters_saturate":{"unit":"px","size":"80","sizes":[]},"css_filters_hover_css_filter":"custom","background_hover_transition":{"unit":"px","size":"0.2","sizes":[]}},"elements":[],"isInner":false,"widgetType":"image","elType":"widget"},{"id":"1dfb24e2","settings":{"image":{"url":"","id":""},"title_text":"Interior Designer","description_text":"","title_bottom_space":{"unit":"px","size":"8","sizes":[]},"description_typography_font_size":{"unit":"em","size":"","sizes":[]},"title_size":"h4","_margin":{"unit":"px","top":"15","right":"0","bottom":"0","left":"0","isLinked":false}},"elements":[],"isInner":false,"widgetType":"image-box","elType":"widget"}],"isInner":"1","elType":"column"}],"isInner":"1","elType":"section"}],"isInner":"","elType":"column"}],"isInner":"","elType":"section"},{"id":"2c089a7c","settings":{"content_width":{"unit":"px","size":"800","sizes":[]},"gap":"no","background_background":"classic","background_image":{"id":3307,"url":"https:\/\/urbanfeatconstruction.com\/wp-content\/uploads\/2022\/10\/excavators-construction-machine-site-391143.jpg","alt":"excavators, construction machine, site-391143.jpg","source":"library"},"background_position":"top center","background_attachment":"fixed","background_repeat":"no-repeat","background_size":"cover","background_overlay_background":"classic","margin":{"unit":"px","top":"","right":"0","bottom":"","left":"0","isLinked":"1"},"padding":{"unit":"px","top":"104","right":"0","bottom":"0","left":"0","isLinked":""},"z_index":"1","__globals__":{"background_overlay_color":"globals\/colors?id=astglobalcolor2"},"css_classes":"popmake-2252"},"elements":[{"id":"7698e80f","settings":{"_column_size":"100"},"elements":[{"id":"54f4ea35","settings":{"width":{"unit":"px","size":"64","sizes":[]},"text":"Divider","weight":{"unit":"px","size":"4","sizes":[]},"gap":{"unit":"px","size":"0","sizes":[]},"align":"center","__globals__":{"color":"globals\/colors?id=astglobalcolor0"}},"elements":[],"isInner":false,"widgetType":"divider","elType":"widget"},{"id":"273d8cb4","settings":{"title":"We Provide the Best Service in Industry\u200b","align":"center","__globals__":{"title_color":"globals\/colors?id=astglobalcolor5"}},"elements":[],"isInner":false,"widgetType":"heading","elType":"widget"},{"id":"2f90364e","settings":{"editor":"Add a line that tells users how easily they can get in touch with you","typography_font_size":{"unit":"px","size":""},"typography_line_height":{"unit":"em","size":""},"align_mobile":"center","_margin_mobile":{"unit":"px","top":"15","right":"15","bottom":"15","left":"15","isLinked":"1"},"align":"center","_margin":{"unit":"px","top":"0","right":"72","bottom":"0","left":"72","isLinked":""},"__globals__":{"text_color":"globals\/colors?id=astglobalcolor4"}},"elements":[],"isInner":false,"widgetType":"text-editor","elType":"widget"},{"id":"335165aa","settings":{"text":"Contact Us Today","align":"center","selected_icon":{"value":{"id":"1766","url":"https:\/\/urbanfeatconstruction.com\/wp-content\/uploads\/2020\/08\/arrow-right-solid.svg"},"library":"svg"},"icon_align":"right","icon_indent":{"unit":"px","size":"16","sizes":[]},"button_box_shadow_box_shadow_type":"yes","button_box_shadow_box_shadow":{"horizontal":"0","vertical":"16","blur":"32","spread":"-16","color":"rgba(255, 94, 20, 0.64)"},"_margin":{"unit":"px","top":"40","right":"0","bottom":"-24","left":"0","isLinked":""},"__globals__":{"button_text_color":"globals\/colors?id=astglobalcolor5"}},"elements":[],"isInner":false,"widgetType":"button","elType":"widget"}],"isInner":"","elType":"column"}],"isInner":"","elType":"section"}],"page_settings":{"eael_ext_toc_title":"Table of Contents","background_background":"classic","background_color":"#ffffff","astra_sites_main_color":"var(--ast-global-color-0)","astra_sites_heading_base_color":"var(--ast-global-color-2)","astra_sites_link_color":"var(--ast-global-color-0)","astra_sites_link_hover_color":"var(--ast-global-color-1)","astra_sites_text_color":"var(--ast-global-color-3)","astra_sites_body_typography":"custom","astra_sites_body_font_size":{"unit":"px","size":16},"astra_sites_body_font_family":"Open Sans","astra_sites_body_font_weight":"400","astra_sites_heading_1_typography":"custom","astra_sites_heading_1_font_size":{"unit":"px","size":72},"astra_sites_heading_1_font_size_tablet":{"unit":"px","size":48},"astra_sites_heading_1_font_size_mobile":{"unit":"px","size":36},"astra_sites_default_heading_font_family":"'Barlow', sans-serif","astra_sites_heading_1_font_family":"'Barlow'","astra_sites_heading_1_font_weight":"600","astra_sites_heading_2_typography":"custom","astra_sites_heading_2_font_size":{"unit":"px","size":40},"astra_sites_heading_2_font_size_tablet":{"unit":"px","size":32},"astra_sites_heading_2_font_size_mobile":{"unit":"px","size":32},"astra_sites_heading_2_font_family":"'Barlow'","astra_sites_heading_2_font_weight":"600","astra_sites_heading_3_typography":"custom","astra_sites_heading_3_font_size":{"unit":"px","size":32},"astra_sites_heading_3_font_size_tablet":{"unit":"px","size":28},"astra_sites_heading_3_font_size_mobile":{"unit":"px","size":28},"astra_sites_heading_3_font_family":"'Barlow'","astra_sites_heading_3_font_weight":"600","astra_sites_heading_4_typography":"custom","astra_sites_heading_4_font_size":{"unit":"px","size":24},"astra_sites_heading_4_font_size_tablet":{"unit":"px","size":24},"astra_sites_heading_4_font_size_mobile":{"unit":"px","size":22},"astra_sites_heading_4_font_family":"'Barlow'","astra_sites_heading_4_font_weight":"600","astra_sites_heading_4_text_transform":"capitalize","astra_sites_heading_5_typography":"custom","astra_sites_heading_5_font_size":{"unit":"px","size":20},"astra_sites_heading_5_font_size_tablet":{"unit":"px","size":20},"astra_sites_heading_5_font_size_mobile":{"unit":"px","size":18},"astra_sites_heading_5_font_family":"'Barlow'","astra_sites_heading_5_font_weight":"600","astra_sites_heading_5_text_transform":"capitalize","astra_sites_heading_6_typography":"custom","astra_sites_heading_6_font_size":{"unit":"px","size":14},"astra_sites_heading_6_font_size_tablet":{"unit":"px","size":13},"astra_sites_heading_6_font_size_mobile":{"unit":"px","size":12},"astra_sites_heading_6_font_family":"'Barlow'","astra_sites_heading_6_font_weight":"600","astra_sites_heading_6_text_transform":"capitalize","astra_sites_page_setting_enable":""},"version":"0.4","title":"gallary page","type":"page"}