{"content":[{"id":"3902031f","settings":{"background_background":"classic","background_image":{"id":"1877","url":"https:\/\/urbanfeatconstruction.com\/wp-content\/uploads\/2021\/03\/modern-design.jpg"},"background_position":"center center","background_repeat":"no-repeat","background_size":"cover","background_overlay_background":"classic","background_overlay_opacity":{"unit":"px","size":0.64},"padding":{"unit":"px","top":"240","right":"0","bottom":"160","left":"0","isLinked":""},"padding_mobile":{"unit":"px","top":"160","right":"24","bottom":"80","left":"24","isLinked":""},"gap":"no","padding_tablet":{"unit":"px","top":"160","right":"40","bottom":"120","left":"40","isLinked":""},"__globals__":{"background_overlay_color":"globals\/colors?id=astglobalcolor2"}},"elements":[{"id":"447a1b67","settings":{"_column_size":"100","space_between_widgets":"10","background_background":"classic"},"elements":[{"id":"1cac5be6","settings":{"title":"Health Safety <span style=\"color:#33CC33;\">Contact <\/span> ","typography_font_size_mobile":{"unit":"px","size":""},"typography_font_size_tablet":{"unit":"px","size":""},"title_color":"#ffffff","header_size":"h1","align_mobile":"center"},"elements":[],"isInner":false,"widgetType":"heading","elType":"widget"}],"isInner":"","elType":"column"}],"isInner":"","elType":"section"},{"id":"434c6886","settings":{"structure":"20","margin":{"unit":"px","top":"0","right":0,"bottom":"128","left":0,"isLinked":""},"padding":{"unit":"px","top":"104","right":"0","bottom":"0","left":"0","isLinked":""},"padding_mobile":{"unit":"px","top":"64","right":"24","bottom":"64","left":"24","isLinked":""},"gap":"no","padding_tablet":{"unit":"px","top":"80","right":"40","bottom":"80","left":"40","isLinked":""},"background_color":"#FFFFFF","background_color_stop":{"unit":"%","size":"80","sizes":[]},"background_color_b":"#F4F8FD","background_color_b_stop":{"unit":"%","size":"80","sizes":[]},"z_index":"1","margin_tablet":{"unit":"px","top":"0","right":"0","bottom":"0","left":"0","isLinked":""}},"elements":[{"id":"7753a644","settings":{"_column_size":"50","margin_tablet":{"unit":"px","top":"40","right":"0","bottom":"0","left":"40","isLinked":""},"_inline_size_tablet":"100","border_border":"solid","border_width":{"unit":"px","top":"4","right":"4","bottom":"4","left":"4","isLinked":"1"},"margin":{"unit":"px","top":"40","right":"40","bottom":"0","left":"40","isLinked":""},"margin_mobile":{"unit":"px","top":"16","right":"0","bottom":"0","left":"16","isLinked":""},"__globals__":{"border_color":"globals\/colors?id=astglobalcolor0"}},"elements":[{"id":"66d4732","settings":{"image":{"id":2985,"url":"https:\/\/urbanfeatconstruction.com\/wp-content\/uploads\/2022\/10\/construction-worker-safety-2578410.jpg","alt":"construction, worker, safety-2578410.jpg","source":"library"},"image_size":"custom","image_custom_dimension":{"width":"640","height":"720"},"image_box_shadow_box_shadow_type":"yes","image_box_shadow_box_shadow":{"horizontal":"64","vertical":"64","blur":"160","spread":"-40","color":"rgba(0, 0, 0, 0.24)"},"_margin":{"unit":"px","top":"-44","right":"0","bottom":"0","left":"-44","isLinked":""},"_margin_mobile":{"unit":"px","top":"-20","right":"0","bottom":"0","left":"-20","isLinked":""},"_padding":{"unit":"px","top":"0","right":"44","bottom":"44","left":"0","isLinked":""},"_padding_mobile":{"unit":"px","top":"0","right":"20","bottom":"20","left":"0","isLinked":""}},"elements":[],"isInner":false,"widgetType":"image","elType":"widget"}],"isInner":"","elType":"column"},{"id":"5006accd","settings":{"_column_size":"50","margin_tablet":{"unit":"px","top":"0","right":"0","bottom":"0","left":"0","isLinked":""},"_inline_size_tablet":"100","margin":{"unit":"px","top":"0","right":"0","bottom":"0","left":"40","isLinked":""},"padding":{"unit":"px","top":"56","right":"0","bottom":"0","left":"0","isLinked":""}},"elements":[{"id":"34f22d46","settings":{"title":"Health Safety <span style=color:#33CC33> Environment<\/span>","typography_font_size_mobile":{"unit":"px","size":""},"typography_font_size_tablet":{"unit":"px","size":""}},"elements":[],"isInner":false,"widgetType":"heading","elType":"widget"},{"id":"46c27ae1","settings":{"width":{"unit":"px","size":"64","sizes":[]},"text":"Divider","weight":{"unit":"px","size":"4","sizes":[]},"gap":{"unit":"px","size":"0","sizes":[]},"__globals__":{"color":"globals\/colors?id=astglobalcolor0"}},"elements":[],"isInner":false,"widgetType":"divider","elType":"widget"},{"id":"7789d303","settings":{"editor":"<p><b>URBANFEAT CONSTRUCTION<\/b><span style=\"font-weight: 400;\"> is a fast growing &amp; well respected construction company involved in a full range of Construction activity like Industrial, Commercial, Residential &amp; Infrastructural works by formulating concepts into reality and by highlighting long term objectives, safety,\u00a0 progress and cost effectiveness, to achieve continual improvements.<\/span><\/p><p><span style=\"font-weight: 400;\">We are committed to provide safe working environment protection against safety and health risk to all working team members.<\/span><\/p><p><span style=\"font-weight: 400;\">The safety measures are achieved by minimising and controlling the hazards through adoption of proper management of risk control.\u00a0<\/span><\/p>","_margin":{"unit":"px","top":"0","right":"0","bottom":"-8","left":"0","isLinked":""},"_margin_tablet":{"unit":"px","top":"0","right":"80","bottom":"0","left":"0","isLinked":""},"_margin_mobile":{"unit":"px","top":"0","right":"16","bottom":"0","left":"0","isLinked":""},"align":"justify"},"elements":[],"isInner":false,"widgetType":"text-editor","elType":"widget"},{"id":"673835e0","settings":{"structure":"20","gap":"no","margin_mobile":{"unit":"px","top":"-16","right":"0","bottom":"0","left":"0","isLinked":""},"hide_desktop":"hidden-desktop","hide_tablet":"hidden-tablet","hide_mobile":"hidden-mobile"},"elements":[{"id":"4caaddf1","settings":{"_column_size":"50","margin_mobile":{"unit":"px","top":"0","right":"0","bottom":"16","left":"0","isLinked":""}},"elements":[{"id":"6ba1aed9","settings":{"icon_list":[{"text":"Years of Experience","icon":"fa fa-arrow-circle-o-right","_id":"xzwxkw3","selected_icon":{"value":"fas fa-check-circle","library":"fa-solid"},"__fa4_migrated":{"selected_icon":"1"}},{"text":"Innovative Ideas ","icon":"fa fa-arrow-circle-o-right","_id":"7xytbu6","selected_icon":{"value":"fas fa-check-circle","library":"fa-solid"},"__fa4_migrated":{"selected_icon":"1"}}],"space_between":{"unit":"px","size":"8"},"icon_align":"left","icon_size":{"unit":"px","size":"16"},"icon_align_mobile":"left","text_indent":{"unit":"px","size":"8","sizes":[]},"icon_typography_typography":"custom","icon_typography_font_weight":"600","__globals__":{"icon_color":"globals\/colors?id=astglobalcolor0"}},"elements":[],"isInner":false,"widgetType":"icon-list","elType":"widget"}],"isInner":"1","elType":"column"},{"id":"670563bd","settings":{"_column_size":"50"},"elements":[{"id":"1d12c887","settings":{"icon_list":[{"text":"Team of Expertise","icon":"fa fa-arrow-circle-o-right","_id":"xzwxkw3","selected_icon":{"value":"fas fa-check-circle","library":"fa-solid"},"__fa4_migrated":{"selected_icon":"1"}},{"text":"24\/7 Assistance","icon":"fa fa-arrow-circle-o-right","_id":"7xytbu6","selected_icon":{"value":"fas fa-check-circle","library":"fa-solid"},"__fa4_migrated":{"selected_icon":"1"}}],"space_between":{"unit":"px","size":"8"},"icon_align":"left","icon_size":{"unit":"px","size":"16"},"icon_align_mobile":"left","text_indent":{"unit":"px","size":"8","sizes":[]},"icon_typography_typography":"custom","icon_typography_font_weight":"600","__globals__":{"icon_color":"globals\/colors?id=astglobalcolor0"}},"elements":[],"isInner":false,"widgetType":"icon-list","elType":"widget"}],"isInner":"1","elType":"column"}],"isInner":"1","elType":"section"}],"isInner":"","elType":"column"}],"isInner":"","elType":"section"},{"id":"44210bdd","settings":{"gap":"no","custom_height":{"unit":"px","size":1000},"content_position":"middle","padding":{"unit":"px","top":"100","right":"0","bottom":"100","left":"0","isLinked":false},"padding_tablet":{"unit":"px","top":"100","right":"25","bottom":"100","left":"25","isLinked":false},"padding_mobile":{"unit":"px","top":"50","right":"20","bottom":"50","left":"20","isLinked":false}},"elements":[{"id":"4fa19f34","settings":{"_column_size":100},"elements":[{"id":"7c86fdf4","settings":{"title":"Objectives: The safety policy shall be dealt with the following\u00a0","align":"center","title_color":"#000000","typography_typography":"custom","typography_font_size":{"unit":"px","size":65},"typography_font_weight":"900","typography_line_height":{"unit":"em","size":1.2},"typography_font_size_mobile":{"unit":"px","size":45},"header_size":"h4","typography_font_size_tablet":{"unit":"px","size":45}},"elements":[],"isInner":false,"widgetType":"heading","elType":"widget"},{"id":"1d5881b0","settings":{"structure":"20","padding":{"unit":"px","top":"40","right":"0","bottom":"0","left":"0","isLinked":false},"gap":"no","content_position":"middle"},"elements":[{"id":"28204efa","settings":{"_column_size":50,"_inline_size":null,"margin":{"unit":"px","top":"0","right":"0","bottom":"0","left":"0","isLinked":true},"padding":{"unit":"px","top":"0","right":"0","bottom":"0","left":"0","isLinked":true}},"elements":[{"id":"45b0d2f9","settings":{"image":{"id":2694,"url":"https:\/\/urbanfeatconstruction.com\/wp-content\/uploads\/2022\/10\/house-garage-driveway-1867187.jpg","alt":"house, garage, driveway-1867187.jpg","source":"library"}},"elements":[],"isInner":false,"widgetType":"image","elType":"widget"}],"isInner":true,"elType":"column"},{"id":"50132fe1","settings":{"_column_size":50,"_inline_size":null,"padding":{"unit":"px","top":"15","right":"55","bottom":"25","left":"55","isLinked":false},"padding_mobile":{"unit":"px","top":"35","right":"35","bottom":"35","left":"35","isLinked":true}},"elements":[{"id":"65e6d98f","settings":{"title":"","align":"center","title_color":"#000000","typography_typography":"custom","typography_font_size":{"unit":"px","size":25},"typography_font_weight":"600"},"elements":[],"isInner":false,"widgetType":"heading","elType":"widget"},{"id":"2d0c3bf5","settings":{"editor":"<ul><li style=\"font-weight: 400;\" aria-level=\"1\"><span style=\"font-weight: 400;\">Maintaining high standards of safety, health &amp; environment at all workplaces.<\/span><\/li><li style=\"font-weight: 400;\" aria-level=\"1\"><span style=\"font-weight: 400;\">To provide all employees a safe and healthy environment workplace.<\/span><\/li><li style=\"font-weight: 400;\" aria-level=\"1\"><span style=\"font-weight: 400;\">To provide all necessary safeguards to employees against accidents.<\/span><\/li><li style=\"font-weight: 400;\" aria-level=\"1\"><span style=\"font-weight: 400;\">To fulfil legal, social, moral responsibilities for safety, health and environment.<\/span><\/li><li style=\"font-weight: 400;\" aria-level=\"1\"><span style=\"font-weight: 400;\">To comply with statutory provisions and other environmental laws.<\/span><\/li><li style=\"font-weight: 400;\" aria-level=\"1\"><span style=\"font-weight: 400;\">The upkeep and maintenance of tools \/ machineries \/ vehicles \/ safety appliances in perfect\u00a0 working condition.<\/span><\/li><li style=\"font-weight: 400;\" aria-level=\"1\"><span style=\"font-weight: 400;\">Ensure all employees are educated for safety awareness.<\/span><\/li><\/ul>","align":"justify","typography_typography":"custom","typography_font_size":{"unit":"px","size":16},"typography_font_weight":"300","typography_line_height":{"unit":"em","size":1.6},"__globals__":{"text_color":"globals\/colors?id=5646cc51"}},"elements":[],"isInner":false,"widgetType":"text-editor","elType":"widget"}],"isInner":true,"elType":"column"}],"isInner":true,"elType":"section"}],"isInner":false,"elType":"column"}],"isInner":false,"elType":"section"},{"id":"7bd998cf","settings":{"background_position":"center center","background_repeat":"no-repeat","background_size":"cover","padding":{"unit":"px","top":"104","right":"0","bottom":"104","left":"0","isLinked":""},"padding_tablet":{"unit":"px","top":"80","right":"40","bottom":"80","left":"40","isLinked":""},"padding_mobile":{"unit":"px","top":"80","right":"24","bottom":"64","left":"24","isLinked":""},"gap":"no","hide_desktop":"hidden-desktop","hide_tablet":"hidden-tablet","hide_mobile":"hidden-mobile"},"elements":[{"id":"5d575f57","settings":{"_column_size":"100"},"elements":[{"id":"6438c7c5","settings":{"title":"Our Expert Team","typography_font_size_mobile":{"unit":"px","size":""},"typography_font_size_tablet":{"unit":"px","size":""}},"elements":[],"isInner":false,"widgetType":"heading","elType":"widget"},{"id":"1543f22b","settings":{"width":{"unit":"px","size":"64","sizes":[]},"text":"Divider","weight":{"unit":"px","size":"4","sizes":[]},"gap":{"unit":"px","size":"0","sizes":[]},"__globals__":{"color":"globals\/colors?id=astglobalcolor0"}},"elements":[],"isInner":false,"widgetType":"divider","elType":"widget"},{"id":"3b040d96","settings":{"editor":"<p>You can use these sections to highlight the features of heading. Use these paragraphs to focus on the topic you want. Make sure you keep it short, attractive.<\/p>","typography_font_size":{"unit":"px","size":""},"typography_line_height":{"unit":"em","size":""},"_margin_mobile":{"unit":"px","top":"0","right":"0","bottom":"0","left":"0","isLinked":""},"_margin":{"unit":"%","top":"0","right":"50","bottom":"0","left":"0","isLinked":""},"_margin_tablet":{"unit":"%","top":"0","right":"32","bottom":"0","left":"0","isLinked":""}},"elements":[],"isInner":false,"widgetType":"text-editor","elType":"widget"},{"id":"52074806","settings":{"gap":"no","structure":"30","margin":{"unit":"px","top":"16","right":"0","bottom":"0","left":"0","isLinked":""}},"elements":[{"id":"654e0a40","settings":{"_column_size":"33","margin_mobile":{"unit":"px","top":"0","right":"0","bottom":"40","left":"0","isLinked":""},"margin":{"unit":"px","top":"0","right":"10","bottom":"0","left":"10","isLinked":false}},"elements":[{"id":"52842986","settings":{"image":{"id":2138,"url":"https:\/\/urbanfeatconstruction.com\/wp-content\/uploads\/2022\/10\/meeting-business-architect-2284501.jpg","alt":"meeting, business, architect-2284501.jpg","source":"library"},"image_size":"full","image_box_shadow_box_shadow_type":"yes","image_box_shadow_box_shadow":{"horizontal":"0","vertical":"64","blur":"80","spread":"-48","color":"rgba(0, 0, 0, 0.24)"},"css_filters_css_filter":"custom","css_filters_brightness":{"unit":"px","size":"88","sizes":[]},"css_filters_contrast":{"unit":"px","size":"88","sizes":[]},"css_filters_saturate":{"unit":"px","size":"80","sizes":[]},"css_filters_hover_css_filter":"custom","background_hover_transition":{"unit":"px","size":"0.2","sizes":[]}},"elements":[],"isInner":false,"widgetType":"image","elType":"widget"},{"id":"2c46073e","settings":{"image":{"url":"","id":""},"title_text":"Architect","description_text":"","title_bottom_space":{"unit":"px","size":"8","sizes":[]},"description_typography_font_size":{"unit":"em","size":"","sizes":[]},"title_size":"h4","_margin":{"unit":"px","top":"15","right":"0","bottom":"0","left":"0","isLinked":false}},"elements":[],"isInner":false,"widgetType":"image-box","elType":"widget"}],"isInner":"1","elType":"column"},{"id":"327ea35c","settings":{"_column_size":"33","margin_mobile":{"unit":"px","top":"0","right":"0","bottom":"40","left":"0","isLinked":""},"margin":{"unit":"px","top":"0","right":"10","bottom":"0","left":"10","isLinked":false}},"elements":[{"id":"3c8567b9","settings":{"image":{"id":2145,"url":"https:\/\/urbanfeatconstruction.com\/wp-content\/uploads\/2022\/10\/expression-industry-worker-3174967.jpg","alt":"expression, industry, worker-3174967.jpg","source":"library"},"image_size":"full","image_box_shadow_box_shadow_type":"yes","image_box_shadow_box_shadow":{"horizontal":"0","vertical":"64","blur":"80","spread":"-48","color":"rgba(0, 0, 0, 0.24)"},"css_filters_css_filter":"custom","css_filters_brightness":{"unit":"px","size":"88","sizes":[]},"css_filters_contrast":{"unit":"px","size":"88","sizes":[]},"css_filters_saturate":{"unit":"px","size":"80","sizes":[]},"css_filters_hover_css_filter":"custom","background_hover_transition":{"unit":"px","size":"0.2","sizes":[]}},"elements":[],"isInner":false,"widgetType":"image","elType":"widget"},{"id":"1c75c8a2","settings":{"image":{"url":"","id":""},"title_text":"Construction Supervisor","description_text":"","title_bottom_space":{"unit":"px","size":"8","sizes":[]},"description_typography_font_size":{"unit":"em","size":"","sizes":[]},"title_size":"h4","_margin":{"unit":"px","top":"15","right":"0","bottom":"0","left":"0","isLinked":false}},"elements":[],"isInner":false,"widgetType":"image-box","elType":"widget"}],"isInner":"1","elType":"column"},{"id":"10074774","settings":{"_column_size":"33"},"elements":[{"id":"16f5ea28","settings":{"image":{"id":2149,"url":"https:\/\/urbanfeatconstruction.com\/wp-content\/uploads\/2022\/10\/dining-room-living-room-modern-3108037.jpg","alt":"dining room, living room, modern-3108037.jpg","source":"library"},"image_size":"full","image_box_shadow_box_shadow_type":"yes","image_box_shadow_box_shadow":{"horizontal":"0","vertical":"64","blur":"80","spread":"-48","color":"rgba(0, 0, 0, 0.24)"},"css_filters_css_filter":"custom","css_filters_brightness":{"unit":"px","size":"88","sizes":[]},"css_filters_contrast":{"unit":"px","size":"88","sizes":[]},"css_filters_saturate":{"unit":"px","size":"80","sizes":[]},"css_filters_hover_css_filter":"custom","background_hover_transition":{"unit":"px","size":"0.2","sizes":[]}},"elements":[],"isInner":false,"widgetType":"image","elType":"widget"},{"id":"400f781c","settings":{"image":{"url":"","id":""},"title_text":"Interior Designer","description_text":"","title_bottom_space":{"unit":"px","size":"8","sizes":[]},"description_typography_font_size":{"unit":"em","size":"","sizes":[]},"title_size":"h4","_margin":{"unit":"px","top":"15","right":"0","bottom":"0","left":"0","isLinked":false}},"elements":[],"isInner":false,"widgetType":"image-box","elType":"widget"}],"isInner":"1","elType":"column"}],"isInner":"1","elType":"section"}],"isInner":"","elType":"column"}],"isInner":"","elType":"section"},{"id":"1b16a5d9","settings":{"content_width":{"unit":"px","size":"800","sizes":[]},"gap":"no","background_background":"classic","background_image":{"id":"1769","url":"https:\/\/urbanfeatconstruction.com\/wp-content\/uploads\/2020\/08\/CTA-bg-1.jpg"},"background_position":"top center","background_attachment":"fixed","background_repeat":"no-repeat","background_size":"cover","background_overlay_background":"classic","margin":{"unit":"px","top":"","right":"0","bottom":"","left":"0","isLinked":"1"},"padding":{"unit":"px","top":"104","right":"0","bottom":"0","left":"0","isLinked":""},"z_index":"1","__globals__":{"background_overlay_color":"globals\/colors?id=astglobalcolor2"}},"elements":[{"id":"41fe62e4","settings":{"_column_size":"100"},"elements":[{"id":"2e1435ce","settings":{"width":{"unit":"px","size":"64","sizes":[]},"text":"Divider","weight":{"unit":"px","size":"4","sizes":[]},"gap":{"unit":"px","size":"0","sizes":[]},"align":"center","__globals__":{"color":"globals\/colors?id=astglobalcolor0"}},"elements":[],"isInner":false,"widgetType":"divider","elType":"widget"},{"id":"18de5aaf","settings":{"title":"We Provide the Best Service in Industry\u200b","align":"center","__globals__":{"title_color":"globals\/colors?id=astglobalcolor5"}},"elements":[],"isInner":false,"widgetType":"heading","elType":"widget"},{"id":"6342712d","settings":{"editor":"Add a line that tells users how easily they can get in touch with you","typography_font_size":{"unit":"px","size":""},"typography_line_height":{"unit":"em","size":""},"align_mobile":"center","_margin_mobile":{"unit":"px","top":"15","right":"15","bottom":"15","left":"15","isLinked":"1"},"align":"center","_margin":{"unit":"px","top":"0","right":"72","bottom":"0","left":"72","isLinked":""},"__globals__":{"text_color":"globals\/colors?id=astglobalcolor4"}},"elements":[],"isInner":false,"widgetType":"text-editor","elType":"widget"},{"id":"3700561a","settings":{"text":"Contact Us Today","align":"center","selected_icon":{"value":{"id":"1766","url":"https:\/\/urbanfeatconstruction.com\/wp-content\/uploads\/2020\/08\/arrow-right-solid.svg"},"library":"svg"},"icon_align":"right","icon_indent":{"unit":"px","size":"16","sizes":[]},"button_box_shadow_box_shadow_type":"yes","button_box_shadow_box_shadow":{"horizontal":"0","vertical":"16","blur":"32","spread":"-16","color":"rgba(255, 94, 20, 0.64)"},"_margin":{"unit":"px","top":"40","right":"0","bottom":"-24","left":"0","isLinked":""},"__globals__":{"button_text_color":"globals\/colors?id=astglobalcolor5"},"_css_classes":"popmake-2252"},"elements":[],"isInner":false,"widgetType":"button","elType":"widget"}],"isInner":"","elType":"column"}],"isInner":"","elType":"section"}],"page_settings":{"background_background":"classic","background_color":"#ffffff","astra_sites_main_color":"var(--ast-global-color-0)","astra_sites_heading_base_color":"var(--ast-global-color-2)","astra_sites_link_color":"var(--ast-global-color-0)","astra_sites_link_hover_color":"var(--ast-global-color-1)","astra_sites_text_color":"var(--ast-global-color-3)","astra_sites_body_typography":"custom","astra_sites_body_font_size":{"unit":"px","size":16},"astra_sites_body_font_family":"Open Sans","astra_sites_body_font_weight":"400","astra_sites_heading_1_typography":"custom","astra_sites_heading_1_font_size":{"unit":"px","size":72},"astra_sites_heading_1_font_size_tablet":{"unit":"px","size":48},"astra_sites_heading_1_font_size_mobile":{"unit":"px","size":36},"astra_sites_default_heading_font_family":"'Barlow', sans-serif","astra_sites_heading_1_font_family":"'Barlow'","astra_sites_heading_1_font_weight":"600","astra_sites_heading_2_typography":"custom","astra_sites_heading_2_font_size":{"unit":"px","size":40},"astra_sites_heading_2_font_size_tablet":{"unit":"px","size":32},"astra_sites_heading_2_font_size_mobile":{"unit":"px","size":32},"astra_sites_heading_2_font_family":"'Barlow'","astra_sites_heading_2_font_weight":"600","astra_sites_heading_3_typography":"custom","astra_sites_heading_3_font_size":{"unit":"px","size":32},"astra_sites_heading_3_font_size_tablet":{"unit":"px","size":28},"astra_sites_heading_3_font_size_mobile":{"unit":"px","size":28},"astra_sites_heading_3_font_family":"'Barlow'","astra_sites_heading_3_font_weight":"600","astra_sites_heading_4_typography":"custom","astra_sites_heading_4_font_size":{"unit":"px","size":24},"astra_sites_heading_4_font_size_tablet":{"unit":"px","size":24},"astra_sites_heading_4_font_size_mobile":{"unit":"px","size":22},"astra_sites_heading_4_font_family":"'Barlow'","astra_sites_heading_4_font_weight":"600","astra_sites_heading_4_text_transform":"capitalize","astra_sites_heading_5_typography":"custom","astra_sites_heading_5_font_size":{"unit":"px","size":20},"astra_sites_heading_5_font_size_tablet":{"unit":"px","size":20},"astra_sites_heading_5_font_size_mobile":{"unit":"px","size":18},"astra_sites_heading_5_font_family":"'Barlow'","astra_sites_heading_5_font_weight":"600","astra_sites_heading_5_text_transform":"capitalize","astra_sites_heading_6_typography":"custom","astra_sites_heading_6_font_size":{"unit":"px","size":14},"astra_sites_heading_6_font_size_tablet":{"unit":"px","size":13},"astra_sites_heading_6_font_size_mobile":{"unit":"px","size":12},"astra_sites_heading_6_font_family":"'Barlow'","astra_sites_heading_6_font_weight":"600","astra_sites_heading_6_text_transform":"capitalize","astra_sites_page_setting_enable":"","eael_ext_toc_title":"Table of Contents"},"version":"0.4","title":"health safety page","type":"page"}