{"content":[{"id":"66a4e6f0","settings":{"background_background":"classic","background_image":{"id":3108,"url":"https:\/\/urbanfeatconstruction.com\/wp-content\/uploads\/2022\/10\/New-Project-5.jpg","alt":"","source":"library"},"background_position":"center center","background_repeat":"no-repeat","background_size":"cover","background_overlay_background":"classic","background_overlay_opacity":{"unit":"px","size":0.64},"padding":{"unit":"px","top":"240","right":"0","bottom":"160","left":"0","isLinked":""},"padding_mobile":{"unit":"px","top":"160","right":"24","bottom":"80","left":"24","isLinked":""},"gap":"no","padding_tablet":{"unit":"px","top":"160","right":"40","bottom":"120","left":"40","isLinked":""},"__globals__":{"background_overlay_color":"globals\/colors?id=astglobalcolor2"}},"elements":[{"id":"1533dff3","settings":{"_column_size":"100","space_between_widgets":"10","background_background":"classic"},"elements":[{"id":"4420b720","settings":{"title":"About Us","typography_font_size_mobile":{"unit":"px","size":""},"typography_font_size_tablet":{"unit":"px","size":""},"title_color":"#ffffff","header_size":"h1","align_mobile":"center"},"elements":[],"isInner":false,"widgetType":"heading","elType":"widget"}],"isInner":"","elType":"column"}],"isInner":"","elType":"section"},{"id":"65fd58e3","settings":{"structure":"20","margin":{"unit":"px","top":"0","right":0,"bottom":"128","left":0,"isLinked":""},"padding":{"unit":"px","top":"104","right":"0","bottom":"0","left":"0","isLinked":""},"padding_mobile":{"unit":"px","top":"64","right":"24","bottom":"64","left":"24","isLinked":""},"gap":"no","padding_tablet":{"unit":"px","top":"80","right":"40","bottom":"80","left":"40","isLinked":""},"background_color":"#FFFFFF","background_color_stop":{"unit":"%","size":"80","sizes":[]},"background_color_b":"#F4F8FD","background_color_b_stop":{"unit":"%","size":"80","sizes":[]},"z_index":"1","margin_tablet":{"unit":"px","top":"0","right":"0","bottom":"0","left":"0","isLinked":""},"animation":"fadeInRight"},"elements":[{"id":"1197fb83","settings":{"_column_size":"50","margin_tablet":{"unit":"px","top":"40","right":"0","bottom":"0","left":"40","isLinked":""},"_inline_size_tablet":"100","border_border":"solid","border_width":{"unit":"px","top":"4","right":"4","bottom":"4","left":"4","isLinked":"1"},"margin":{"unit":"px","top":"40","right":"40","bottom":"0","left":"40","isLinked":""},"margin_mobile":{"unit":"px","top":"16","right":"0","bottom":"0","left":"16","isLinked":""},"__globals__":{"border_color":"globals\/colors?id=astglobalcolor0"}},"elements":[{"id":"ad3d35","settings":{"image":{"id":3272,"url":"https:\/\/urbanfeatconstruction.com\/wp-content\/uploads\/2022\/10\/Colorful-Steps-Silhouette-Diagram-640-\u00d7-720-px-2.png","alt":"","source":"library"},"image_size":"medium_large","image_custom_dimension":{"width":"640","height":"720"},"image_box_shadow_box_shadow_type":"yes","image_box_shadow_box_shadow":{"horizontal":"64","vertical":"64","blur":"160","spread":"-40","color":"rgba(0, 0, 0, 0.24)"},"_margin":{"unit":"px","top":"-44","right":"0","bottom":"0","left":"-44","isLinked":""},"_margin_mobile":{"unit":"px","top":"-20","right":"0","bottom":"0","left":"-20","isLinked":""},"_padding":{"unit":"px","top":"0","right":"44","bottom":"44","left":"0","isLinked":""},"_padding_mobile":{"unit":"px","top":"0","right":"20","bottom":"20","left":"0","isLinked":""}},"elements":[],"isInner":false,"widgetType":"image","elType":"widget"}],"isInner":"","elType":"column"},{"id":"211e1ee7","settings":{"_column_size":"50","margin_tablet":{"unit":"px","top":"0","right":"0","bottom":"0","left":"0","isLinked":""},"_inline_size_tablet":"100","margin":{"unit":"px","top":"0","right":"0","bottom":"0","left":"40","isLinked":""},"padding":{"unit":"px","top":"56","right":"0","bottom":"0","left":"0","isLinked":""}},"elements":[{"id":"638302f","settings":{"title":"Our Inspiring Journey from Humble Beginnings to Leading Construction Contractors in Lucknow","typography_font_size_mobile":{"unit":"px","size":""},"typography_font_size_tablet":{"unit":"px","size":""}},"elements":[],"isInner":false,"widgetType":"heading","elType":"widget"},{"id":"668cbaae","settings":{"width":{"unit":"px","size":"64","sizes":[]},"text":"Divider","weight":{"unit":"px","size":"4","sizes":[]},"gap":{"unit":"px","size":"0","sizes":[]},"__globals__":{"color":"globals\/colors?id=astglobalcolor0"}},"elements":[],"isInner":false,"widgetType":"divider","elType":"widget"},{"id":"6ffafc99","settings":{"editor":"<p>At Urbanfeat Construction, we take pride in being one of the <strong>best house builders and home construction contractors in Lucknow<\/strong>. With decades of experience in the construction industry, our owners, Mr Om Prakash Gautam and Mr Sachin Gautam, have honed their skills and expertise to establish a reputable name in the field. Their unwavering dedication and commitment to delivering exceptional construction services have positioned us as one of the top <strong>construction contractors in Lucknow<\/strong>, Uttar Pradesh.<\/p><p>Our journey began with Gautam Enterprises, a vision that aimed to become the leading construction company in the country. Under the dynamic leadership of Mr O.P. Gautam, our company has catered to the needs of numerous clients, fulfilling their dreams of owning their ideal homes across India. With the guidance of Mr Sachin Gautam, we have expanded our business into various sectors, including townships, schools, shopping malls, IT parks, hospitals, farmhouses, administrative buildings, and other residential properties.<\/p><p>As trusted <strong>building &amp; house contractors in <\/strong>Uttar Pradesh, we offer comprehensive construction solutions to individuals and families seeking to build their dream homes. Our skilled professionals combine innovative techniques and quality craftsmanship to bring your vision to life. We are committed to delivering projects that meet the highest quality, safety, and client satisfaction standards.<\/p><p>When you choose Urbanfeat Construction, you can expect personalized attention, transparent communication, and a seamless construction experience. Whether you need residential or commercial project assistance, we are here to turn your dreams into reality. Trust the<a href=\"https:\/\/urbanfeatconstruction.com\/\"> <strong>best building contractors in Lucknow, Uttar Pradesh<\/strong><\/a>, to handle your construction needs professionally and professionally.<\/p><p>\u00a0<\/p><p>\u00a0<\/p>","_margin":{"unit":"px","top":"0","right":"0","bottom":"-8","left":"0","isLinked":""},"_margin_tablet":{"unit":"px","top":"0","right":"80","bottom":"0","left":"0","isLinked":""},"_margin_mobile":{"unit":"px","top":"0","right":"16","bottom":"0","left":"0","isLinked":""},"align":"justify"},"elements":[],"isInner":false,"widgetType":"text-editor","elType":"widget"},{"id":"6d439016","settings":{"structure":"20","gap":"no","margin_mobile":{"unit":"px","top":"-16","right":"0","bottom":"0","left":"0","isLinked":""}},"elements":[{"id":"4797e9cc","settings":{"_column_size":"50","margin_mobile":{"unit":"px","top":"0","right":"0","bottom":"16","left":"0","isLinked":""}},"elements":[{"id":"2f1cdf2","settings":{"icon_list":[{"text":"22 Years of Experience","icon":"fa fa-arrow-circle-o-right","_id":"xzwxkw3","selected_icon":{"value":"fas fa-check-circle","library":"fa-solid"},"__fa4_migrated":{"selected_icon":"1"}},{"text":"Innovative Solutions","icon":"fa fa-arrow-circle-o-right","_id":"7xytbu6","selected_icon":{"value":"fas fa-check-circle","library":"fa-solid"},"__fa4_migrated":{"selected_icon":"1"}},{"_id":"a236bd4","text":"Affordable pricing ","selected_icon":{"value":"fas fa-check-circle","library":"fa-solid"}}],"space_between":{"unit":"px","size":"8"},"icon_align":"left","icon_size":{"unit":"px","size":"16"},"icon_align_mobile":"left","text_indent":{"unit":"px","size":"8","sizes":[]},"icon_typography_typography":"custom","icon_typography_font_weight":"600","__globals__":{"icon_color":"globals\/colors?id=astglobalcolor0"}},"elements":[],"isInner":false,"widgetType":"icon-list","elType":"widget"}],"isInner":"1","elType":"column"},{"id":"6d057667","settings":{"_column_size":"50"},"elements":[{"id":"873f015","settings":{"icon_list":[{"text":"Team of Expertise","icon":"fa fa-arrow-circle-o-right","_id":"xzwxkw3","selected_icon":{"value":"fas fa-check-circle","library":"fa-solid"},"__fa4_migrated":{"selected_icon":"1"}},{"text":"24\/7 Assistance","icon":"fa fa-arrow-circle-o-right","_id":"7xytbu6","selected_icon":{"value":"fas fa-check-circle","library":"fa-solid"},"__fa4_migrated":{"selected_icon":"1"}},{"_id":"bc53ebe","text":" Deliver a Project on Time","selected_icon":{"value":"fas fa-check-circle","library":"fa-solid"}}],"space_between":{"unit":"px","size":"8"},"icon_align":"left","icon_size":{"unit":"px","size":"16"},"icon_align_mobile":"left","text_indent":{"unit":"px","size":"8","sizes":[]},"icon_typography_typography":"custom","icon_typography_font_weight":"600","__globals__":{"icon_color":"globals\/colors?id=astglobalcolor0"}},"elements":[],"isInner":false,"widgetType":"icon-list","elType":"widget"}],"isInner":"1","elType":"column"}],"isInner":"1","elType":"section"}],"isInner":"","elType":"column"}],"isInner":"","elType":"section"},{"id":"685c8f24","settings":{"gap":"no","margin":{"unit":"px","top":"0","right":"0","bottom":"0","left":"0","isLinked":""},"margin_tablet":{"unit":"px","top":"","right":"0","bottom":"","left":"0","isLinked":"1"},"padding":{"unit":"px","top":"100","right":"0","bottom":"100","left":"0","isLinked":""},"padding_tablet":{"unit":"px","top":"80","right":"40","bottom":"80","left":"40","isLinked":""},"padding_mobile":{"unit":"px","top":"64","right":"24","bottom":"64","left":"24","isLinked":""},"__globals__":{"background_color":"globals\/colors?id=astglobalcolor4","background_overlay_color":""},"background_overlay_opacity":{"unit":"px","size":0.05,"sizes":[]},"background_background":"classic","background_color":"#f4f8fd","animation":"fadeInLeft"},"elements":[{"id":"5a08db5e","settings":{"_column_size":"100","background_background":"classic"},"elements":[{"id":"37b94a59","settings":{"title":"Core Values","typography_font_size_mobile":{"unit":"px","size":""},"typography_font_size_tablet":{"unit":"px","size":""}},"elements":[],"isInner":false,"widgetType":"heading","elType":"widget"},{"id":"2525eefd","settings":{"width":{"unit":"px","size":"64","sizes":[]},"text":"Divider","weight":{"unit":"px","size":"4","sizes":[]},"gap":{"unit":"px","size":"0","sizes":[]},"__globals__":{"color":"globals\/colors?id=astglobalcolor0"}},"elements":[],"isInner":false,"widgetType":"divider","elType":"widget"},{"id":"65a8ae25","settings":{"editor":"<p>We have below core values, our organization work on these!<\/p>","_margin":{"unit":"%","top":"0","right":"56","bottom":"0","left":"0","isLinked":""},"_margin_mobile":{"unit":"px","top":"0","right":"16","bottom":"0","left":"0","isLinked":""},"_margin_tablet":{"unit":"%","top":"0","right":"32","bottom":"0","left":"0","isLinked":""}},"elements":[],"isInner":false,"widgetType":"text-editor","elType":"widget"},{"id":"7f048049","settings":{"gap":"no","structure":"30","animation":"zoomIn"},"elements":[{"id":"74a6ad63","settings":{"_column_size":"33","background_background":"classic","padding":{"unit":"px","top":"0","right":"0","bottom":"40","left":"0","isLinked":""},"box_shadow_box_shadow_type":"yes","box_shadow_box_shadow":{"horizontal":"0","vertical":"40","blur":"120","spread":"-40","color":"rgba(0, 0, 0, 0.24)"},"margin_mobile":{"unit":"px","top":"0","right":"0","bottom":"24","left":"0","isLinked":""},"__globals__":{"background_color":"globals\/colors?id=astglobalcolor5"},"border_border":"double","border_color":"#000000","border_radius":{"unit":"px","top":"2","right":"2","bottom":"2","left":"2","isLinked":true},"margin":{"unit":"px","top":"10","right":"5","bottom":"10","left":"10","isLinked":false}},"elements":[{"id":"750e996f","settings":{"image":{"id":3276,"url":"https:\/\/urbanfeatconstruction.com\/wp-content\/uploads\/2022\/10\/Integrity-1.jpg","alt":"","source":"library"},"width":{"unit":"%","size":"100","sizes":[]}},"elements":[],"isInner":false,"widgetType":"image","elType":"widget"},{"id":"33962b7e","settings":{"image":{"url":"","id":""},"title_text":"Integrity- The foundation of our association","description_text":"At Urbanfeat Construction, we are unwavering in pursuing the highest ethical standards. Built upon a foundation of integrity, fairness, and honesty, our business upholds these qualities in every project we undertake. Our promises are not mere words; they are actions. We believe in saying what we will do and then doing it, ensuring our client's trust and satisfaction. As a construction partner, Urbanfeat demonstrates integrity in all aspects of our work.You can experience the assurance of working with a company committed to excellence and ethical conduct when you choose Urbanfeat Construction.","image_size":{"unit":"%","size":"100","sizes":[]},"title_size":"h4","text_align":"justify","_padding":{"unit":"px","top":"16","right":"32","bottom":"0","left":"32","isLinked":""}},"elements":[],"isInner":false,"widgetType":"image-box","elType":"widget"},{"id":"69e54754","settings":{"text":"Learn More","selected_icon":{"value":{"id":"1766","url":"https:\/\/urbanfeatconstruction.com\/wp-content\/uploads\/2020\/08\/arrow-right-solid.svg"},"library":"svg"},"icon_align":"right","icon_indent":{"unit":"px","size":"8","sizes":[]},"background_color":"rgba(2, 1, 1, 0)","text_padding":{"unit":"px","top":"0","right":"0","bottom":"0","left":"0","isLinked":""},"_margin":{"unit":"px","top":"0","right":"0","bottom":"0","left":"32","isLinked":""},"__globals__":{"button_text_color":"globals\/colors?id=astglobalcolor0","hover_color":"globals\/colors?id=astglobalcolor3"},"hide_desktop":"hidden-desktop","hide_tablet":"hidden-tablet","hide_mobile":"hidden-mobile"},"elements":[],"isInner":false,"widgetType":"button","elType":"widget"}],"isInner":"1","elType":"column"},{"id":"154c7804","settings":{"_column_size":"33","background_background":"classic","padding":{"unit":"px","top":"0","right":"0","bottom":"40","left":"0","isLinked":""},"box_shadow_box_shadow_type":"yes","box_shadow_box_shadow":{"horizontal":"0","vertical":"40","blur":"120","spread":"-40","color":"rgba(0, 0, 0, 0.24)"},"margin_mobile":{"unit":"px","top":"0","right":"0","bottom":"24","left":"0","isLinked":""},"__globals__":{"background_color":"globals\/colors?id=astglobalcolor5","border_color":"globals\/colors?id=5646cc51"},"border_border":"double","border_radius":{"unit":"px","top":"2","right":"2","bottom":"2","left":"2","isLinked":true},"margin":{"unit":"px","top":"10","right":"5","bottom":"10","left":"5","isLinked":false}},"elements":[{"id":"13efe9f0","settings":{"image":{"id":3280,"url":"https:\/\/urbanfeatconstruction.com\/wp-content\/uploads\/2022\/10\/New-Project-16.jpg","alt":"","source":"library"},"width":{"unit":"%","size":"100","sizes":[]}},"elements":[],"isInner":false,"widgetType":"image","elType":"widget"},{"id":"4a0f9663","settings":{"image":{"url":"","id":""},"title_text":"Commitment to Quality","description_text":"At Urbanfeat Construction, we are the leading building construction contractor in Lucknow, committed to delivering exceptional quality. With every project we undertake, we strive for excellence and go above and beyond to exceed our client's expectations. Our dedication to quality is backed by proven expertise and steadfast adherence to stringent ISO standards. We take pride in providing a structured sustainability guarantee of 75 years to our valued customers in Lucknow, ensuring that our work stands the test of time. Trust Urbanfeat Construction for unparalleled quality that surpasses industry standards.","image_size":{"unit":"%","size":"100","sizes":[]},"title_size":"h4","text_align":"justify","_padding":{"unit":"px","top":"16","right":"32","bottom":"0","left":"32","isLinked":""}},"elements":[],"isInner":false,"widgetType":"image-box","elType":"widget"},{"id":"328b2d04","settings":{"text":"Learn More","selected_icon":{"value":{"id":"1766","url":"https:\/\/urbanfeatconstruction.com\/wp-content\/uploads\/2020\/08\/arrow-right-solid.svg"},"library":"svg"},"icon_align":"right","icon_indent":{"unit":"px","size":"8","sizes":[]},"background_color":"rgba(2, 1, 1, 0)","text_padding":{"unit":"px","top":"0","right":"0","bottom":"0","left":"0","isLinked":""},"_margin":{"unit":"px","top":"0","right":"0","bottom":"0","left":"32","isLinked":""},"__globals__":{"button_text_color":"globals\/colors?id=astglobalcolor0","hover_color":"globals\/colors?id=astglobalcolor3"},"hide_desktop":"hidden-desktop","hide_tablet":"hidden-tablet","hide_mobile":"hidden-mobile"},"elements":[],"isInner":false,"widgetType":"button","elType":"widget"}],"isInner":"1","elType":"column"},{"id":"3a3eddf3","settings":{"_column_size":"33","background_background":"classic","padding":{"unit":"px","top":"0","right":"0","bottom":"40","left":"0","isLinked":""},"box_shadow_box_shadow_type":"yes","box_shadow_box_shadow":{"horizontal":"0","vertical":"40","blur":"120","spread":"-40","color":"rgba(0, 0, 0, 0.24)"},"__globals__":{"background_color":"globals\/colors?id=astglobalcolor5","border_color":"globals\/colors?id=287ca605"},"border_border":"double","border_radius":{"unit":"px","top":"2","right":"2","bottom":"2","left":"2","isLinked":true},"margin":{"unit":"px","top":"10","right":"5","bottom":"10","left":"5","isLinked":false}},"elements":[{"id":"6a3bc7b1","settings":{"image":{"id":3284,"url":"https:\/\/urbanfeatconstruction.com\/wp-content\/uploads\/2022\/10\/New-Project-17.jpg","alt":"","source":"library"},"width":{"unit":"%","size":"100","sizes":[]}},"elements":[],"isInner":false,"widgetType":"image","elType":"widget"},{"id":"40d77117","settings":{"image":{"url":"","id":""},"title_text":"Safety First","description_text":"We prioritize the safety and well-being of our project teams and stakeholders. We embed safety into every facet of our work, leaving no room for compromise.Safety is a top priority on our project sites, so we work tirelessly to prevent incidents and injuries. Through comprehensive planning, stringent protocols, and continuous training, we strive for a zero-incident culture. Trust us to create a secure and protected environment where our teams can thrive, ensuring peace of mind for our clients. Experience construction with Urbanfeat, where safety is the cornerstone of our operations.","image_size":{"unit":"%","size":"100","sizes":[]},"title_size":"h4","text_align":"justify","_padding":{"unit":"px","top":"16","right":"32","bottom":"0","left":"32","isLinked":""}},"elements":[],"isInner":false,"widgetType":"image-box","elType":"widget"}],"isInner":"1","elType":"column"}],"isInner":"1","elType":"section"}],"isInner":"","elType":"column"}],"isInner":"","elType":"section"},{"id":"665ffb69","settings":{"background_position":"center center","background_repeat":"no-repeat","background_size":"cover","padding":{"unit":"px","top":"104","right":"0","bottom":"104","left":"0","isLinked":""},"padding_tablet":{"unit":"px","top":"80","right":"40","bottom":"80","left":"40","isLinked":""},"padding_mobile":{"unit":"px","top":"80","right":"24","bottom":"64","left":"24","isLinked":""},"gap":"no","hide_desktop":"hidden-desktop","hide_tablet":"hidden-tablet","hide_mobile":"hidden-mobile"},"elements":[{"id":"545973cc","settings":{"_column_size":"100"},"elements":[{"id":"40e81603","settings":{"title":"Our Expert Team","typography_font_size_mobile":{"unit":"px","size":""},"typography_font_size_tablet":{"unit":"px","size":""}},"elements":[],"isInner":false,"widgetType":"heading","elType":"widget"},{"id":"83e60fe","settings":{"width":{"unit":"px","size":"64","sizes":[]},"text":"Divider","weight":{"unit":"px","size":"4","sizes":[]},"gap":{"unit":"px","size":"0","sizes":[]},"__globals__":{"color":"globals\/colors?id=astglobalcolor0"}},"elements":[],"isInner":false,"widgetType":"divider","elType":"widget"},{"id":"11383478","settings":{"editor":"<p>You can use these sections to highlight the features of heading. Use these paragraphs to focus on the topic you want. Make sure you keep it short, attractive.<\/p>","typography_font_size":{"unit":"px","size":""},"typography_line_height":{"unit":"em","size":""},"_margin_mobile":{"unit":"px","top":"0","right":"0","bottom":"0","left":"0","isLinked":""},"_margin":{"unit":"%","top":"0","right":"50","bottom":"0","left":"0","isLinked":""},"_margin_tablet":{"unit":"%","top":"0","right":"32","bottom":"0","left":"0","isLinked":""}},"elements":[],"isInner":false,"widgetType":"text-editor","elType":"widget"},{"id":"538dc1d8","settings":{"gap":"no","structure":"30","margin":{"unit":"px","top":"16","right":"0","bottom":"0","left":"0","isLinked":""}},"elements":[{"id":"33a5aecb","settings":{"_column_size":"33","margin_mobile":{"unit":"px","top":"0","right":"0","bottom":"40","left":"0","isLinked":""},"margin":{"unit":"px","top":"0","right":"10","bottom":"0","left":"10","isLinked":false}},"elements":[{"id":"76824561","settings":{"image":{"id":2138,"url":"https:\/\/urbanfeatconstruction.com\/wp-content\/uploads\/2022\/10\/meeting-business-architect-2284501.jpg","alt":"meeting, business, architect-2284501.jpg","source":"library"},"image_size":"full","image_box_shadow_box_shadow_type":"yes","image_box_shadow_box_shadow":{"horizontal":"0","vertical":"64","blur":"80","spread":"-48","color":"rgba(0, 0, 0, 0.24)"},"css_filters_css_filter":"custom","css_filters_brightness":{"unit":"px","size":"88","sizes":[]},"css_filters_contrast":{"unit":"px","size":"88","sizes":[]},"css_filters_saturate":{"unit":"px","size":"80","sizes":[]},"css_filters_hover_css_filter":"custom","background_hover_transition":{"unit":"px","size":"0.2","sizes":[]}},"elements":[],"isInner":false,"widgetType":"image","elType":"widget"},{"id":"4d0f57cd","settings":{"image":{"url":"","id":""},"title_text":"Architect","description_text":"","title_bottom_space":{"unit":"px","size":"8","sizes":[]},"description_typography_font_size":{"unit":"em","size":"","sizes":[]},"title_size":"h4","_margin":{"unit":"px","top":"15","right":"0","bottom":"0","left":"0","isLinked":false}},"elements":[],"isInner":false,"widgetType":"image-box","elType":"widget"}],"isInner":"1","elType":"column"},{"id":"294c049e","settings":{"_column_size":"33","margin_mobile":{"unit":"px","top":"0","right":"0","bottom":"40","left":"0","isLinked":""},"margin":{"unit":"px","top":"0","right":"10","bottom":"0","left":"10","isLinked":false}},"elements":[{"id":"52641e8e","settings":{"image":{"id":2145,"url":"https:\/\/urbanfeatconstruction.com\/wp-content\/uploads\/2022\/10\/expression-industry-worker-3174967.jpg","alt":"expression, industry, worker-3174967.jpg","source":"library"},"image_size":"full","image_box_shadow_box_shadow_type":"yes","image_box_shadow_box_shadow":{"horizontal":"0","vertical":"64","blur":"80","spread":"-48","color":"rgba(0, 0, 0, 0.24)"},"css_filters_css_filter":"custom","css_filters_brightness":{"unit":"px","size":"88","sizes":[]},"css_filters_contrast":{"unit":"px","size":"88","sizes":[]},"css_filters_saturate":{"unit":"px","size":"80","sizes":[]},"css_filters_hover_css_filter":"custom","background_hover_transition":{"unit":"px","size":"0.2","sizes":[]}},"elements":[],"isInner":false,"widgetType":"image","elType":"widget"},{"id":"11a13634","settings":{"image":{"url":"","id":""},"title_text":"Construction Supervisor","description_text":"","title_bottom_space":{"unit":"px","size":"8","sizes":[]},"description_typography_font_size":{"unit":"em","size":"","sizes":[]},"title_size":"h4","_margin":{"unit":"px","top":"15","right":"0","bottom":"0","left":"0","isLinked":false}},"elements":[],"isInner":false,"widgetType":"image-box","elType":"widget"}],"isInner":"1","elType":"column"},{"id":"7216afb6","settings":{"_column_size":"33"},"elements":[{"id":"24e28405","settings":{"image":{"id":2149,"url":"https:\/\/urbanfeatconstruction.com\/wp-content\/uploads\/2022\/10\/dining-room-living-room-modern-3108037.jpg","alt":"dining room, living room, modern-3108037.jpg","source":"library"},"image_size":"full","image_box_shadow_box_shadow_type":"yes","image_box_shadow_box_shadow":{"horizontal":"0","vertical":"64","blur":"80","spread":"-48","color":"rgba(0, 0, 0, 0.24)"},"css_filters_css_filter":"custom","css_filters_brightness":{"unit":"px","size":"88","sizes":[]},"css_filters_contrast":{"unit":"px","size":"88","sizes":[]},"css_filters_saturate":{"unit":"px","size":"80","sizes":[]},"css_filters_hover_css_filter":"custom","background_hover_transition":{"unit":"px","size":"0.2","sizes":[]}},"elements":[],"isInner":false,"widgetType":"image","elType":"widget"},{"id":"7e106bd6","settings":{"image":{"url":"","id":""},"title_text":"Interior Designer","description_text":"","title_bottom_space":{"unit":"px","size":"8","sizes":[]},"description_typography_font_size":{"unit":"em","size":"","sizes":[]},"title_size":"h4","_margin":{"unit":"px","top":"15","right":"0","bottom":"0","left":"0","isLinked":false}},"elements":[],"isInner":false,"widgetType":"image-box","elType":"widget"}],"isInner":"1","elType":"column"}],"isInner":"1","elType":"section"}],"isInner":"","elType":"column"}],"isInner":"","elType":"section"},{"id":"4d385c3b","settings":{"content_width":{"unit":"px","size":"800","sizes":[]},"gap":"no","background_background":"classic","background_image":{"id":3307,"url":"https:\/\/urbanfeatconstruction.com\/wp-content\/uploads\/2022\/10\/excavators-construction-machine-site-391143.jpg","alt":"excavators, construction machine, site-391143.jpg","source":"library"},"background_position":"top center","background_attachment":"fixed","background_repeat":"no-repeat","background_size":"cover","background_overlay_background":"classic","margin":{"unit":"px","top":"","right":"0","bottom":"","left":"0","isLinked":"1"},"padding":{"unit":"px","top":"104","right":"0","bottom":"0","left":"0","isLinked":""},"z_index":"1","__globals__":{"background_overlay_color":"globals\/colors?id=astglobalcolor2"}},"elements":[{"id":"3f3359dc","settings":{"_column_size":"100"},"elements":[{"id":"794c55a3","settings":{"width":{"unit":"px","size":"64","sizes":[]},"text":"Divider","weight":{"unit":"px","size":"4","sizes":[]},"gap":{"unit":"px","size":"0","sizes":[]},"align":"center","__globals__":{"color":"globals\/colors?id=astglobalcolor0"}},"elements":[],"isInner":false,"widgetType":"divider","elType":"widget"},{"id":"67e8fd47","settings":{"title":"We Provide the Best Service in Industry\u200b","align":"center","__globals__":{"title_color":"globals\/colors?id=astglobalcolor5"}},"elements":[],"isInner":false,"widgetType":"heading","elType":"widget"},{"id":"454794d7","settings":{"editor":"<p><strong>Our primary focus is on satisfying the customers by providing the best services according to industry standards at affordable prices.<\/strong><\/p>","typography_font_size":{"unit":"px","size":""},"typography_line_height":{"unit":"em","size":""},"align_mobile":"center","_margin_mobile":{"unit":"px","top":"15","right":"15","bottom":"15","left":"15","isLinked":"1"},"align":"center","_margin":{"unit":"px","top":"0","right":"72","bottom":"0","left":"72","isLinked":""},"__globals__":{"text_color":"globals\/colors?id=astglobalcolor4"}},"elements":[],"isInner":false,"widgetType":"text-editor","elType":"widget"},{"id":"2aa43b50","settings":{"text":"Contact Us Today","align":"center","selected_icon":{"value":{"id":"1766","url":"https:\/\/urbanfeatconstruction.com\/wp-content\/uploads\/2020\/08\/arrow-right-solid.svg"},"library":"svg"},"icon_align":"right","icon_indent":{"unit":"px","size":"16","sizes":[]},"button_box_shadow_box_shadow_type":"yes","button_box_shadow_box_shadow":{"horizontal":"0","vertical":"16","blur":"32","spread":"-16","color":"rgba(255, 94, 20, 0.64)"},"_margin":{"unit":"px","top":"40","right":"0","bottom":"-24","left":"0","isLinked":""},"__globals__":{"button_text_color":"globals\/colors?id=astglobalcolor5"},"link":{"url":"https:\/\/urbanfeatconstruction.com\/contact-us\/","is_external":"","nofollow":"","custom_attributes":""}},"elements":[],"isInner":false,"widgetType":"button","elType":"widget"}],"isInner":"","elType":"column"}],"isInner":"","elType":"section"}],"page_settings":{"astra_sites_main_color":"var(--ast-global-color-0)","astra_sites_heading_base_color":"var(--ast-global-color-2)","astra_sites_link_color":"var(--ast-global-color-0)","astra_sites_link_hover_color":"var(--ast-global-color-1)","astra_sites_text_color":"var(--ast-global-color-3)","background_color":"#ffffff","background_background":"classic","astra_sites_body_typography":"custom","astra_sites_body_font_size":{"unit":"px","size":16},"astra_sites_body_font_family":"Open Sans","astra_sites_body_font_weight":"400","astra_sites_heading_1_typography":"custom","astra_sites_heading_1_font_size":{"unit":"px","size":72},"astra_sites_heading_1_font_size_tablet":{"unit":"px","size":48},"astra_sites_heading_1_font_size_mobile":{"unit":"px","size":36},"astra_sites_default_heading_font_family":"'Barlow', sans-serif","astra_sites_heading_1_font_family":"'Barlow'","astra_sites_heading_1_font_weight":"600","astra_sites_heading_2_typography":"custom","astra_sites_heading_2_font_size":{"unit":"px","size":40},"astra_sites_heading_2_font_size_tablet":{"unit":"px","size":32},"astra_sites_heading_2_font_size_mobile":{"unit":"px","size":32},"astra_sites_heading_2_font_family":"'Barlow'","astra_sites_heading_2_font_weight":"600","astra_sites_heading_3_typography":"custom","astra_sites_heading_3_font_size":{"unit":"px","size":32},"astra_sites_heading_3_font_size_tablet":{"unit":"px","size":28},"astra_sites_heading_3_font_size_mobile":{"unit":"px","size":28},"astra_sites_heading_3_font_family":"'Barlow'","astra_sites_heading_3_font_weight":"600","astra_sites_heading_4_typography":"custom","astra_sites_heading_4_font_size":{"unit":"px","size":24},"astra_sites_heading_4_font_size_tablet":{"unit":"px","size":24},"astra_sites_heading_4_font_size_mobile":{"unit":"px","size":22},"astra_sites_heading_4_font_family":"'Barlow'","astra_sites_heading_4_font_weight":"600","astra_sites_heading_4_text_transform":"capitalize","astra_sites_heading_5_typography":"custom","astra_sites_heading_5_font_size":{"unit":"px","size":20},"astra_sites_heading_5_font_size_tablet":{"unit":"px","size":20},"astra_sites_heading_5_font_size_mobile":{"unit":"px","size":18},"astra_sites_heading_5_font_family":"'Barlow'","astra_sites_heading_5_font_weight":"600","astra_sites_heading_5_text_transform":"capitalize","astra_sites_heading_6_typography":"custom","astra_sites_heading_6_font_size":{"unit":"px","size":14},"astra_sites_heading_6_font_size_tablet":{"unit":"px","size":13},"astra_sites_heading_6_font_size_mobile":{"unit":"px","size":12},"astra_sites_heading_6_font_family":"'Barlow'","astra_sites_heading_6_font_weight":"600","astra_sites_heading_6_text_transform":"capitalize","astra_sites_page_setting_enable":"","eael_ext_toc_title":"Table of Contents"},"version":"0.4","title":"about page","type":"page"}