{"content":[{"id":"1431334f","settings":{"background_background":"classic","background_image":{"id":3108,"url":"https:\/\/urbanfeatconstruction.com\/wp-content\/uploads\/2022\/10\/New-Project-5.jpg","alt":"","source":"library"},"background_position":"center center","background_repeat":"no-repeat","background_size":"cover","background_overlay_background":"classic","background_overlay_opacity":{"unit":"px","size":0.64},"padding":{"unit":"px","top":"240","right":"0","bottom":"160","left":"0","isLinked":""},"padding_mobile":{"unit":"px","top":"160","right":"24","bottom":"80","left":"24","isLinked":""},"gap":"no","padding_tablet":{"unit":"px","top":"160","right":"40","bottom":"120","left":"40","isLinked":""},"__globals__":{"background_overlay_color":"globals\/colors?id=astglobalcolor2"}},"elements":[{"id":"19bd61e2","settings":{"_column_size":"100","space_between_widgets":"10","background_background":"classic"},"elements":[{"id":"69dcc58c","settings":{"title":" Engineering\/Pre-Engineering <span style=\"color:#33CC33;\"> Buildings<\/span>","typography_font_size_mobile":{"unit":"px","size":""},"typography_font_size_tablet":{"unit":"px","size":""},"title_color":"#ffffff","header_size":"h1","align_mobile":"center"},"elements":[],"isInner":false,"widgetType":"heading","elType":"widget"}],"isInner":"","elType":"column"}],"isInner":"","elType":"section"},{"id":"50ca86ea","settings":{"structure":"20","margin":{"unit":"px","top":"0","right":0,"bottom":"0","left":0,"isLinked":""},"padding":{"unit":"px","top":"104","right":"0","bottom":"0","left":"0","isLinked":""},"padding_mobile":{"unit":"px","top":"64","right":"24","bottom":"64","left":"24","isLinked":""},"gap":"no","padding_tablet":{"unit":"px","top":"80","right":"40","bottom":"80","left":"40","isLinked":""},"background_color":"#FFFFFF","background_color_stop":{"unit":"%","size":"80","sizes":[]},"background_color_b":"#F4F8FD","background_color_b_stop":{"unit":"%","size":"80","sizes":[]},"z_index":"1","margin_tablet":{"unit":"px","top":"0","right":"0","bottom":"0","left":"0","isLinked":""}},"elements":[{"id":"610a8d97","settings":{"_column_size":"50","margin_tablet":{"unit":"px","top":"40","right":"0","bottom":"0","left":"40","isLinked":""},"_inline_size_tablet":"100","border_border":"solid","border_width":{"unit":"px","top":"4","right":"4","bottom":"4","left":"4","isLinked":"1"},"margin":{"unit":"px","top":"40","right":"40","bottom":"0","left":"40","isLinked":""},"margin_mobile":{"unit":"px","top":"16","right":"0","bottom":"0","left":"16","isLinked":""},"__globals__":{"border_color":"globals\/colors?id=astglobalcolor0"}},"elements":[{"id":"9179346","settings":{"image":{"id":2768,"url":"https:\/\/urbanfeatconstruction.com\/wp-content\/uploads\/2022\/10\/brick-wall-room-interior-design-1850095.jpg","alt":"brick wall, room, interior design-1850095.jpg","source":"library"},"image_size":"custom","image_custom_dimension":{"width":"640","height":"720"},"image_box_shadow_box_shadow_type":"yes","image_box_shadow_box_shadow":{"horizontal":"64","vertical":"64","blur":"160","spread":"-40","color":"rgba(0, 0, 0, 0.24)"},"_margin":{"unit":"px","top":"-44","right":"0","bottom":"0","left":"-44","isLinked":""},"_margin_mobile":{"unit":"px","top":"-20","right":"0","bottom":"0","left":"-20","isLinked":""},"_padding":{"unit":"px","top":"0","right":"44","bottom":"44","left":"0","isLinked":""},"_padding_mobile":{"unit":"px","top":"0","right":"20","bottom":"20","left":"0","isLinked":""}},"elements":[],"isInner":false,"widgetType":"image","elType":"widget"}],"isInner":"","elType":"column"},{"id":"25b49d43","settings":{"_column_size":"50","margin_tablet":{"unit":"px","top":"0","right":"0","bottom":"0","left":"0","isLinked":""},"_inline_size_tablet":"100","margin":{"unit":"px","top":"0","right":"0","bottom":"0","left":"40","isLinked":""},"padding":{"unit":"px","top":"56","right":"0","bottom":"0","left":"0","isLinked":""}},"elements":[{"id":"697afa65","settings":{"title":"Our Expertise in PEB Structure (Pre Engineered Buildings)","typography_font_size_mobile":{"unit":"px","size":""},"typography_font_size_tablet":{"unit":"px","size":""}},"elements":[],"isInner":false,"widgetType":"heading","elType":"widget"},{"id":"2aef0824","settings":{"width":{"unit":"px","size":"64","sizes":[]},"text":"Divider","weight":{"unit":"px","size":"4","sizes":[]},"gap":{"unit":"px","size":"0","sizes":[]},"__globals__":{"color":"globals\/colors?id=astglobalcolor0"}},"elements":[],"isInner":false,"widgetType":"divider","elType":"widget"},{"id":"46bc2a68","settings":{"editor":"<p><b>Urbanfeat core competence in multi-disciplinary projects <\/b><span style=\"font-weight: 400;\">wherein we design and deliver industrial plants and factories etc.<\/span><\/p>","_margin":{"unit":"px","top":"0","right":"0","bottom":"-8","left":"0","isLinked":""},"_margin_tablet":{"unit":"px","top":"0","right":"80","bottom":"0","left":"0","isLinked":""},"_margin_mobile":{"unit":"px","top":"0","right":"16","bottom":"0","left":"0","isLinked":""},"align":"justify"},"elements":[],"isInner":false,"widgetType":"text-editor","elType":"widget"},{"id":"1c49aae","settings":{"gap":"no","margin_mobile":{"unit":"px","top":"-16","right":"0","bottom":"0","left":"0","isLinked":""}},"elements":[{"id":"719c3565","settings":{"_column_size":100,"margin_mobile":{"unit":"px","top":"0","right":"0","bottom":"16","left":"0","isLinked":""},"_inline_size":null},"elements":[{"id":"16564c28","settings":{"editor":"<p>We are quick at adapting new technology into our culture. One such innovation in the field of construction is Prefabricated structures. Prefabricated structures are lightweight, durable, economical, relocatable &amp; energy efficient, thus these buildings are in huge demand and have been favored as an alternative to conventional buildings. Sturdy construction &amp; innovative design makes these buildings earthquake-resistant, leakproof &amp; able to withstand any adverse conditions without compromising on building aesthetics.<\/p><p>\u00a0<\/p>","_margin":{"unit":"px","top":"0","right":"0","bottom":"-8","left":"0","isLinked":""},"_margin_tablet":{"unit":"px","top":"0","right":"80","bottom":"0","left":"0","isLinked":""},"_margin_mobile":{"unit":"px","top":"0","right":"16","bottom":"0","left":"0","isLinked":""},"align":"justify"},"elements":[],"isInner":false,"widgetType":"text-editor","elType":"widget"}],"isInner":"1","elType":"column"}],"isInner":"1","elType":"section"}],"isInner":"","elType":"column"}],"isInner":"","elType":"section"},{"id":"2545ec0f","settings":{"margin":{"unit":"px","top":"0","right":0,"bottom":"128","left":0,"isLinked":""},"padding":{"unit":"px","top":"70","right":"0","bottom":"0","left":"0","isLinked":""},"padding_mobile":{"unit":"px","top":"64","right":"24","bottom":"64","left":"24","isLinked":""},"gap":"no","padding_tablet":{"unit":"px","top":"80","right":"40","bottom":"80","left":"40","isLinked":""},"background_color":"#FFFFFF","background_color_stop":{"unit":"%","size":"80","sizes":[]},"background_color_b":"#F4F8FD","background_color_b_stop":{"unit":"%","size":"80","sizes":[]},"z_index":"1","margin_tablet":{"unit":"px","top":"0","right":"0","bottom":"0","left":"0","isLinked":""}},"elements":[{"id":"25164e97","settings":{"_column_size":100,"margin_tablet":{"unit":"px","top":"0","right":"0","bottom":"0","left":"0","isLinked":""},"_inline_size_tablet":"100","margin":{"unit":"px","top":"0","right":"0","bottom":"0","left":"40","isLinked":""},"padding":{"unit":"px","top":"0","right":"0","bottom":"0","left":"0","isLinked":""},"_inline_size":null},"elements":[{"id":"26d9b3d4","settings":{"width":{"unit":"px","size":"64","sizes":[]},"text":"Divider","weight":{"unit":"px","size":"4","sizes":[]},"gap":{"unit":"px","size":"0","sizes":[]},"__globals__":{"color":"globals\/colors?id=astglobalcolor0"}},"elements":[],"isInner":false,"widgetType":"divider","elType":"widget"},{"id":"65292c5f","settings":{"editor":"<p>Pre-engineered building (PEB) structures are <b>prefabricated building design <\/b>systems that are manufactured in a factory and then assembled on-site. These buildings are designed using advanced computer software and are made of high-quality steel and other durable materials. PEB structures are known for their speed of construction, cost-effectiveness, and durability and are the best way of construction for schools and offices. As these ensure sturdy construction in a timely manner.<\/p><p>When it comes to PEB structures, it is important to choose an ISO-certified construction company because it ensures that the company follows international standards for quality and safety. An ISO-certified company is also more likely to use high-quality materials and employ skilled workers, which leads to a higher-quality finished product. Furthermore, an ISO-certified company is more likely to provide a warranty on its work, which gives the customer added peace of mind. In short, choosing an ISO-certified construction company for your <b>pre-engineered building design<\/b> ensures that you get a high-quality, durable, and safe building that is built to last.<\/p><p>Urbanfeat Constructions excels in pre-engineered building construction in Uttar Pradesh, India. We are experts in the field and are known for our high-quality work and attention to detail. We also specialize in the construction of PEB frames, pre-engineered steel buildings, framing, metal buildings, and single-slope structures. Our team is highly skilled and experienced and makes use of state-of-the-art technology and equipment to ensure that every project is completed to the highest standard. We take great pride in our work and are committed to delivering projects on time and within budget making us a reliable and trustworthy company that consistently delivers exceptional results. We are a top choice for anyone looking for pre-engineered building construction in Uttar Pradesh, India.<\/p>","_margin":{"unit":"px","top":"0","right":"0","bottom":"-8","left":"0","isLinked":""},"_margin_tablet":{"unit":"px","top":"0","right":"80","bottom":"0","left":"0","isLinked":""},"_margin_mobile":{"unit":"px","top":"0","right":"16","bottom":"0","left":"0","isLinked":""},"align":"justify"},"elements":[],"isInner":false,"widgetType":"text-editor","elType":"widget"}],"isInner":"","elType":"column"}],"isInner":"","elType":"section"},{"id":"6c82b4f","settings":{"gap":"no","custom_height":{"unit":"px","size":1000},"content_position":"middle","padding":{"unit":"px","top":"0","right":"0","bottom":"100","left":"0","isLinked":false},"padding_tablet":{"unit":"px","top":"100","right":"25","bottom":"100","left":"25","isLinked":false},"padding_mobile":{"unit":"px","top":"50","right":"20","bottom":"50","left":"20","isLinked":false}},"elements":[{"id":"1940f413","settings":{"_column_size":100},"elements":[{"id":"6e63c06e","settings":{"structure":"20","padding":{"unit":"px","top":"40","right":"0","bottom":"0","left":"0","isLinked":false},"gap":"no","content_position":"middle"},"elements":[{"id":"70fe2af3","settings":{"_column_size":50,"_inline_size":null,"margin":{"unit":"px","top":"0","right":"0","bottom":"0","left":"0","isLinked":true},"padding":{"unit":"px","top":"0","right":"0","bottom":"0","left":"0","isLinked":true}},"elements":[{"id":"34b0f280","settings":{"image":{"id":4252,"url":"https:\/\/urbanfeatconstruction.com\/wp-content\/uploads\/2023\/02\/engineer-engineering-structural-engineer-4925140.jpg","alt":"engineer, engineering, structural engineer-4925140.jpg","source":"library"}},"elements":[],"isInner":false,"widgetType":"image","elType":"widget"}],"isInner":true,"elType":"column"},{"id":"1ddfb1f","settings":{"_column_size":50,"_inline_size":null,"padding":{"unit":"px","top":"15","right":"55","bottom":"25","left":"55","isLinked":false},"padding_mobile":{"unit":"px","top":"35","right":"35","bottom":"35","left":"35","isLinked":true}},"elements":[{"id":"7ba05678","settings":{"title":"Highly qualified and skilled personnel","align":"center","title_color":"#000000","typography_typography":"custom","typography_font_size":{"unit":"px","size":25},"typography_font_weight":"600"},"elements":[],"isInner":false,"widgetType":"heading","elType":"widget"},{"id":"49c07394","settings":{"editor":"<p><span style=\"font-weight: 400;\">The team we have consists of highly skilled and experienced construction professionals who are adept at using the latest construction software and techniques.<\/span><\/p>","align":"justify","typography_typography":"custom","typography_font_size":{"unit":"px","size":16},"typography_font_weight":"300","typography_line_height":{"unit":"em","size":1.6},"__globals__":{"text_color":"globals\/colors?id=5646cc51"}},"elements":[],"isInner":false,"widgetType":"text-editor","elType":"widget"}],"isInner":true,"elType":"column"}],"isInner":true,"elType":"section"},{"id":"61d63569","settings":{"structure":"20","padding":{"unit":"px","top":"40","right":"0","bottom":"0","left":"0","isLinked":false},"gap":"no","content_position":"middle"},"elements":[{"id":"291b4d6e","settings":{"_column_size":50,"_inline_size":null,"padding":{"unit":"px","top":"15","right":"55","bottom":"25","left":"55","isLinked":false},"padding_mobile":{"unit":"px","top":"35","right":"35","bottom":"35","left":"35","isLinked":true}},"elements":[{"id":"68fa3756","settings":{"title":"Latest Civil Engineering Software <br> for Architect & Design","align":"center","title_color":"#000000","typography_typography":"custom","typography_font_size":{"unit":"px","size":25},"typography_font_weight":"600"},"elements":[],"isInner":false,"widgetType":"heading","elType":"widget"},{"id":"2a266508","settings":{"editor":"<p><span style=\"font-weight: 400;\">Urbanfeat Constructions team is well-equipped with the latest techniques and software for all design and construction needs. Our experts are well-versed in the construction of dream houses, offices, and business structures. We utilize the latest technology to ensure that every project is completed to the highest standard. Our commitment is your satisfaction, we strive to meet your expectations and exceed them. With Urbanfeat Constructions, you can be sure that you are getting the best quality construction and service.<\/span><\/p>","align":"justify","typography_typography":"custom","typography_font_size":{"unit":"px","size":16},"typography_font_weight":"300","typography_line_height":{"unit":"em","size":1.6},"__globals__":{"text_color":"globals\/colors?id=5646cc51"}},"elements":[],"isInner":false,"widgetType":"text-editor","elType":"widget"}],"isInner":true,"elType":"column"},{"id":"46f5ec85","settings":{"_column_size":50,"_inline_size":null,"margin":{"unit":"px","top":"0","right":"0","bottom":"0","left":"0","isLinked":true},"padding":{"unit":"px","top":"0","right":"0","bottom":"0","left":"0","isLinked":true}},"elements":[{"id":"61e6bdb2","settings":{"image":{"id":4254,"url":"https:\/\/urbanfeatconstruction.com\/wp-content\/uploads\/2023\/02\/Auto-Cad-1.jpg","alt":"","source":"library"}},"elements":[],"isInner":false,"widgetType":"image","elType":"widget"}],"isInner":true,"elType":"column"}],"isInner":true,"elType":"section"},{"id":"665d7efa","settings":{"padding":{"unit":"px","top":"40","right":"0","bottom":"0","left":"0","isLinked":false},"gap":"no","content_position":"middle"},"elements":[{"id":"21c7d267","settings":{"_column_size":100,"_inline_size":null,"padding":{"unit":"px","top":"15","right":"55","bottom":"25","left":"55","isLinked":false},"padding_mobile":{"unit":"px","top":"35","right":"35","bottom":"35","left":"35","isLinked":true}},"elements":[{"id":"469a5512","settings":{"title":"Type of Technologies & Software We use!","align":"center","title_color":"#000000","typography_typography":"custom","typography_font_size":{"unit":"px","size":25},"typography_font_weight":"600"},"elements":[],"isInner":false,"widgetType":"heading","elType":"widget"},{"id":"3eb474aa","settings":{"eael_adv_accordion_tab":[{"eael_adv_accordion_tab_title":"AutoCAD software","_id":"f452d19","eael_adv_accordion_tab_content":"<p><span style=\"font-weight: 400;\">AutoCAD is a versatile software that architects, engineers, and construction professionals use to create detailed 2D and 3D drawings. The software enables users to design technical drawings and plans for a wide range of projects, including buildings, bridges and infrastructure. With AutoCAD, users can create precise drawings and use tools for editing, dimensioning, and annotating. It also allows for the creation of a variety of drawings, such as detailed architectural drawings, floor plans, and elevations, and detailed engineering drawings, like electrical and mechanical schematics. 3D renderings, which can create realistic images of buildings and other structures, can also be created using AutoCAD.<\/span><\/p><p><span style=\"font-weight: 400;\">Urbanfeat Constructions experts utilize the latest version of AutoCAD software, which includes new features such as 3D tools, improved collaboration capabilities, and enhanced performance. This latest version allows our experts to create detailed and accurate drawings faster. Consequently, it enables us to deliver construction projects on time and within budget. Furthermore, it helps our team to create realistic images of the building and structures for visualization and communication with clients creating a much more precise presentation of the site.<\/span><\/p>"},{"eael_adv_accordion_tab_title":"STAAD Pro Software","_id":"eea63e4","eael_adv_accordion_tab_content":"<p><span style=\"font-weight: 400;\">At Urbanfeat Constructions, we use STAAD Pro - a structural analysis and design software - to create detailed models of RCC buildings, analyze their behaviour under different load conditions and optimize the design for strength and stability. Our experts are proficient in the latest version of STAAD Pro, which includes advanced features such as improved load patterns, enhanced 3D modelling and more advanced analysis techniques. <\/span><b>Analysis and designing of RCC buildings using STAAD Pro<\/b><span style=\"font-weight: 400;\"> are quite quick and accurate, ensuring on-time and within-budget delivery of construction projects. We also use the updated version to create detailed models of buildings for visualization and communication with clients, ensuring their complete satisfaction with the final product.<\/span><\/p>"},{"eael_adv_accordion_tab_title":"MX-Q Road Software","_id":"436b3ab","eael_adv_accordion_tab_content":"<p><span style=\"font-weight: 400;\">MX Q-Road is software that is used for the design and analysis of roads and highways. It is a powerful tool that allows engineers and construction professionals to create detailed models of roadways, analyze the behaviour of those roadways under various load conditions, and optimize the road and <\/span><b>highway designs<\/b><span style=\"font-weight: 400;\"> for strength and stability. Urbanfeat Constructions utilizes MX Q-Road to design and analyze the roads and highways using Indian codes like IRC and MORTH.<\/span><\/p><p><span style=\"font-weight: 400;\">Our experts at Urbanfeat Constructions are well-versed in the latest version of MX Q-Road software. This version includes new features such as improved load patterns, enhanced 3D modelling capabilities, and advanced analysis techniques. With this latest version, our experts can analyze and <\/span><b>design roads<\/b><span style=\"font-weight: 400;\"> and highways faster and more accurately than ever before. This helps us to deliver construction projects on time and within budget, ensuring that our clients receive the highest quality of work. Additionally, our team can also use the updated version to create detailed models of the roadways and structures, which can be helpful for visualization and communication with the clients, making sure that the end product is exactly what they were looking for.<\/span><\/p>"}],"__globals__":{"adv_accordion_content_text_color":"globals\/colors?id=5646cc51","eael_adv_tabs_tab_toggle_color":"globals\/colors?id=5646cc51","eael_adv_tabs_tab_toggle_background_color":"globals\/colors?id=2535bd7b","eael_adv_accordion_tab_text_color":"globals\/colors?id=5646cc51","eael_adv_accordion_tab_icon_color":"globals\/colors?id=5646cc51"}},"elements":[],"isInner":false,"widgetType":"eael-adv-accordion","elType":"widget"}],"isInner":true,"elType":"column"}],"isInner":true,"elType":"section"}],"isInner":false,"elType":"column"}],"isInner":false,"elType":"section"},{"id":"17791db6","settings":{"background_position":"center center","background_repeat":"no-repeat","background_size":"cover","padding":{"unit":"px","top":"104","right":"0","bottom":"104","left":"0","isLinked":""},"padding_tablet":{"unit":"px","top":"80","right":"40","bottom":"80","left":"40","isLinked":""},"padding_mobile":{"unit":"px","top":"80","right":"24","bottom":"64","left":"24","isLinked":""},"gap":"no","hide_desktop":"hidden-desktop","hide_tablet":"hidden-tablet","hide_mobile":"hidden-mobile"},"elements":[{"id":"48b8c99b","settings":{"_column_size":"100"},"elements":[{"id":"41e22891","settings":{"title":"Our Expert Team","typography_font_size_mobile":{"unit":"px","size":""},"typography_font_size_tablet":{"unit":"px","size":""}},"elements":[],"isInner":false,"widgetType":"heading","elType":"widget"},{"id":"6f65dbd8","settings":{"width":{"unit":"px","size":"64","sizes":[]},"text":"Divider","weight":{"unit":"px","size":"4","sizes":[]},"gap":{"unit":"px","size":"0","sizes":[]},"__globals__":{"color":"globals\/colors?id=astglobalcolor0"}},"elements":[],"isInner":false,"widgetType":"divider","elType":"widget"},{"id":"d35cbd8","settings":{"editor":"<p>You can use these sections to highlight the features of heading. Use these paragraphs to focus on the topic you want. Make sure you keep it short, attractive.<\/p>","typography_font_size":{"unit":"px","size":""},"typography_line_height":{"unit":"em","size":""},"_margin_mobile":{"unit":"px","top":"0","right":"0","bottom":"0","left":"0","isLinked":""},"_margin":{"unit":"%","top":"0","right":"50","bottom":"0","left":"0","isLinked":""},"_margin_tablet":{"unit":"%","top":"0","right":"32","bottom":"0","left":"0","isLinked":""}},"elements":[],"isInner":false,"widgetType":"text-editor","elType":"widget"},{"id":"6dcd21f0","settings":{"gap":"no","structure":"30","margin":{"unit":"px","top":"16","right":"0","bottom":"0","left":"0","isLinked":""}},"elements":[{"id":"3587815d","settings":{"_column_size":"33","margin_mobile":{"unit":"px","top":"0","right":"0","bottom":"40","left":"0","isLinked":""},"margin":{"unit":"px","top":"0","right":"10","bottom":"0","left":"10","isLinked":false}},"elements":[{"id":"6648f772","settings":{"image":{"id":2138,"url":"https:\/\/urbanfeatconstruction.com\/wp-content\/uploads\/2022\/10\/meeting-business-architect-2284501.jpg","alt":"meeting, business, architect-2284501.jpg","source":"library"},"image_size":"full","image_box_shadow_box_shadow_type":"yes","image_box_shadow_box_shadow":{"horizontal":"0","vertical":"64","blur":"80","spread":"-48","color":"rgba(0, 0, 0, 0.24)"},"css_filters_css_filter":"custom","css_filters_brightness":{"unit":"px","size":"88","sizes":[]},"css_filters_contrast":{"unit":"px","size":"88","sizes":[]},"css_filters_saturate":{"unit":"px","size":"80","sizes":[]},"css_filters_hover_css_filter":"custom","background_hover_transition":{"unit":"px","size":"0.2","sizes":[]}},"elements":[],"isInner":false,"widgetType":"image","elType":"widget"},{"id":"36c60c80","settings":{"image":{"url":"","id":""},"title_text":"Architect","description_text":"","title_bottom_space":{"unit":"px","size":"8","sizes":[]},"description_typography_font_size":{"unit":"em","size":"","sizes":[]},"title_size":"h4","_margin":{"unit":"px","top":"15","right":"0","bottom":"0","left":"0","isLinked":false}},"elements":[],"isInner":false,"widgetType":"image-box","elType":"widget"}],"isInner":"1","elType":"column"},{"id":"6af7337a","settings":{"_column_size":"33","margin_mobile":{"unit":"px","top":"0","right":"0","bottom":"40","left":"0","isLinked":""},"margin":{"unit":"px","top":"0","right":"10","bottom":"0","left":"10","isLinked":false}},"elements":[{"id":"3325405d","settings":{"image":{"id":2145,"url":"https:\/\/urbanfeatconstruction.com\/wp-content\/uploads\/2022\/10\/expression-industry-worker-3174967.jpg","alt":"expression, industry, worker-3174967.jpg","source":"library"},"image_size":"full","image_box_shadow_box_shadow_type":"yes","image_box_shadow_box_shadow":{"horizontal":"0","vertical":"64","blur":"80","spread":"-48","color":"rgba(0, 0, 0, 0.24)"},"css_filters_css_filter":"custom","css_filters_brightness":{"unit":"px","size":"88","sizes":[]},"css_filters_contrast":{"unit":"px","size":"88","sizes":[]},"css_filters_saturate":{"unit":"px","size":"80","sizes":[]},"css_filters_hover_css_filter":"custom","background_hover_transition":{"unit":"px","size":"0.2","sizes":[]}},"elements":[],"isInner":false,"widgetType":"image","elType":"widget"},{"id":"5a68a4ad","settings":{"image":{"url":"","id":""},"title_text":"Construction Supervisor","description_text":"","title_bottom_space":{"unit":"px","size":"8","sizes":[]},"description_typography_font_size":{"unit":"em","size":"","sizes":[]},"title_size":"h4","_margin":{"unit":"px","top":"15","right":"0","bottom":"0","left":"0","isLinked":false}},"elements":[],"isInner":false,"widgetType":"image-box","elType":"widget"}],"isInner":"1","elType":"column"},{"id":"f8fc3f8","settings":{"_column_size":"33"},"elements":[{"id":"1b96f63d","settings":{"image":{"id":2149,"url":"https:\/\/urbanfeatconstruction.com\/wp-content\/uploads\/2022\/10\/dining-room-living-room-modern-3108037.jpg","alt":"dining room, living room, modern-3108037.jpg","source":"library"},"image_size":"full","image_box_shadow_box_shadow_type":"yes","image_box_shadow_box_shadow":{"horizontal":"0","vertical":"64","blur":"80","spread":"-48","color":"rgba(0, 0, 0, 0.24)"},"css_filters_css_filter":"custom","css_filters_brightness":{"unit":"px","size":"88","sizes":[]},"css_filters_contrast":{"unit":"px","size":"88","sizes":[]},"css_filters_saturate":{"unit":"px","size":"80","sizes":[]},"css_filters_hover_css_filter":"custom","background_hover_transition":{"unit":"px","size":"0.2","sizes":[]}},"elements":[],"isInner":false,"widgetType":"image","elType":"widget"},{"id":"1334568a","settings":{"image":{"url":"","id":""},"title_text":"Interior Designer","description_text":"","title_bottom_space":{"unit":"px","size":"8","sizes":[]},"description_typography_font_size":{"unit":"em","size":"","sizes":[]},"title_size":"h4","_margin":{"unit":"px","top":"15","right":"0","bottom":"0","left":"0","isLinked":false}},"elements":[],"isInner":false,"widgetType":"image-box","elType":"widget"}],"isInner":"1","elType":"column"}],"isInner":"1","elType":"section"}],"isInner":"","elType":"column"}],"isInner":"","elType":"section"},{"id":"6e902f5e","settings":{"content_width":{"unit":"px","size":"800","sizes":[]},"gap":"no","background_background":"classic","background_image":{"id":"1769","url":"https:\/\/urbanfeatconstruction.com\/wp-content\/uploads\/2020\/08\/CTA-bg-1.jpg"},"background_position":"top center","background_attachment":"fixed","background_repeat":"no-repeat","background_size":"cover","background_overlay_background":"classic","margin":{"unit":"px","top":"","right":"0","bottom":"","left":"0","isLinked":"1"},"padding":{"unit":"px","top":"104","right":"0","bottom":"0","left":"0","isLinked":""},"z_index":"1","__globals__":{"background_overlay_color":"globals\/colors?id=astglobalcolor2"}},"elements":[{"id":"3298943f","settings":{"_column_size":"100"},"elements":[{"id":"668596ae","settings":{"width":{"unit":"px","size":"64","sizes":[]},"text":"Divider","weight":{"unit":"px","size":"4","sizes":[]},"gap":{"unit":"px","size":"0","sizes":[]},"align":"center","__globals__":{"color":"globals\/colors?id=astglobalcolor0"}},"elements":[],"isInner":false,"widgetType":"divider","elType":"widget"},{"id":"74f10530","settings":{"title":"We Provide the Best Service in Industry\u200b","align":"center","__globals__":{"title_color":"globals\/colors?id=astglobalcolor5"}},"elements":[],"isInner":false,"widgetType":"heading","elType":"widget"},{"id":"1384e56f","settings":{"editor":"Add a line that tells users how easily they can get in touch with you","typography_font_size":{"unit":"px","size":""},"typography_line_height":{"unit":"em","size":""},"align_mobile":"center","_margin_mobile":{"unit":"px","top":"15","right":"15","bottom":"15","left":"15","isLinked":"1"},"align":"center","_margin":{"unit":"px","top":"0","right":"72","bottom":"0","left":"72","isLinked":""},"__globals__":{"text_color":"globals\/colors?id=astglobalcolor4"}},"elements":[],"isInner":false,"widgetType":"text-editor","elType":"widget"},{"id":"75614c62","settings":{"text":"Contact Us Today","align":"center","selected_icon":{"value":{"id":"1766","url":"https:\/\/urbanfeatconstruction.com\/wp-content\/uploads\/2020\/08\/arrow-right-solid.svg"},"library":"svg"},"icon_align":"right","icon_indent":{"unit":"px","size":"16","sizes":[]},"button_box_shadow_box_shadow_type":"yes","button_box_shadow_box_shadow":{"horizontal":"0","vertical":"16","blur":"32","spread":"-16","color":"rgba(255, 94, 20, 0.64)"},"_margin":{"unit":"px","top":"40","right":"0","bottom":"-24","left":"0","isLinked":""},"__globals__":{"button_text_color":"globals\/colors?id=astglobalcolor5"},"_css_classes":"popmake-2252"},"elements":[],"isInner":false,"widgetType":"button","elType":"widget"}],"isInner":"","elType":"column"}],"isInner":"","elType":"section"}],"page_settings":{"background_background":"classic","background_color":"#ffffff","astra_sites_main_color":"var(--ast-global-color-0)","astra_sites_heading_base_color":"var(--ast-global-color-2)","astra_sites_link_color":"var(--ast-global-color-0)","astra_sites_link_hover_color":"var(--ast-global-color-1)","astra_sites_text_color":"var(--ast-global-color-3)","astra_sites_body_typography":"custom","astra_sites_body_font_size":{"unit":"px","size":16},"astra_sites_body_font_family":"Open Sans","astra_sites_body_font_weight":"400","astra_sites_heading_1_typography":"custom","astra_sites_heading_1_font_size":{"unit":"px","size":72},"astra_sites_heading_1_font_size_tablet":{"unit":"px","size":48},"astra_sites_heading_1_font_size_mobile":{"unit":"px","size":36},"astra_sites_default_heading_font_family":"'Barlow', sans-serif","astra_sites_heading_1_font_family":"'Barlow'","astra_sites_heading_1_font_weight":"600","astra_sites_heading_2_typography":"custom","astra_sites_heading_2_font_size":{"unit":"px","size":40},"astra_sites_heading_2_font_size_tablet":{"unit":"px","size":32},"astra_sites_heading_2_font_size_mobile":{"unit":"px","size":32},"astra_sites_heading_2_font_family":"'Barlow'","astra_sites_heading_2_font_weight":"600","astra_sites_heading_3_typography":"custom","astra_sites_heading_3_font_size":{"unit":"px","size":32},"astra_sites_heading_3_font_size_tablet":{"unit":"px","size":28},"astra_sites_heading_3_font_size_mobile":{"unit":"px","size":28},"astra_sites_heading_3_font_family":"'Barlow'","astra_sites_heading_3_font_weight":"600","astra_sites_heading_4_typography":"custom","astra_sites_heading_4_font_size":{"unit":"px","size":24},"astra_sites_heading_4_font_size_tablet":{"unit":"px","size":24},"astra_sites_heading_4_font_size_mobile":{"unit":"px","size":22},"astra_sites_heading_4_font_family":"'Barlow'","astra_sites_heading_4_font_weight":"600","astra_sites_heading_4_text_transform":"capitalize","astra_sites_heading_5_typography":"custom","astra_sites_heading_5_font_size":{"unit":"px","size":20},"astra_sites_heading_5_font_size_tablet":{"unit":"px","size":20},"astra_sites_heading_5_font_size_mobile":{"unit":"px","size":18},"astra_sites_heading_5_font_family":"'Barlow'","astra_sites_heading_5_font_weight":"600","astra_sites_heading_5_text_transform":"capitalize","astra_sites_heading_6_typography":"custom","astra_sites_heading_6_font_size":{"unit":"px","size":14},"astra_sites_heading_6_font_size_tablet":{"unit":"px","size":13},"astra_sites_heading_6_font_size_mobile":{"unit":"px","size":12},"astra_sites_heading_6_font_family":"'Barlow'","astra_sites_heading_6_font_weight":"600","astra_sites_heading_6_text_transform":"capitalize","astra_sites_page_setting_enable":"","eael_ext_toc_title":"Table of Contents"},"version":"0.4","title":"engineering page","type":"page"}